{"v":"5.9.6","fr":25,"ip":0,"op":75,"w":500,"h":500,"nm":"08 Biogas","ddd":0,"assets":[],"layers":[{"ddd":0,"ind":1,"ty":3,"nm":"Main Stroke width - Color Ctrl","parent":8,"sr":1,"ks":{"o":{"a":0,"k":0,"ix":11},"r":{"a":0,"k":0,"ix":10},"p":{"a":0,"k":[0,0,0],"ix":2,"l":2},"a":{"a":0,"k":[50,50,0],"ix":1,"l":2},"s":{"a":0,"k":[100,100,100],"ix":6,"l":2}},"ao":0,"ef":[{"ty":5,"nm":"Stroke width","np":3,"mn":"ADBE Slider Control","ix":1,"en":1,"ef":[{"ty":0,"nm":"Slider","mn":"ADBE Slider Control-0001","ix":1,"v":{"a":0,"k":16,"ix":1}}]},{"ty":5,"nm":"color","np":3,"mn":"ADBE Color Control","ix":2,"en":1,"ef":[{"ty":2,"nm":"Color","mn":"ADBE Color Control-0001","ix":1,"v":{"a":0,"k":[0.019607843831,0.164705887437,0.458823531866,1],"ix":1}}]},{"ty":5,"nm":"highlight","np":3,"mn":"ADBE Color Control","ix":3,"en":1,"ef":[{"ty":2,"nm":"Color","mn":"ADBE Color Control-0001","ix":1,"v":{"a":0,"k":[0.984313726425,0.78823530674,0.313725501299,1],"ix":1}}]}],"ip":0,"op":75,"st":0,"bm":0},{"ddd":0,"ind":2,"ty":4,"nm":"Can","parent":1,"sr":1,"ks":{"o":{"a":0,"k":100,"ix":11},"r":{"a":0,"k":0,"ix":10},"p":{"a":1,"k":[{"i":{"x":0.667,"y":1},"o":{"x":0.333,"y":0},"t":3,"s":[50,237.425,0],"to":[0,-3,0],"ti":[0,-6.5,0]},{"i":{"x":0.667,"y":1},"o":{"x":0.333,"y":0},"t":9,"s":[50,219.425,0],"to":[0,6.5,0],"ti":[0,-9.5,0]},{"i":{"x":0.667,"y":0.667},"o":{"x":0.333,"y":0.333},"t":14,"s":[50,276.425,0],"to":[0,0,0],"ti":[0,0,0]},{"i":{"x":0.667,"y":1},"o":{"x":0.333,"y":0},"t":53,"s":[50,276.425,0],"to":[0,-9.5,0],"ti":[0,6.5,0]},{"i":{"x":0.667,"y":1},"o":{"x":0.333,"y":0},"t":63,"s":[50,219.425,0],"to":[0,-6.5,0],"ti":[0,-3,0]},{"t":72,"s":[50,237.425,0]}],"ix":2,"l":2},"a":{"a":0,"k":[0,187.425,0],"ix":1,"l":2},"s":{"a":0,"k":[100,100,100],"ix":6,"l":2}},"ao":0,"shapes":[{"ty":"gr","it":[{"ind":0,"ty":"sh","ix":1,"ks":{"a":1,"k":[{"i":{"x":0.667,"y":1},"o":{"x":0.333,"y":0},"t":3,"s":[{"i":[[0,0],[0,0]],"o":[[0,0],[0,0]],"v":[[-116.654,69.993],[-81.658,69.993]],"c":false}]},{"i":{"x":0.667,"y":1},"o":{"x":0.333,"y":0},"t":9,"s":[{"i":[[0,0],[0,0]],"o":[[0,0],[0,0]],"v":[[-116.496,52.993],[-81.5,52.993]],"c":false}]},{"i":{"x":0.667,"y":1},"o":{"x":0.333,"y":0},"t":14,"s":[{"i":[[0,0],[0,0]],"o":[[0,0],[0,0]],"v":[[-116.813,79.993],[-81.816,79.993]],"c":false}]},{"i":{"x":0.667,"y":1},"o":{"x":0.333,"y":0},"t":18,"s":[{"i":[[0,0],[0,0]],"o":[[0,0],[0,0]],"v":[[-116.654,69.993],[-81.658,69.993]],"c":false}]},{"i":{"x":0.667,"y":1},"o":{"x":0.167,"y":0},"t":53,"s":[{"i":[[0,0],[0,0]],"o":[[0,0],[0,0]],"v":[[-116.654,69.993],[-81.658,69.993]],"c":false}]},{"i":{"x":0.667,"y":1},"o":{"x":0.333,"y":0},"t":63,"s":[{"i":[[0,0],[0,0]],"o":[[0,0],[0,0]],"v":[[-116.496,52.993],[-81.5,52.993]],"c":false}]},{"t":72,"s":[{"i":[[0,0],[0,0]],"o":[[0,0],[0,0]],"v":[[-116.654,69.993],[-81.658,69.993]],"c":false}]}],"ix":2},"nm":"Path 1","mn":"ADBE Vector Shape - Group","hd":false},{"ind":1,"ty":"sh","ix":2,"ks":{"a":1,"k":[{"i":{"x":0.667,"y":1},"o":{"x":0.333,"y":0},"t":3,"s":[{"i":[[0,0],[0,0]],"o":[[0,0],[0,0]],"v":[[81.658,69.993],[116.654,69.993]],"c":false}]},{"i":{"x":0.667,"y":1},"o":{"x":0.333,"y":0},"t":9,"s":[{"i":[[0,0],[0,0]],"o":[[0,0],[0,0]],"v":[[81.816,52.993],[116.813,52.993]],"c":false}]},{"i":{"x":0.667,"y":1},"o":{"x":0.333,"y":0},"t":14,"s":[{"i":[[0,0],[0,0]],"o":[[0,0],[0,0]],"v":[[81.5,79.993],[116.496,79.993]],"c":false}]},{"i":{"x":0.667,"y":1},"o":{"x":0.333,"y":0},"t":18,"s":[{"i":[[0,0],[0,0]],"o":[[0,0],[0,0]],"v":[[81.658,69.993],[116.654,69.993]],"c":false}]},{"i":{"x":0.667,"y":1},"o":{"x":0.167,"y":0},"t":53,"s":[{"i":[[0,0],[0,0]],"o":[[0,0],[0,0]],"v":[[81.658,69.993],[116.654,69.993]],"c":false}]},{"i":{"x":0.667,"y":1},"o":{"x":0.333,"y":0},"t":63,"s":[{"i":[[0,0],[0,0]],"o":[[0,0],[0,0]],"v":[[81.816,52.993],[116.813,52.993]],"c":false}]},{"t":72,"s":[{"i":[[0,0],[0,0]],"o":[[0,0],[0,0]],"v":[[81.658,69.993],[116.654,69.993]],"c":false}]}],"ix":2},"nm":"Path 2","mn":"ADBE Vector Shape - Group","hd":false},{"ind":2,"ty":"sh","ix":3,"ks":{"a":1,"k":[{"i":{"x":0.667,"y":1},"o":{"x":0.333,"y":0},"t":3,"s":[{"i":[[0,0],[0,0]],"o":[[0,0],[0,0]],"v":[[81.658,-47.439],[116.654,-47.439]],"c":false}]},{"i":{"x":0.667,"y":1},"o":{"x":0.333,"y":0},"t":9,"s":[{"i":[[0,0],[0,0]],"o":[[0,0],[0,0]],"v":[[81.816,-64.439],[116.813,-64.439]],"c":false}]},{"i":{"x":0.667,"y":1},"o":{"x":0.333,"y":0},"t":14,"s":[{"i":[[0,0],[0,0]],"o":[[0,0],[0,0]],"v":[[81.5,-37.439],[116.496,-37.439]],"c":false}]},{"i":{"x":0.667,"y":1},"o":{"x":0.333,"y":0},"t":18,"s":[{"i":[[0,0],[0,0]],"o":[[0,0],[0,0]],"v":[[81.658,-47.439],[116.654,-47.439]],"c":false}]},{"i":{"x":0.667,"y":1},"o":{"x":0.167,"y":0},"t":53,"s":[{"i":[[0,0],[0,0]],"o":[[0,0],[0,0]],"v":[[81.658,-47.439],[116.654,-47.439]],"c":false}]},{"i":{"x":0.667,"y":1},"o":{"x":0.333,"y":0},"t":63,"s":[{"i":[[0,0],[0,0]],"o":[[0,0],[0,0]],"v":[[81.816,-64.439],[116.813,-64.439]],"c":false}]},{"t":72,"s":[{"i":[[0,0],[0,0]],"o":[[0,0],[0,0]],"v":[[81.658,-47.439],[116.654,-47.439]],"c":false}]}],"ix":2},"nm":"Path 3","mn":"ADBE Vector Shape - Group","hd":false},{"ind":3,"ty":"sh","ix":4,"ks":{"a":1,"k":[{"i":{"x":0.667,"y":1},"o":{"x":0.333,"y":0},"t":3,"s":[{"i":[[0,0],[0,0]],"o":[[0,0],[0,0]],"v":[[-116.654,-47.439],[-81.658,-47.439]],"c":false}]},{"i":{"x":0.667,"y":1},"o":{"x":0.333,"y":0},"t":9,"s":[{"i":[[0,0],[0,0]],"o":[[0,0],[0,0]],"v":[[-116.496,-64.439],[-81.5,-64.439]],"c":false}]},{"i":{"x":0.667,"y":1},"o":{"x":0.333,"y":0},"t":14,"s":[{"i":[[0,0],[0,0]],"o":[[0,0],[0,0]],"v":[[-116.813,-37.439],[-81.816,-37.439]],"c":false}]},{"i":{"x":0.667,"y":1},"o":{"x":0.333,"y":0},"t":18,"s":[{"i":[[0,0],[0,0]],"o":[[0,0],[0,0]],"v":[[-116.654,-47.439],[-81.658,-47.439]],"c":false}]},{"i":{"x":0.667,"y":1},"o":{"x":0.167,"y":0},"t":53,"s":[{"i":[[0,0],[0,0]],"o":[[0,0],[0,0]],"v":[[-116.654,-47.439],[-81.658,-47.439]],"c":false}]},{"i":{"x":0.667,"y":1},"o":{"x":0.333,"y":0},"t":63,"s":[{"i":[[0,0],[0,0]],"o":[[0,0],[0,0]],"v":[[-116.496,-64.439],[-81.5,-64.439]],"c":false}]},{"t":72,"s":[{"i":[[0,0],[0,0]],"o":[[0,0],[0,0]],"v":[[-116.654,-47.439],[-81.658,-47.439]],"c":false}]}],"ix":2},"nm":"Path 4","mn":"ADBE Vector Shape - Group","hd":false},{"ind":4,"ty":"sh","ix":5,"ks":{"a":1,"k":[{"i":{"x":0.667,"y":1},"o":{"x":0.333,"y":0},"t":3,"s":[{"i":[[0,0],[0,0]],"o":[[0,0],[0,0]],"v":[[0,-117.432],[0,-152.429]],"c":false}]},{"i":{"x":0.667,"y":1},"o":{"x":0.333,"y":0},"t":9,"s":[{"i":[[0,0],[0,0]],"o":[[0,0],[0,0]],"v":[[0,-117.432],[0,-158.429]],"c":false}]},{"i":{"x":0.667,"y":1},"o":{"x":0.333,"y":0},"t":14,"s":[{"i":[[0,0],[0,0]],"o":[[0,0],[0,0]],"v":[[0,-117.432],[0,-152.429]],"c":false}]},{"i":{"x":0.667,"y":1},"o":{"x":0.333,"y":0},"t":18,"s":[{"i":[[0,0],[0,0]],"o":[[0,0],[0,0]],"v":[[0,-117.432],[0,-152.429]],"c":false}]},{"i":{"x":0.667,"y":1},"o":{"x":0.167,"y":0},"t":53,"s":[{"i":[[0,0],[0,0]],"o":[[0,0],[0,0]],"v":[[0,-117.432],[0,-152.429]],"c":false}]},{"i":{"x":0.667,"y":1},"o":{"x":0.333,"y":0},"t":63,"s":[{"i":[[0,0],[0,0]],"o":[[0,0],[0,0]],"v":[[0,-117.432],[0,-158.429]],"c":false}]},{"t":72,"s":[{"i":[[0,0],[0,0]],"o":[[0,0],[0,0]],"v":[[0,-117.432],[0,-152.429]],"c":false}]}],"ix":2},"nm":"Path 5","mn":"ADBE Vector Shape - Group","hd":false},{"ind":5,"ty":"sh","ix":6,"ks":{"a":1,"k":[{"i":{"x":0.667,"y":1},"o":{"x":0.333,"y":0},"t":3,"s":[{"i":[[0,0],[0,0]],"o":[[0,0],[0,0]],"v":[[-81.658,-187.425],[81.658,-187.425]],"c":false}]},{"i":{"x":0.667,"y":1},"o":{"x":0.333,"y":0},"t":9,"s":[{"i":[[0,0],[0,0]],"o":[[0,0],[0,0]],"v":[[-81.5,-197.425],[81.816,-197.425]],"c":false}]},{"i":{"x":0.667,"y":1},"o":{"x":0.333,"y":0},"t":14,"s":[{"i":[[0,0],[0,0]],"o":[[0,0],[0,0]],"v":[[-81.5,-180.925],[81.816,-180.925]],"c":false}]},{"i":{"x":0.667,"y":1},"o":{"x":0.333,"y":0},"t":18,"s":[{"i":[[0,0],[0,0]],"o":[[0,0],[0,0]],"v":[[-81.658,-187.425],[81.658,-187.425]],"c":false}]},{"i":{"x":0.667,"y":1},"o":{"x":0.167,"y":0},"t":53,"s":[{"i":[[0,0],[0,0]],"o":[[0,0],[0,0]],"v":[[-81.658,-187.425],[81.658,-187.425]],"c":false}]},{"i":{"x":0.667,"y":1},"o":{"x":0.333,"y":0},"t":63,"s":[{"i":[[0,0],[0,0]],"o":[[0,0],[0,0]],"v":[[-81.5,-197.425],[81.816,-197.425]],"c":false}]},{"t":72,"s":[{"i":[[0,0],[0,0]],"o":[[0,0],[0,0]],"v":[[-81.658,-187.425],[81.658,-187.425]],"c":false}]}],"ix":2},"nm":"Path 6","mn":"ADBE Vector Shape - Group","hd":false},{"ind":6,"ty":"sh","ix":7,"ks":{"a":1,"k":[{"i":{"x":0.667,"y":1},"o":{"x":0.333,"y":0},"t":3,"s":[{"i":[[0,0],[0,0]],"o":[[0,0],[0,0]],"v":[[46.662,-117.432],[46.662,-187.425]],"c":false}]},{"i":{"x":0.667,"y":1},"o":{"x":0.333,"y":0},"t":9,"s":[{"i":[[0,0],[0,0]],"o":[[0,0],[0,0]],"v":[[46.662,-117.432],[46.82,-197.425]],"c":false}]},{"i":{"x":0.667,"y":1},"o":{"x":0.333,"y":0},"t":14,"s":[{"i":[[0,0],[0,0]],"o":[[0,0],[0,0]],"v":[[46.662,-117.432],[46.82,-180.925]],"c":false}]},{"i":{"x":0.667,"y":1},"o":{"x":0.333,"y":0},"t":18,"s":[{"i":[[0,0],[0,0]],"o":[[0,0],[0,0]],"v":[[46.662,-117.432],[46.662,-187.425]],"c":false}]},{"i":{"x":0.667,"y":1},"o":{"x":0.167,"y":0},"t":53,"s":[{"i":[[0,0],[0,0]],"o":[[0,0],[0,0]],"v":[[46.662,-117.432],[46.662,-187.425]],"c":false}]},{"i":{"x":0.667,"y":1},"o":{"x":0.333,"y":0},"t":63,"s":[{"i":[[0,0],[0,0]],"o":[[0,0],[0,0]],"v":[[46.662,-117.432],[46.82,-197.425]],"c":false}]},{"t":72,"s":[{"i":[[0,0],[0,0]],"o":[[0,0],[0,0]],"v":[[46.662,-117.432],[46.662,-187.425]],"c":false}]}],"ix":2},"nm":"Path 7","mn":"ADBE Vector Shape - Group","hd":false},{"ind":7,"ty":"sh","ix":8,"ks":{"a":1,"k":[{"i":{"x":0.667,"y":1},"o":{"x":0.333,"y":0},"t":3,"s":[{"i":[[0,0],[0,0]],"o":[[0,0],[0,0]],"v":[[-46.662,-187.425],[-46.662,-117.432]],"c":false}]},{"i":{"x":0.667,"y":1},"o":{"x":0.333,"y":0},"t":9,"s":[{"i":[[0,0],[0,0]],"o":[[0,0],[0,0]],"v":[[-46.504,-197.425],[-46.662,-117.432]],"c":false}]},{"i":{"x":0.667,"y":1},"o":{"x":0.333,"y":0},"t":14,"s":[{"i":[[0,0],[0,0]],"o":[[0,0],[0,0]],"v":[[-46.504,-180.925],[-46.662,-117.432]],"c":false}]},{"i":{"x":0.667,"y":1},"o":{"x":0.333,"y":0},"t":18,"s":[{"i":[[0,0],[0,0]],"o":[[0,0],[0,0]],"v":[[-46.662,-187.425],[-46.662,-117.432]],"c":false}]},{"i":{"x":0.667,"y":1},"o":{"x":0.167,"y":0},"t":53,"s":[{"i":[[0,0],[0,0]],"o":[[0,0],[0,0]],"v":[[-46.662,-187.425],[-46.662,-117.432]],"c":false}]},{"i":{"x":0.667,"y":1},"o":{"x":0.333,"y":0},"t":63,"s":[{"i":[[0,0],[0,0]],"o":[[0,0],[0,0]],"v":[[-46.504,-197.425],[-46.662,-117.432]],"c":false}]},{"t":72,"s":[{"i":[[0,0],[0,0]],"o":[[0,0],[0,0]],"v":[[-46.662,-187.425],[-46.662,-117.432]],"c":false}]}],"ix":2},"nm":"Path 8","mn":"ADBE Vector Shape - Group","hd":false},{"ind":8,"ty":"sh","ix":9,"ks":{"a":1,"k":[{"i":{"x":0.667,"y":1},"o":{"x":0.333,"y":0},"t":3,"s":[{"i":[[0,0],[0,0],[0,0],[0,0]],"o":[[0,0],[0,0],[0,0],[0,0]],"v":[[-69.993,140.763],[-69.993,187.425],[69.993,187.425],[69.993,140.763]],"c":false}]},{"i":{"x":0.667,"y":1},"o":{"x":0.333,"y":0},"t":9,"s":[{"i":[[0,0],[0,0],[0,0],[0,0]],"o":[[0,0],[0,0],[0,0],[0,0]],"v":[[-69.986,131.263],[-69.993,187.425],[69.993,187.425],[69.986,130.763]],"c":false}]},{"i":{"x":0.667,"y":1},"o":{"x":0.333,"y":0},"t":14,"s":[{"i":[[0,0],[0,0],[0,0],[0,0]],"o":[[0,0],[0,0],[0,0],[0,0]],"v":[[-69.993,140.763],[-69.993,187.425],[69.993,187.425],[69.993,140.763]],"c":false}]},{"i":{"x":0.667,"y":1},"o":{"x":0.333,"y":0},"t":18,"s":[{"i":[[0,0],[0,0],[0,0],[0,0]],"o":[[0,0],[0,0],[0,0],[0,0]],"v":[[-69.993,140.763],[-69.993,187.425],[69.993,187.425],[69.993,140.763]],"c":false}]},{"i":{"x":0.667,"y":1},"o":{"x":0.167,"y":0},"t":53,"s":[{"i":[[0,0],[0,0],[0,0],[0,0]],"o":[[0,0],[0,0],[0,0],[0,0]],"v":[[-69.993,140.763],[-69.993,187.425],[69.993,187.425],[69.993,140.763]],"c":false}]},{"i":{"x":0.667,"y":1},"o":{"x":0.333,"y":0},"t":63,"s":[{"i":[[0,0],[0,0],[0,0],[0,0]],"o":[[0,0],[0,0],[0,0],[0,0]],"v":[[-69.986,131.263],[-69.993,187.425],[69.993,187.425],[69.986,130.763]],"c":false}]},{"t":72,"s":[{"i":[[0,0],[0,0],[0,0],[0,0]],"o":[[0,0],[0,0],[0,0],[0,0]],"v":[[-69.993,140.763],[-69.993,187.425],[69.993,187.425],[69.993,140.763]],"c":false}]}],"ix":2},"nm":"Path 9","mn":"ADBE Vector Shape - Group","hd":false},{"ind":9,"ty":"sh","ix":10,"ks":{"a":1,"k":[{"i":{"x":0.667,"y":1},"o":{"x":0.333,"y":0},"t":3,"s":[{"i":[[25.771,0],[0,0],[0,25.771],[0,0],[-25.771,0],[0,0],[0,-25.771],[0,0]],"o":[[0,0],[-25.771,0],[0,0],[0,-25.771],[0,0],[25.771,0],[0,0],[0,25.771]],"v":[[69.993,140.763],[-69.993,140.763],[-116.654,93.324],[-116.654,-70.77],[-69.993,-117.432],[69.993,-117.432],[116.654,-70.77],[116.654,93.324]],"c":true}]},{"i":{"x":0.667,"y":1},"o":{"x":0.333,"y":0},"t":9,"s":[{"i":[[25.771,0],[0,0],[0,25.771],[0,0],[-25.771,0],[0,0],[0,-25.771],[0,0]],"o":[[0,0],[-25.771,0],[0,0],[0,-25.771],[0,0],[25.771,0],[0,0],[0,25.771]],"v":[[69.986,130.763],[-69.986,130.763],[-116.654,93.324],[-116.654,-70.77],[-69.993,-117.432],[69.993,-117.432],[116.654,-70.77],[116.654,93.324]],"c":true}]},{"i":{"x":0.667,"y":1},"o":{"x":0.333,"y":0},"t":14,"s":[{"i":[[25.771,0],[0,0],[0,25.771],[0,0],[-25.771,0],[0,0],[0,-25.771],[0,0]],"o":[[0,0],[-25.771,0],[0,0],[0,-25.771],[0,0],[25.771,0],[0,0],[0,25.771]],"v":[[69.993,140.763],[-69.993,140.763],[-116.654,93.324],[-116.654,-70.77],[-69.993,-117.432],[69.993,-117.432],[116.654,-70.77],[116.654,93.324]],"c":true}]},{"i":{"x":0.667,"y":1},"o":{"x":0.333,"y":0},"t":18,"s":[{"i":[[25.771,0],[0,0],[0,25.771],[0,0],[-25.771,0],[0,0],[0,-25.771],[0,0]],"o":[[0,0],[-25.771,0],[0,0],[0,-25.771],[0,0],[25.771,0],[0,0],[0,25.771]],"v":[[69.993,140.763],[-69.993,140.763],[-116.654,93.324],[-116.654,-70.77],[-69.993,-117.432],[69.993,-117.432],[116.654,-70.77],[116.654,93.324]],"c":true}]},{"i":{"x":0.667,"y":1},"o":{"x":0.167,"y":0},"t":53,"s":[{"i":[[25.771,0],[0,0],[0,25.771],[0,0],[-25.771,0],[0,0],[0,-25.771],[0,0]],"o":[[0,0],[-25.771,0],[0,0],[0,-25.771],[0,0],[25.771,0],[0,0],[0,25.771]],"v":[[69.993,140.763],[-69.993,140.763],[-116.654,93.324],[-116.654,-70.77],[-69.993,-117.432],[69.993,-117.432],[116.654,-70.77],[116.654,93.324]],"c":true}]},{"i":{"x":0.667,"y":1},"o":{"x":0.333,"y":0},"t":63,"s":[{"i":[[25.771,0],[0,0],[0,25.771],[0,0],[-25.771,0],[0,0],[0,-25.771],[0,0]],"o":[[0,0],[-25.771,0],[0,0],[0,-25.771],[0,0],[25.771,0],[0,0],[0,25.771]],"v":[[69.986,130.763],[-69.986,130.763],[-116.654,93.324],[-116.654,-70.77],[-69.993,-117.432],[69.993,-117.432],[116.654,-70.77],[116.654,93.324]],"c":true}]},{"t":72,"s":[{"i":[[25.771,0],[0,0],[0,25.771],[0,0],[-25.771,0],[0,0],[0,-25.771],[0,0]],"o":[[0,0],[-25.771,0],[0,0],[0,-25.771],[0,0],[25.771,0],[0,0],[0,25.771]],"v":[[69.993,140.763],[-69.993,140.763],[-116.654,93.324],[-116.654,-70.77],[-69.993,-117.432],[69.993,-117.432],[116.654,-70.77],[116.654,93.324]],"c":true}]}],"ix":2},"nm":"Path 10","mn":"ADBE Vector Shape - Group","hd":false},{"ty":"st","c":{"a":0,"k":[0.019607843831,0.164705887437,0.458823531866,1],"ix":3,"x":"var $bm_rt;\n$bm_rt = thisComp.layer('Main Stroke width - Color Ctrl').effect('color')('Color');"},"o":{"a":0,"k":100,"ix":4},"w":{"a":0,"k":16,"ix":5,"x":"var $bm_rt;\n$bm_rt = thisComp.layer('Main Stroke width - Color Ctrl').effect('Stroke width')('Slider');"},"lc":2,"lj":2,"bm":0,"nm":"Stroke 1","mn":"ADBE Vector Graphic - Stroke","hd":false},{"ty":"tr","p":{"a":0,"k":[0,0],"ix":2},"a":{"a":0,"k":[0,0],"ix":1},"s":{"a":0,"k":[100,100],"ix":3},"r":{"a":0,"k":0,"ix":6},"o":{"a":0,"k":100,"ix":7},"sk":{"a":0,"k":0,"ix":4},"sa":{"a":0,"k":0,"ix":5},"nm":"Transform"}],"nm":"Group 1","np":11,"cix":2,"bm":0,"ix":1,"mn":"ADBE Vector Group","hd":false},{"ty":"gr","it":[{"ind":0,"ty":"sh","ix":1,"ks":{"a":0,"k":{"i":[[0,10.88],[27.704,27.704],[0,-33.2],[-46.33,-23.165]],"o":[[0,-33.043],[-27.653,27.653],[0,11.124],[46.292,-23.146]],"v":[[46.662,16.421],[0,-70.77],[-46.662,16.421],[0,69.993]],"c":true},"ix":2},"nm":"Path 1","mn":"ADBE Vector Shape - Group","hd":false},{"ty":"tr","p":{"a":0,"k":[0.13,69.699],"ix":2},"a":{"a":0,"k":[0.13,69.699],"ix":1},"s":{"a":0,"k":[100,100],"ix":3},"r":{"a":1,"k":[{"i":{"x":[0.667],"y":[1]},"o":{"x":[0.333],"y":[0]},"t":0,"s":[0]},{"i":{"x":[0.667],"y":[1]},"o":{"x":[0.333],"y":[0]},"t":16,"s":[6]},{"i":{"x":[0.667],"y":[1]},"o":{"x":[0.333],"y":[0]},"t":30,"s":[-6]},{"t":42,"s":[0]}],"ix":6},"o":{"a":0,"k":100,"ix":7},"sk":{"a":0,"k":0,"ix":4},"sa":{"a":0,"k":0,"ix":5},"nm":"Transform"}],"nm":"Group 2","np":1,"cix":2,"bm":0,"ix":2,"mn":"ADBE Vector Group","hd":false},{"ty":"gr","it":[{"ind":0,"ty":"sh","ix":1,"ks":{"a":1,"k":[{"i":{"x":0.667,"y":1},"o":{"x":0.333,"y":0},"t":0,"s":[{"i":[[0,0],[0,0],[0,0],[0,0]],"o":[[0,0],[0,0],[0,0],[0,0]],"v":[[0,105.767],[0,69.5],[0,37.75],[0,-12.443]],"c":false}]},{"i":{"x":0.667,"y":1},"o":{"x":0.333,"y":0},"t":16,"s":[{"i":[[0,0],[0,0],[-0.805,10.553],[0,0]],"o":[[0,0],[0,0],[1.282,-16.811],[0,0]],"v":[[0,105.767],[0,69.5],[0,37.75],[6.25,-12.443]],"c":false}]},{"i":{"x":0.667,"y":1},"o":{"x":0.333,"y":0},"t":30,"s":[{"i":[[0,0],[0,0],[0.302,10.579],[0,0]],"o":[[0,0],[0,0],[-0.5,-17.5],[0,0]],"v":[[0,105.767],[0,69.5],[0,37.75],[-8.5,-12.386]],"c":false}]},{"t":42,"s":[{"i":[[0,0],[0,0],[0,0],[0,0]],"o":[[0,0],[0,0],[0,0],[0,0]],"v":[[0,105.767],[0,69.5],[0,37.75],[0,-12.443]],"c":false}]}],"ix":2},"nm":"Path 2","mn":"ADBE Vector Shape - Group","hd":false},{"ty":"tr","p":{"a":0,"k":[0,46.662],"ix":2},"a":{"a":0,"k":[0,46.662],"ix":1},"s":{"a":0,"k":[100,100],"ix":3},"r":{"a":0,"k":0,"ix":6},"o":{"a":0,"k":100,"ix":7},"sk":{"a":0,"k":0,"ix":4},"sa":{"a":0,"k":0,"ix":5},"nm":"Transform"}],"nm":"Group 3","np":1,"cix":2,"bm":0,"ix":3,"mn":"ADBE Vector Group","hd":false},{"ty":"st","c":{"a":0,"k":[0.019607843831,0.164705887437,0.458823531866,1],"ix":3,"x":"var $bm_rt;\n$bm_rt = thisComp.layer('Main Stroke width - Color Ctrl').effect('color')('Color');"},"o":{"a":0,"k":100,"ix":4},"w":{"a":0,"k":16,"ix":5,"x":"var $bm_rt;\n$bm_rt = thisComp.layer('Main Stroke width - Color Ctrl').effect('Stroke width')('Slider');"},"lc":2,"lj":2,"bm":0,"nm":"Stroke 1","mn":"ADBE Vector Graphic - Stroke","hd":false}],"ip":0,"op":75,"st":0,"ct":1,"bm":0},{"ddd":0,"ind":3,"ty":4,"nm":"Mask","parent":1,"td":1,"sr":1,"ks":{"o":{"a":0,"k":100,"ix":11},"r":{"a":0,"k":0,"ix":10},"p":{"a":0,"k":[54.699,-64.685,0],"ix":2,"l":2},"a":{"a":0,"k":[5.949,-114.685,0],"ix":1,"l":2},"s":{"a":0,"k":[100,100,100],"ix":6,"l":2}},"ao":0,"shapes":[{"ty":"gr","it":[{"ty":"rc","d":1,"s":{"a":0,"k":[167.898,76.631],"ix":2},"p":{"a":0,"k":[0,0],"ix":3},"r":{"a":0,"k":0,"ix":4},"nm":"Rectangle Path 1","mn":"ADBE Vector Shape - Rect","hd":false},{"ty":"tr","p":{"a":0,"k":[5.949,-114.685],"ix":2},"a":{"a":0,"k":[0,0],"ix":1},"s":{"a":0,"k":[100,100],"ix":3},"r":{"a":0,"k":0,"ix":6},"o":{"a":0,"k":100,"ix":7},"sk":{"a":0,"k":0,"ix":4},"sa":{"a":0,"k":0,"ix":5},"nm":"Transform"}],"nm":"Rectangle 1","np":1,"cix":2,"bm":0,"ix":1,"mn":"ADBE Vector Group","hd":false},{"ty":"fl","c":{"a":0,"k":[1,0,0,1],"ix":4},"o":{"a":0,"k":100,"ix":5},"r":1,"bm":0,"nm":"Fill 1","mn":"ADBE Vector Graphic - Fill","hd":false}],"ip":12,"op":52,"st":0,"ct":1,"bm":0},{"ddd":0,"ind":4,"ty":4,"nm":"Gas","parent":1,"tt":2,"sr":1,"ks":{"o":{"a":0,"k":100,"ix":11},"r":{"a":0,"k":0,"ix":10},"p":{"a":0,"k":[50,-166.724,0],"ix":2,"l":2},"a":{"a":0,"k":[0,0,0],"ix":1,"l":2},"s":{"a":0,"k":[100,100,100],"ix":6,"l":2}},"ao":0,"shapes":[{"ty":"gr","it":[{"ind":0,"ty":"sh","ix":1,"ks":{"a":0,"k":{"i":[[0,0],[0,-17.709],[0,-17.71],[0,-17.709],[0,-17.712],[0,-17.712]],"o":[[0,17.709],[0,17.71],[0,17.709],[0,17.712],[0,17.712],[0,0]],"v":[[5.987,-98.809],[-6.013,-63.391],[5.987,-27.971],[-6.013,7.448],[5.987,42.872],[-6.013,78.295]],"c":false},"ix":2},"nm":"Path 1","mn":"ADBE Vector Shape - Group","hd":false},{"ty":"tr","p":{"a":0,"k":[-0.013,-10.257],"ix":2},"a":{"a":0,"k":[-0.013,-10.257],"ix":1},"s":{"a":0,"k":[100,100],"ix":3},"r":{"a":0,"k":180,"ix":6},"o":{"a":0,"k":100,"ix":7},"sk":{"a":0,"k":0,"ix":4},"sa":{"a":0,"k":0,"ix":5},"nm":"Transform"}],"nm":"Group 1","np":1,"cix":2,"bm":0,"ix":1,"mn":"ADBE Vector Group","hd":false},{"ind":1,"ty":"sh","ix":2,"ks":{"a":0,"k":{"i":[[0,0],[0,17.709],[0,17.71],[0,17.709],[0,17.712],[0,17.712]],"o":[[0,-17.709],[0,-17.71],[0,-17.709],[0,-17.712],[0,-17.712],[0,0]],"v":[[31.47,98.809],[43.47,63.391],[31.47,27.971],[43.47,-7.448],[31.47,-42.872],[43.47,-78.295]],"c":false},"ix":2},"nm":"Path 2","mn":"ADBE Vector Shape - Group","hd":false},{"ind":2,"ty":"sh","ix":3,"ks":{"a":0,"k":{"i":[[0,0],[0,17.709],[0,17.71],[0,17.709],[0,17.712],[0,17.712]],"o":[[0,-17.709],[0,-17.71],[0,-17.709],[0,-17.712],[0,-17.712],[0,0]],"v":[[-43.47,98.809],[-31.47,63.391],[-43.47,27.971],[-31.47,-7.448],[-43.47,-42.872],[-31.47,-78.295]],"c":false},"ix":2},"nm":"Path 3","mn":"ADBE Vector Shape - Group","hd":false},{"ty":"tm","s":{"a":1,"k":[{"i":{"x":[0.667],"y":[1]},"o":{"x":[0.333],"y":[0]},"t":25,"s":[0]},{"t":50,"s":[100]}],"ix":1},"e":{"a":1,"k":[{"i":{"x":[0.667],"y":[1]},"o":{"x":[0.333],"y":[0]},"t":15,"s":[0]},{"t":36,"s":[100]}],"ix":2},"o":{"a":0,"k":0,"ix":3},"m":1,"ix":4,"nm":"Trim Paths 1","mn":"ADBE Vector Filter - Trim","hd":false},{"ty":"st","c":{"a":0,"k":[0.984313726425,0.78823530674,0.313725501299,1],"ix":3,"x":"var $bm_rt;\n$bm_rt = thisComp.layer('Main Stroke width - Color Ctrl').effect('highlight')('Color');"},"o":{"a":0,"k":100,"ix":4},"w":{"a":0,"k":16,"ix":5,"x":"var $bm_rt;\n$bm_rt = thisComp.layer('Main Stroke width - Color Ctrl').effect('Stroke width')('Slider');"},"lc":2,"lj":2,"bm":0,"nm":"Stroke 1","mn":"ADBE Vector Graphic - Stroke","hd":false}],"ip":14,"op":51,"st":0,"ct":1,"bm":0},{"ddd":0,"ind":5,"ty":4,"nm":"fill","parent":2,"sr":1,"ks":{"o":{"a":0,"k":100,"ix":11},"r":{"a":0,"k":0,"ix":10},"p":{"a":0,"k":[0,0,0],"ix":2,"l":2},"a":{"a":0,"k":[250,250,0],"ix":1,"l":2},"s":{"a":0,"k":[100,100,100],"ix":6,"l":2}},"ao":0,"shapes":[{"ty":"gr","it":[{"ind":0,"ty":"sh","ix":1,"ks":{"a":1,"k":[{"i":{"x":0.667,"y":1},"o":{"x":0.333,"y":0},"t":3,"s":[{"i":[[0,0],[0,0],[0,0],[0,0]],"o":[[0,0],[0,0],[0,0],[0,0]],"v":[[-69.993,-23.331],[-69.993,23.331],[69.993,23.331],[69.993,-23.331]],"c":true}]},{"i":{"x":0.667,"y":1},"o":{"x":0.333,"y":0},"t":9,"s":[{"i":[[0,0],[0,0],[0,0],[0,0]],"o":[[0,0],[0,0],[0,0],[0,0]],"v":[[-70,-32.331],[-69.993,23.331],[69.993,23.331],[69.986,-32.331]],"c":true}]},{"i":{"x":0.667,"y":1},"o":{"x":0.333,"y":0},"t":14,"s":[{"i":[[0,0],[0,0],[0,0],[0,0]],"o":[[0,0],[0,0],[0,0],[0,0]],"v":[[-70.014,-23.331],[-69.993,23.331],[69.993,23.331],[69.971,-23.331]],"c":true}]},{"i":{"x":0.667,"y":1},"o":{"x":0.333,"y":0},"t":18,"s":[{"i":[[0,0],[0,0],[0,0],[0,0]],"o":[[0,0],[0,0],[0,0],[0,0]],"v":[[-69.993,-23.331],[-69.993,23.331],[69.993,23.331],[69.993,-23.331]],"c":true}]},{"i":{"x":0.667,"y":1},"o":{"x":0.333,"y":0},"t":53,"s":[{"i":[[0,0],[0,0],[0,0],[0,0]],"o":[[0,0],[0,0],[0,0],[0,0]],"v":[[-69.993,-23.331],[-69.993,23.331],[69.993,23.331],[69.993,-23.331]],"c":true}]},{"i":{"x":0.667,"y":1},"o":{"x":0.333,"y":0},"t":63,"s":[{"i":[[0,0],[0,0],[0,0],[0,0]],"o":[[0,0],[0,0],[0,0],[0,0]],"v":[[-70,-32.331],[-69.993,23.331],[69.993,23.331],[69.986,-32.331]],"c":true}]},{"t":72,"s":[{"i":[[0,0],[0,0],[0,0],[0,0]],"o":[[0,0],[0,0],[0,0],[0,0]],"v":[[-69.993,-23.331],[-69.993,23.331],[69.993,23.331],[69.993,-23.331]],"c":true}]}],"ix":2},"nm":"Path 1","mn":"ADBE Vector Shape - Group","hd":false},{"ty":"fl","c":{"a":0,"k":[0.407843142748,0.392156869173,0.96862745285,1],"ix":4},"o":{"a":0,"k":100,"ix":5},"r":1,"bm":0,"nm":"Fill 1","mn":"ADBE Vector Graphic - Fill","hd":false},{"ty":"tr","p":{"a":0,"k":[250,414.094],"ix":2},"a":{"a":0,"k":[0,0],"ix":1},"s":{"a":0,"k":[100,100],"ix":3},"r":{"a":0,"k":0,"ix":6},"o":{"a":0,"k":100,"ix":7},"sk":{"a":0,"k":0,"ix":4},"sa":{"a":0,"k":0,"ix":5},"nm":"Transform"}],"nm":"Group 3","np":2,"cix":2,"bm":0,"ix":1,"mn":"ADBE Vector Group","hd":false}],"ip":0,"op":75,"st":0,"ct":1,"bm":0},{"ddd":0,"ind":6,"ty":4,"nm":"fill 3","parent":2,"sr":1,"ks":{"o":{"a":0,"k":100,"ix":11},"r":{"a":0,"k":0,"ix":10},"p":{"a":0,"k":[0,0,0],"ix":2,"l":2},"a":{"a":0,"k":[250,250,0],"ix":1,"l":2},"s":{"a":0,"k":[100,100,100],"ix":6,"l":2}},"ao":0,"shapes":[{"ty":"gr","it":[{"ind":0,"ty":"sh","ix":1,"ks":{"a":1,"k":[{"i":{"x":0.667,"y":1},"o":{"x":0.333,"y":0},"t":3,"s":[{"i":[[46.292,-23.146],[0,11.124],[-27.653,27.653],[0,-33.043]],"o":[[-46.33,-23.165],[0,-33.2],[27.704,27.704],[0,10.88]],"v":[[0,70.382],[-46.662,16.81],[0,-70.382],[46.662,16.81]],"c":true}]},{"i":{"x":0.667,"y":1},"o":{"x":0.333,"y":0},"t":9,"s":[{"i":[[46.292,-23.146],[0,11.124],[-27.653,27.653],[0,-33.043]],"o":[[-46.33,-23.165],[0,-33.2],[27.704,27.704],[0,10.88]],"v":[[0,70.382],[-43.162,11.31],[7.5,-69.882],[50.662,16.81]],"c":true}]},{"i":{"x":0.667,"y":1},"o":{"x":0.333,"y":0},"t":14,"s":[{"i":[[46.292,-23.146],[0,11.124],[-27.653,27.653],[0,-33.043]],"o":[[-46.33,-23.165],[0,-33.2],[27.704,27.704],[0,10.88]],"v":[[0,70.382],[-40.162,9.81],[11.5,-68.882],[53.162,17.31]],"c":true}]},{"i":{"x":0.833,"y":0.833},"o":{"x":0.333,"y":0},"t":18,"s":[{"i":[[46.292,-23.146],[0,11.124],[-27.653,27.653],[0,-33.043]],"o":[[-46.33,-23.165],[0,-33.2],[27.704,27.704],[0,10.88]],"v":[[0,70.382],[-46.662,16.81],[0,-70.382],[46.662,16.81]],"c":true}]},{"i":{"x":0.667,"y":1},"o":{"x":0.167,"y":0.167},"t":30,"s":[{"i":[[46.292,-23.146],[0,11.124],[-27.653,27.653],[0,-33.043]],"o":[[-46.33,-23.165],[0,-33.2],[27.704,27.704],[0,10.88]],"v":[[0,70.382],[-52.162,18.31],[-10.5,-68.882],[41.662,10.31]],"c":true}]},{"i":{"x":0.667,"y":1},"o":{"x":0.333,"y":0},"t":53,"s":[{"i":[[46.292,-23.146],[0,11.124],[-27.653,27.653],[0,-33.043]],"o":[[-46.33,-23.165],[0,-33.2],[27.704,27.704],[0,10.88]],"v":[[0,70.382],[-46.662,16.81],[0,-70.382],[46.662,16.81]],"c":true}]},{"i":{"x":0.667,"y":1},"o":{"x":0.333,"y":0},"t":63,"s":[{"i":[[46.292,-23.146],[0,11.124],[-27.653,27.653],[0,-33.043]],"o":[[-46.33,-23.165],[0,-33.2],[27.704,27.704],[0,10.88]],"v":[[0,70.382],[-43.162,11.31],[7.5,-69.882],[50.662,16.81]],"c":true}]},{"t":72,"s":[{"i":[[46.292,-23.146],[0,11.124],[-27.653,27.653],[0,-33.043]],"o":[[-46.33,-23.165],[0,-33.2],[27.704,27.704],[0,10.88]],"v":[[0,70.382],[-46.662,16.81],[0,-70.382],[46.662,16.81]],"c":true}]}],"ix":2},"nm":"Path 1","mn":"ADBE Vector Shape - Group","hd":false},{"ty":"fl","c":{"a":0,"k":[0.686274528503,0.843137264252,0.321568638086,1],"ix":4},"o":{"a":0,"k":100,"ix":5},"r":1,"bm":0,"nm":"Fill 1","mn":"ADBE Vector Graphic - Fill","hd":false},{"ty":"tr","p":{"a":0,"k":[250,249.611],"ix":2},"a":{"a":0,"k":[0,0],"ix":1},"s":{"a":0,"k":[100,100],"ix":3},"r":{"a":0,"k":0,"ix":6},"o":{"a":0,"k":100,"ix":7},"sk":{"a":0,"k":0,"ix":4},"sa":{"a":0,"k":0,"ix":5},"nm":"Transform"}],"nm":"Group 1","np":2,"cix":2,"bm":0,"ix":1,"mn":"ADBE Vector Group","hd":false}],"ip":0,"op":75,"st":0,"ct":1,"bm":0},{"ddd":0,"ind":7,"ty":4,"nm":"fill 2","parent":2,"sr":1,"ks":{"o":{"a":0,"k":100,"ix":11},"r":{"a":0,"k":0,"ix":10},"p":{"a":0,"k":[0,0,0],"ix":2,"l":2},"a":{"a":0,"k":[250,250,0],"ix":1,"l":2},"s":{"a":0,"k":[100,100,100],"ix":6,"l":2}},"ao":0,"shapes":[{"ty":"gr","it":[{"ind":0,"ty":"sh","ix":1,"ks":{"a":1,"k":[{"i":{"x":0.667,"y":1},"o":{"x":0.333,"y":0},"t":3,"s":[{"i":[[24.457,71.673],[0,0],[-25.771,0],[0,0],[0,25.77],[0,0],[21.394,0]],"o":[[0,0],[0,25.77],[0,0],[25.771,0],[0,0],[-19.068,6.779],[-79.953,0]],"v":[[-116.654,-85.473],[-116.654,38.034],[-69.993,85.473],[69.993,85.473],[116.654,38.034],[116.654,27.265],[55.666,37.747]],"c":true}]},{"i":{"x":0.667,"y":1},"o":{"x":0.333,"y":0},"t":9,"s":[{"i":[[24.457,71.673],[0,0],[-25.771,0],[0,0],[0,25.771],[0,0],[21.394,0]],"o":[[0,0],[0,25.771],[0,0],[25.771,0],[0,0],[-19.068,6.779],[-79.953,0]],"v":[[-116.5,-90.473],[-116.654,38.034],[-69.993,85.473],[69.993,85.473],[116.654,38.034],[116.809,22.265],[55.82,32.747]],"c":true}]},{"i":{"x":0.667,"y":1},"o":{"x":0.333,"y":0},"t":14,"s":[{"i":[[24.457,71.673],[0,0],[-25.771,0],[0,0],[0,25.771],[0,0],[21.394,0]],"o":[[0,0],[0,25.771],[0,0],[25.771,0],[0,0],[-19.068,6.779],[-79.953,0]],"v":[[-116.5,-76.973],[-116.654,38.034],[-69.993,85.473],[69.993,85.473],[116.654,38.034],[116.809,35.765],[55.82,46.247]],"c":true}]},{"i":{"x":0.667,"y":1},"o":{"x":0.333,"y":0},"t":18,"s":[{"i":[[24.457,71.673],[0,0],[-25.771,0],[0,0],[0,25.771],[0,0],[21.394,0]],"o":[[0,0],[0,25.771],[0,0],[25.771,0],[0,0],[-19.068,6.779],[-79.953,0]],"v":[[-116.654,-85.473],[-116.654,38.034],[-69.993,85.473],[69.993,85.473],[116.654,38.034],[116.654,27.265],[55.666,37.747]],"c":true}]},{"i":{"x":0.667,"y":1},"o":{"x":0.333,"y":0},"t":53,"s":[{"i":[[24.457,71.673],[0,0],[-25.771,0],[0,0],[0,25.771],[0,0],[21.394,0]],"o":[[0,0],[0,25.771],[0,0],[25.771,0],[0,0],[-19.068,6.779],[-79.953,0]],"v":[[-116.654,-85.473],[-116.654,38.034],[-69.993,85.473],[69.993,85.473],[116.654,38.034],[116.654,27.265],[55.666,37.747]],"c":true}]},{"i":{"x":0.667,"y":1},"o":{"x":0.333,"y":0},"t":63,"s":[{"i":[[24.457,71.673],[0,0],[-25.771,0],[0,0],[0,25.771],[0,0],[21.394,0]],"o":[[0,0],[0,25.771],[0,0],[25.771,0],[0,0],[-19.068,6.779],[-79.953,0]],"v":[[-116.5,-90.473],[-116.654,38.034],[-69.993,85.473],[69.993,85.473],[116.654,38.034],[116.809,22.265],[55.82,32.747]],"c":true}]},{"t":72,"s":[{"i":[[24.457,71.673],[0,0],[-25.771,0],[0,0],[0,25.771],[0,0],[21.394,0]],"o":[[0,0],[0,25.771],[0,0],[25.771,0],[0,0],[-19.068,6.779],[-79.953,0]],"v":[[-116.654,-85.473],[-116.654,38.034],[-69.993,85.473],[69.993,85.473],[116.654,38.034],[116.654,27.265],[55.666,37.747]],"c":true}]}],"ix":2},"nm":"Path 1","mn":"ADBE Vector Shape - Group","hd":false},{"ty":"fl","c":{"a":0,"k":[0.57647061348,0.698039233685,0.956862747669,1],"ix":4},"o":{"a":0,"k":100,"ix":5},"r":1,"bm":0,"nm":"Fill 1","mn":"ADBE Vector Graphic - Fill","hd":false},{"ty":"tr","p":{"a":0,"k":[249.971,305.722],"ix":2},"a":{"a":0,"k":[0,0],"ix":1},"s":{"a":0,"k":[100,100],"ix":3},"r":{"a":0,"k":0,"ix":6},"o":{"a":0,"k":100,"ix":7},"sk":{"a":0,"k":0,"ix":4},"sa":{"a":0,"k":0,"ix":5},"nm":"Transform"}],"nm":"Group 5","np":2,"cix":2,"bm":0,"ix":1,"mn":"ADBE Vector Group","hd":false},{"ty":"gr","it":[{"ind":0,"ty":"sh","ix":1,"ks":{"a":1,"k":[{"i":{"x":0.667,"y":1},"o":{"x":0.333,"y":0},"t":3,"s":[{"i":[[46.292,-23.146],[0,11.124],[-27.653,27.653],[0,-33.043]],"o":[[-46.33,-23.165],[0,-33.2],[27.704,27.704],[0,10.88]],"v":[[0,70.382],[-46.662,16.81],[0,-70.382],[46.662,16.81]],"c":true}]},{"i":{"x":0.667,"y":1},"o":{"x":0.333,"y":0},"t":9,"s":[{"i":[[46.292,-23.146],[0,11.124],[-27.653,27.653],[0,-33.043]],"o":[[-46.33,-23.165],[0,-33.2],[27.704,27.704],[0,10.88]],"v":[[0,70.382],[-43.162,11.31],[7.5,-69.882],[50.662,16.81]],"c":true}]},{"i":{"x":0.667,"y":1},"o":{"x":0.333,"y":0},"t":14,"s":[{"i":[[46.292,-23.146],[0,11.124],[-27.653,27.653],[0,-33.043]],"o":[[-46.33,-23.165],[0,-33.2],[27.704,27.704],[0,10.88]],"v":[[0,70.382],[-40.162,9.81],[11.5,-68.882],[53.162,17.31]],"c":true}]},{"i":{"x":0.833,"y":0.833},"o":{"x":0.333,"y":0},"t":18,"s":[{"i":[[46.292,-23.146],[0,11.124],[-27.653,27.653],[0,-33.043]],"o":[[-46.33,-23.165],[0,-33.2],[27.704,27.704],[0,10.88]],"v":[[0,70.382],[-46.662,16.81],[0,-70.382],[46.662,16.81]],"c":true}]},{"i":{"x":0.667,"y":1},"o":{"x":0.167,"y":0.167},"t":30,"s":[{"i":[[46.292,-23.146],[0,11.124],[-27.653,27.653],[0,-33.043]],"o":[[-46.33,-23.165],[0,-33.2],[27.704,27.704],[0,10.88]],"v":[[0,70.382],[-52.162,18.31],[-10.5,-68.882],[41.662,10.31]],"c":true}]},{"i":{"x":0.667,"y":1},"o":{"x":0.333,"y":0},"t":53,"s":[{"i":[[46.292,-23.146],[0,11.124],[-27.653,27.653],[0,-33.043]],"o":[[-46.33,-23.165],[0,-33.2],[27.704,27.704],[0,10.88]],"v":[[0,70.382],[-46.662,16.81],[0,-70.382],[46.662,16.81]],"c":true}]},{"i":{"x":0.667,"y":1},"o":{"x":0.333,"y":0},"t":63,"s":[{"i":[[46.292,-23.146],[0,11.124],[-27.653,27.653],[0,-33.043]],"o":[[-46.33,-23.165],[0,-33.2],[27.704,27.704],[0,10.88]],"v":[[0,70.382],[-43.162,11.31],[7.5,-69.882],[50.662,16.81]],"c":true}]},{"t":72,"s":[{"i":[[46.292,-23.146],[0,11.124],[-27.653,27.653],[0,-33.043]],"o":[[-46.33,-23.165],[0,-33.2],[27.704,27.704],[0,10.88]],"v":[[0,70.382],[-46.662,16.81],[0,-70.382],[46.662,16.81]],"c":true}]}],"ix":2},"nm":"Path 1","mn":"ADBE Vector Shape - Group","hd":false},{"ty":"fl","c":{"a":0,"k":[0.686274528503,0.843137264252,0.321568638086,1],"ix":4},"o":{"a":0,"k":100,"ix":5},"r":1,"bm":0,"nm":"Fill 1","mn":"ADBE Vector Graphic - Fill","hd":false},{"ty":"tr","p":{"a":0,"k":[250,249.611],"ix":2},"a":{"a":0,"k":[0,0],"ix":1},"s":{"a":0,"k":[100,100],"ix":3},"r":{"a":0,"k":0,"ix":6},"o":{"a":0,"k":100,"ix":7},"sk":{"a":0,"k":0,"ix":4},"sa":{"a":0,"k":0,"ix":5},"nm":"Transform"}],"nm":"Group 1","np":2,"cix":2,"bm":0,"ix":2,"mn":"ADBE Vector Group","hd":false},{"ty":"gr","it":[{"ind":0,"ty":"sh","ix":1,"ks":{"a":1,"k":[{"i":{"x":0.667,"y":1},"o":{"x":0.333,"y":0},"t":3,"s":[{"i":[[0,0],[0,0],[0,0],[0,0]],"o":[[0,0],[0,0],[0,0],[0,0]],"v":[[46.662,-34.996],[46.662,34.996],[-46.662,34.996],[-46.662,-34.996]],"c":true}]},{"i":{"x":0.667,"y":1},"o":{"x":0.333,"y":0},"t":9,"s":[{"i":[[0,0],[0,0],[0,0],[0,0]],"o":[[0,0],[0,0],[0,0],[0,0]],"v":[[46.824,-44.496],[46.662,34.996],[-46.662,34.996],[-46.5,-44.496]],"c":true}]},{"i":{"x":0.667,"y":1},"o":{"x":0.333,"y":0},"t":14,"s":[{"i":[[0,0],[0,0],[0,0],[0,0]],"o":[[0,0],[0,0],[0,0],[0,0]],"v":[[46.648,-26.996],[46.662,34.996],[-46.662,34.996],[-46.676,-26.996]],"c":true}]},{"i":{"x":0.667,"y":1},"o":{"x":0.333,"y":0},"t":18,"s":[{"i":[[0,0],[0,0],[0,0],[0,0]],"o":[[0,0],[0,0],[0,0],[0,0]],"v":[[46.662,-34.996],[46.662,34.996],[-46.662,34.996],[-46.662,-34.996]],"c":true}]},{"i":{"x":0.667,"y":1},"o":{"x":0.333,"y":0},"t":53,"s":[{"i":[[0,0],[0,0],[0,0],[0,0]],"o":[[0,0],[0,0],[0,0],[0,0]],"v":[[46.662,-34.996],[46.662,34.996],[-46.662,34.996],[-46.662,-34.996]],"c":true}]},{"i":{"x":0.667,"y":1},"o":{"x":0.333,"y":0},"t":63,"s":[{"i":[[0,0],[0,0],[0,0],[0,0]],"o":[[0,0],[0,0],[0,0],[0,0]],"v":[[46.824,-44.496],[46.662,34.996],[-46.662,34.996],[-46.5,-44.496]],"c":true}]},{"t":72,"s":[{"i":[[0,0],[0,0],[0,0],[0,0]],"o":[[0,0],[0,0],[0,0],[0,0]],"v":[[46.662,-34.996],[46.662,34.996],[-46.662,34.996],[-46.662,-34.996]],"c":true}]}],"ix":2},"nm":"Path 1","mn":"ADBE Vector Shape - Group","hd":false},{"ty":"fl","c":{"a":0,"k":[0.57647061348,0.698039233685,0.956862747669,1],"ix":4},"o":{"a":0,"k":100,"ix":5},"r":1,"bm":0,"nm":"Fill 1","mn":"ADBE Vector Graphic - Fill","hd":false},{"ty":"tr","p":{"a":0,"k":[250,97.571],"ix":2},"a":{"a":0,"k":[0,0],"ix":1},"s":{"a":0,"k":[100,100],"ix":3},"r":{"a":0,"k":0,"ix":6},"o":{"a":0,"k":100,"ix":7},"sk":{"a":0,"k":0,"ix":4},"sa":{"a":0,"k":0,"ix":5},"nm":"Transform"}],"nm":"Group 2","np":2,"cix":2,"bm":0,"ix":3,"mn":"ADBE Vector Group","hd":false},{"ty":"gr","it":[{"ind":0,"ty":"sh","ix":1,"ks":{"a":1,"k":[{"i":{"x":0.667,"y":1},"o":{"x":0.333,"y":0},"t":3,"s":[{"i":[[25.771,0],[0,0],[0,25.771],[0,0],[-25.771,0],[0,0],[0,-25.771],[0,0]],"o":[[0,0],[-25.771,0],[0,0],[0,-25.771],[0,0],[25.771,0],[0,0],[0,25.771]],"v":[[69.993,129.098],[-69.993,129.098],[-116.654,81.658],[-116.654,-82.436],[-69.993,-129.098],[69.993,-129.098],[116.654,-82.436],[116.654,81.658]],"c":true}]},{"i":{"x":0.667,"y":1},"o":{"x":0.333,"y":0},"t":9,"s":[{"i":[[25.771,0],[0,0],[0,25.771],[0,0],[-25.771,0],[0,0],[0,-25.771],[0,0]],"o":[[0,0],[-25.771,0],[0,0],[0,-25.771],[0,0],[25.771,0],[0,0],[0,25.771]],"v":[[69.986,120.098],[-70,120.098],[-116.654,81.658],[-116.654,-82.436],[-69.993,-129.098],[69.993,-129.098],[116.654,-82.436],[116.654,81.658]],"c":true}]},{"i":{"x":0.667,"y":1},"o":{"x":0.333,"y":0},"t":14,"s":[{"i":[[25.771,0],[0,0],[0,25.771],[0,0],[-25.771,0],[0,0],[0,-25.771],[0,0]],"o":[[0,0],[-25.771,0],[0,0],[0,-25.771],[0,0],[25.771,0],[0,0],[0,25.771]],"v":[[69.971,129.098],[-70.014,129.098],[-116.654,81.658],[-116.654,-82.436],[-69.993,-129.098],[69.993,-129.098],[116.654,-82.436],[116.654,81.658]],"c":true}]},{"i":{"x":0.667,"y":1},"o":{"x":0.333,"y":0},"t":18,"s":[{"i":[[25.771,0],[0,0],[0,25.771],[0,0],[-25.771,0],[0,0],[0,-25.771],[0,0]],"o":[[0,0],[-25.771,0],[0,0],[0,-25.771],[0,0],[25.771,0],[0,0],[0,25.771]],"v":[[69.993,129.098],[-69.993,129.098],[-116.654,81.658],[-116.654,-82.436],[-69.993,-129.098],[69.993,-129.098],[116.654,-82.436],[116.654,81.658]],"c":true}]},{"i":{"x":0.667,"y":1},"o":{"x":0.333,"y":0},"t":53,"s":[{"i":[[25.771,0],[0,0],[0,25.771],[0,0],[-25.771,0],[0,0],[0,-25.771],[0,0]],"o":[[0,0],[-25.771,0],[0,0],[0,-25.771],[0,0],[25.771,0],[0,0],[0,25.771]],"v":[[69.993,129.098],[-69.993,129.098],[-116.654,81.658],[-116.654,-82.436],[-69.993,-129.098],[69.993,-129.098],[116.654,-82.436],[116.654,81.658]],"c":true}]},{"i":{"x":0.667,"y":1},"o":{"x":0.333,"y":0},"t":63,"s":[{"i":[[25.771,0],[0,0],[0,25.771],[0,0],[-25.771,0],[0,0],[0,-25.771],[0,0]],"o":[[0,0],[-25.771,0],[0,0],[0,-25.771],[0,0],[25.771,0],[0,0],[0,25.771]],"v":[[69.986,120.098],[-70,120.098],[-116.654,81.658],[-116.654,-82.436],[-69.993,-129.098],[69.993,-129.098],[116.654,-82.436],[116.654,81.658]],"c":true}]},{"t":72,"s":[{"i":[[25.771,0],[0,0],[0,25.771],[0,0],[-25.771,0],[0,0],[0,-25.771],[0,0]],"o":[[0,0],[-25.771,0],[0,0],[0,-25.771],[0,0],[25.771,0],[0,0],[0,25.771]],"v":[[69.993,129.098],[-69.993,129.098],[-116.654,81.658],[-116.654,-82.436],[-69.993,-129.098],[69.993,-129.098],[116.654,-82.436],[116.654,81.658]],"c":true}]}],"ix":2},"nm":"Path 1","mn":"ADBE Vector Shape - Group","hd":false},{"ty":"fl","c":{"a":0,"k":[0.815686285496,0.854901969433,0.984313726425,1],"ix":4},"o":{"a":0,"k":100,"ix":5},"r":1,"bm":0,"nm":"Fill 1","mn":"ADBE Vector Graphic - Fill","hd":false},{"ty":"tr","p":{"a":0,"k":[250,261.665],"ix":2},"a":{"a":0,"k":[0,0],"ix":1},"s":{"a":0,"k":[100,100],"ix":3},"r":{"a":0,"k":0,"ix":6},"o":{"a":0,"k":100,"ix":7},"sk":{"a":0,"k":0,"ix":4},"sa":{"a":0,"k":0,"ix":5},"nm":"Transform"}],"nm":"Group 4","np":2,"cix":2,"bm":0,"ix":4,"mn":"ADBE Vector Group","hd":false}],"ip":0,"op":75,"st":0,"ct":1,"bm":0},{"ddd":0,"ind":8,"ty":3,"nm":"Zero | troke width - Color Ctrl","sr":1,"ks":{"o":{"a":0,"k":0,"ix":11},"r":{"a":0,"k":0,"ix":10},"p":{"a":0,"k":[250,250,0],"ix":2,"l":2},"a":{"a":0,"k":[0,0,0],"ix":1,"l":2},"s":{"a":0,"k":[100,100,100],"ix":6,"l":2}},"ao":0,"ip":0,"op":75,"st":0,"bm":0}],"markers":[]}