{"v":"4.8.0","meta":{"g":"LottieFiles AE ","a":"","k":"","d":"","tc":""},"fr":25,"ip":0,"op":41,"w":500,"h":500,"nm":"07 biomass","ddd":0,"assets":[],"layers":[{"ddd":0,"ind":1,"ty":3,"nm":"Main Stroke width - Color Ctrl","parent":5,"sr":1,"ks":{"o":{"a":0,"k":0,"ix":11},"r":{"a":0,"k":0,"ix":10},"p":{"a":0,"k":[0,0,0],"ix":2},"a":{"a":0,"k":[50,50,0],"ix":1},"s":{"a":0,"k":[100,100,100],"ix":6}},"ao":0,"ef":[{"ty":5,"nm":"Stroke width","np":3,"mn":"ADBE Slider Control","ix":1,"en":1,"ef":[{"ty":0,"nm":"Slider","mn":"ADBE Slider Control-0001","ix":1,"v":{"a":0,"k":18,"ix":1}}]},{"ty":5,"nm":"Base Color","np":3,"mn":"ADBE Color Control","ix":2,"en":1,"ef":[{"ty":2,"nm":"Color","mn":"ADBE Color Control-0001","ix":1,"v":{"a":0,"k":[0.019607843831,0.164705887437,0.458823561668,1],"ix":1}}]},{"ty":5,"nm":"Highlight","np":3,"mn":"ADBE Color Control","ix":3,"en":1,"ef":[{"ty":2,"nm":"Color","mn":"ADBE Color Control-0001","ix":1,"v":{"a":0,"k":[0.200000017881,0.800000071526,0.800000071526,1],"ix":1}}]}],"ip":0,"op":41,"st":-3,"bm":0},{"ddd":0,"ind":2,"ty":4,"nm":"Coin","sr":1,"ks":{"o":{"a":0,"k":100,"ix":11},"r":{"a":0,"k":0,"ix":10},"p":{"a":0,"k":[250,147.485,0],"ix":2},"a":{"a":0,"k":[168.617,118.784,0],"ix":1},"s":{"a":0,"k":[100,100,100],"ix":6}},"ao":0,"shapes":[{"ty":"gr","it":[{"ind":0,"ty":"sh","ix":1,"ks":{"a":1,"k":[{"i":{"x":0.49,"y":1},"o":{"x":0.51,"y":0},"t":3,"s":[{"i":[[0,0],[0,0],[0,0],[0,0],[0,0],[0,0]],"o":[[0,0],[0,0],[0,0],[0,0],[0,0],[0,0]],"v":[[-3.602,36.826],[18.011,0],[-18.012,0],[18.011,0],[-18.012,0],[3.602,-36.826]],"c":false}]},{"i":{"x":0.49,"y":1},"o":{"x":0.51,"y":0},"t":18,"s":[{"i":[[0,0],[0,0],[0,0],[0,0],[0,0],[0,0]],"o":[[0,0],[0,0],[0,0],[0,0],[0,0],[0,0]],"v":[[-5.822,59.515],[29.109,0],[-29.109,0],[29.109,0],[-29.109,0],[5.822,-59.515]],"c":false}]},{"t":34,"s":[{"i":[[0,0],[0,0],[0,0],[0,0],[0,0],[0,0]],"o":[[0,0],[0,0],[0,0],[0,0],[0,0],[0,0]],"v":[[-3.602,36.826],[18.011,0],[-18.012,0],[18.011,0],[-18.012,0],[3.602,-36.826]],"c":false}]}],"ix":2},"nm":"Path 1","mn":"ADBE Vector Shape - Group","hd":false},{"ty":"st","c":{"a":0,"k":[1,1,1,1],"ix":3},"o":{"a":0,"k":100,"ix":4},"w":{"a":0,"k":16,"ix":5,"x":"var $bm_rt;\n$bm_rt = thisComp.layer('Main Stroke width - Color Ctrl').effect('Stroke width')('Slider');"},"lc":2,"lj":2,"bm":0,"nm":"Stroke 1","mn":"ADBE Vector Graphic - Stroke","hd":false},{"ty":"tr","p":{"a":0,"k":[168.617,118.784],"ix":2},"a":{"a":0,"k":[0,0],"ix":1},"s":{"a":0,"k":[100,100],"ix":3},"r":{"a":0,"k":0,"ix":6},"o":{"a":0,"k":100,"ix":7},"sk":{"a":0,"k":0,"ix":4},"sa":{"a":0,"k":0,"ix":5},"nm":"Transform"}],"nm":"Group 2","np":2,"cix":2,"bm":0,"ix":1,"mn":"ADBE Vector Group","hd":false},{"ty":"gr","it":[{"ind":0,"ty":"sh","ix":1,"ks":{"a":1,"k":[{"i":{"x":0.49,"y":1},"o":{"x":0.51,"y":0},"t":1,"s":[{"i":[[0,-43.511],[43.564,0],[0,43.511],[-43.564,0]],"o":[[0,43.511],[-43.564,0],[0,-43.511],[43.564,0]],"v":[[78.88,0],[0,78.784],[-78.88,0],[0,-78.784]],"c":true}]},{"i":{"x":0.49,"y":1},"o":{"x":0.51,"y":0},"t":16,"s":[{"i":[[0,-51.094],[51.157,0],[0,51.094],[-51.157,0]],"o":[[0,51.094],[-51.157,0],[0,-51.094],[51.157,0]],"v":[[92.628,0],[0,92.515],[-92.628,0],[0,-92.515]],"c":true}]},{"t":32,"s":[{"i":[[0,-43.511],[43.564,0],[0,43.511],[-43.564,0]],"o":[[0,43.511],[-43.564,0],[0,-43.511],[43.564,0]],"v":[[78.88,0],[0,78.784],[-78.88,0],[0,-78.784]],"c":true}]}],"ix":2},"nm":"Path 1","mn":"ADBE Vector Shape - Group","hd":false},{"ty":"st","c":{"a":0,"k":[0,0,0,1],"ix":3,"x":"var $bm_rt;\n$bm_rt = thisComp.layer('Main Stroke width - Color Ctrl').effect('Base Color')('Color');"},"o":{"a":0,"k":100,"ix":4},"w":{"a":0,"k":16,"ix":5,"x":"var $bm_rt;\n$bm_rt = thisComp.layer('Main Stroke width - Color Ctrl').effect('Stroke width')('Slider');"},"lc":2,"lj":2,"bm":0,"nm":"Stroke 1","mn":"ADBE Vector Graphic - Stroke","hd":false},{"ty":"tr","p":{"a":0,"k":[168.617,118.784],"ix":2},"a":{"a":0,"k":[0,0],"ix":1},"s":{"a":0,"k":[100,100],"ix":3},"r":{"a":0,"k":0,"ix":6},"o":{"a":0,"k":100,"ix":7},"sk":{"a":0,"k":0,"ix":4},"sa":{"a":0,"k":0,"ix":5},"nm":"Transform"}],"nm":"Group 3","np":2,"cix":2,"bm":0,"ix":2,"mn":"ADBE Vector Group","hd":false}],"ip":0,"op":41,"st":0,"bm":0},{"ddd":0,"ind":3,"ty":4,"nm":"Coin fill","parent":2,"sr":1,"ks":{"o":{"a":0,"k":100,"ix":11},"r":{"a":0,"k":0,"ix":10},"p":{"a":0,"k":[168.617,118.784,0],"ix":2},"a":{"a":0,"k":[250,147.485,0],"ix":1},"s":{"a":0,"k":[100,100,100],"ix":6}},"ao":0,"shapes":[{"ty":"gr","it":[{"ind":0,"ty":"sh","ix":1,"ks":{"a":1,"k":[{"i":{"x":0.46,"y":1},"o":{"x":0.54,"y":0},"t":1,"s":[{"i":[[11.679,0],[0,43.511],[-4.529,9.936],[0,-31.846],[-43.564,0],[-12.416,27.24]],"o":[[-43.564,0],[0,-11.629],[-27.225,12.42],[0,43.511],[31.921,0],[-9.972,4.549]],"v":[[42.618,36.149],[-36.262,-42.635],[-29.208,-75.24],[-75.353,-3.543],[3.527,75.24],[75.353,29.062]],"c":true}]},{"i":{"x":0.46,"y":1},"o":{"x":0.54,"y":0},"t":16,"s":[{"i":[[13.863,0],[0,51.647],[-5.376,11.794],[0,-37.801],[-51.71,0],[-14.737,32.333]],"o":[[-51.71,0],[0,-13.804],[-32.315,14.742],[0,51.647],[37.889,0],[-11.836,5.4]],"v":[[49.928,43.571],[-43.702,-49.944],[-35.329,-88.646],[-90.103,-3.543],[3.527,89.971],[88.784,35.159]],"c":true}]},{"t":32,"s":[{"i":[[11.679,0],[0,43.511],[-4.529,9.936],[0,-31.846],[-43.564,0],[-12.416,27.24]],"o":[[-43.564,0],[0,-11.629],[-27.225,12.42],[0,43.511],[31.921,0],[-9.972,4.549]],"v":[[42.618,36.149],[-36.262,-42.635],[-29.208,-75.24],[-75.353,-3.543],[3.527,75.24],[75.353,29.062]],"c":true}]}],"ix":2},"nm":"Path 1","mn":"ADBE Vector Shape - Group","hd":false},{"ty":"fl","c":{"a":0,"k":[0.992156863213,0.560784339905,0.003921568859,1],"ix":4},"o":{"a":0,"k":100,"ix":5},"r":1,"bm":0,"nm":"Fill 1","mn":"ADBE Vector Graphic - Fill","hd":false},{"ty":"tr","p":{"a":0,"k":[246.473,151.029],"ix":2},"a":{"a":0,"k":[0,0],"ix":1},"s":{"a":0,"k":[100,100],"ix":3},"r":{"a":0,"k":0,"ix":6},"o":{"a":0,"k":100,"ix":7},"sk":{"a":0,"k":0,"ix":4},"sa":{"a":0,"k":0,"ix":5},"nm":"Transform"}],"nm":"Group 2","np":2,"cix":2,"bm":0,"ix":1,"mn":"ADBE Vector Group","hd":false},{"ty":"gr","it":[{"ind":0,"ty":"sh","ix":1,"ks":{"a":1,"k":[{"i":{"x":0.46,"y":1},"o":{"x":0.54,"y":0},"t":1,"s":[{"i":[[0,-43.511],[43.564,0],[0,43.511],[-43.564,0]],"o":[[0,43.511],[-43.564,0],[0,-43.511],[43.564,0]],"v":[[78.88,0],[0,78.784],[-78.88,0],[0,-78.784]],"c":true}]},{"i":{"x":0.46,"y":1},"o":{"x":0.54,"y":0},"t":16,"s":[{"i":[[0,-51.647],[51.71,0],[0,51.647],[-51.71,0]],"o":[[0,51.647],[-51.71,0],[0,-51.647],[51.71,0]],"v":[[93.63,0],[0,93.515],[-93.63,0],[0,-93.515]],"c":true}]},{"t":32,"s":[{"i":[[0,-43.511],[43.564,0],[0,43.511],[-43.564,0]],"o":[[0,43.511],[-43.564,0],[0,-43.511],[43.564,0]],"v":[[78.88,0],[0,78.784],[-78.88,0],[0,-78.784]],"c":true}]}],"ix":2},"nm":"Path 1","mn":"ADBE Vector Shape - Group","hd":false},{"ty":"fl","c":{"a":0,"k":[0.992156863213,0.796078443527,0.313725501299,1],"ix":4},"o":{"a":0,"k":100,"ix":5},"r":1,"bm":0,"nm":"Fill 1","mn":"ADBE Vector Graphic - Fill","hd":false},{"ty":"tr","p":{"a":0,"k":[250,147.485],"ix":2},"a":{"a":0,"k":[0,0],"ix":1},"s":{"a":0,"k":[100,100],"ix":3},"r":{"a":0,"k":0,"ix":6},"o":{"a":0,"k":100,"ix":7},"sk":{"a":0,"k":0,"ix":4},"sa":{"a":0,"k":0,"ix":5},"nm":"Transform"}],"nm":"Group 3","np":2,"cix":2,"bm":0,"ix":2,"mn":"ADBE Vector Group","hd":false}],"ip":0,"op":41,"st":0,"bm":0},{"ddd":0,"ind":4,"ty":4,"nm":"Plant","sr":1,"ks":{"o":{"a":0,"k":100,"ix":11},"r":{"a":0,"k":0,"ix":10},"p":{"a":0,"k":[250,431.338,0],"ix":2},"a":{"a":0,"k":[168.617,402.636,0],"ix":1},"s":{"a":0,"k":[100,100,100],"ix":6}},"ao":0,"shapes":[{"ty":"gr","it":[{"ind":0,"ty":"sh","ix":1,"ks":{"a":0,"k":{"i":[[0,0],[0,0]],"o":[[0,0],[0,0]],"v":[[8,402.6],[329.234,402.6]],"c":false},"ix":2},"nm":"Path 1","mn":"ADBE Vector Shape - Group","hd":false},{"ty":"st","c":{"a":0,"k":[0,0,0,1],"ix":3,"x":"var $bm_rt;\n$bm_rt = thisComp.layer('Main Stroke width - Color Ctrl').effect('Base Color')('Color');"},"o":{"a":0,"k":100,"ix":4},"w":{"a":0,"k":16,"ix":5,"x":"var $bm_rt;\n$bm_rt = thisComp.layer('Main Stroke width - Color Ctrl').effect('Stroke width')('Slider');"},"lc":2,"lj":2,"bm":0,"nm":"Stroke 1","mn":"ADBE Vector Graphic - Stroke","hd":false},{"ty":"tr","p":{"a":0,"k":[0,0],"ix":2},"a":{"a":0,"k":[0,0],"ix":1},"s":{"a":0,"k":[100,100],"ix":3},"r":{"a":0,"k":0,"ix":6},"o":{"a":0,"k":100,"ix":7},"sk":{"a":0,"k":0,"ix":4},"sa":{"a":0,"k":0,"ix":5},"nm":"Transform"}],"nm":"Group 1","np":2,"cix":2,"bm":0,"ix":1,"mn":"ADBE Vector Group","hd":false},{"ty":"gr","it":[{"ind":0,"ty":"sh","ix":1,"ks":{"a":0,"k":{"i":[[0,0],[0,0]],"o":[[0,0],[0,0]],"v":[[168.617,326.391],[168.617,402.636]],"c":false},"ix":2},"nm":"Path 1","mn":"ADBE Vector Shape - Group","hd":false},{"ty":"st","c":{"a":0,"k":[0,0,0,1],"ix":3,"x":"var $bm_rt;\n$bm_rt = thisComp.layer('Main Stroke width - Color Ctrl').effect('Base Color')('Color');"},"o":{"a":0,"k":100,"ix":4},"w":{"a":0,"k":16,"ix":5,"x":"var $bm_rt;\n$bm_rt = thisComp.layer('Main Stroke width - Color Ctrl').effect('Stroke width')('Slider');"},"lc":2,"lj":2,"bm":0,"nm":"Stroke 1","mn":"ADBE Vector Graphic - Stroke","hd":false},{"ty":"tr","p":{"a":0,"k":[0,0],"ix":2},"a":{"a":0,"k":[0,0],"ix":1},"s":{"a":0,"k":[100,100],"ix":3},"r":{"a":0,"k":0,"ix":6},"o":{"a":0,"k":100,"ix":7},"sk":{"a":0,"k":0,"ix":4},"sa":{"a":0,"k":0,"ix":5},"nm":"Transform"}],"nm":"Group 4","np":2,"cix":2,"bm":0,"ix":2,"mn":"ADBE Vector Group","hd":false},{"ty":"gr","it":[{"ind":0,"ty":"sh","ix":1,"ks":{"a":1,"k":[{"i":{"x":0.49,"y":1},"o":{"x":0.51,"y":0},"t":3,"s":[{"i":[[0,-73.734],[-54.856,0],[54.855,0],[0,54.856]],"o":[[0,-74.088],[0,54.856],[-54.855,0],[54.856,0]],"v":[[0,49.663],[99.325,-49.663],[0,49.663],[-99.325,-49.663]],"c":true}]},{"i":{"x":0.49,"y":1},"o":{"x":0.51,"y":0},"t":16,"s":[{"i":[[0,-73.734],[-54.856,0],[54.855,0],[0.325,60.232]],"o":[[0,-74.088],[-0.325,61.232],[-54.855,0],[54.856,0]],"v":[[0,49.663],[112.033,-37.163],[0,49.663],[-107.267,-35.663]],"c":true}]},{"i":{"x":0.49,"y":1},"o":{"x":0.51,"y":0},"t":28,"s":[{"i":[[0,-73.734],[-52.743,0],[54.855,0],[0,57.124]],"o":[[0,-74.088],[0,57.124],[-54.855,0],[52.743,0]],"v":[[0,49.663],[95.5,-51.93],[0,49.663],[-95.5,-51.93]],"c":true}]},{"t":40,"s":[{"i":[[0,-73.734],[-54.856,0],[54.855,0],[0,54.856]],"o":[[0,-74.088],[0,54.856],[-54.855,0],[54.856,0]],"v":[[0,49.663],[99.325,-49.663],[0,49.663],[-99.325,-49.663]],"c":true}]}],"ix":2},"nm":"Path 1","mn":"ADBE Vector Shape - Group","hd":false},{"ty":"st","c":{"a":0,"k":[0,0,0,1],"ix":3,"x":"var $bm_rt;\n$bm_rt = thisComp.layer('Main Stroke width - Color Ctrl').effect('Base Color')('Color');"},"o":{"a":0,"k":100,"ix":4},"w":{"a":0,"k":16,"ix":5,"x":"var $bm_rt;\n$bm_rt = thisComp.layer('Main Stroke width - Color Ctrl').effect('Stroke width')('Slider');"},"lc":2,"lj":2,"bm":0,"nm":"Stroke 1","mn":"ADBE Vector Graphic - Stroke","hd":false},{"ty":"fl","c":{"a":0,"k":[0.694117647059,0.850980451995,0.321568627451,1],"ix":4},"o":{"a":0,"k":100,"ix":5},"r":1,"bm":0,"nm":"Fill 1","mn":"ADBE Vector Graphic - Fill","hd":false},{"ty":"tr","p":{"a":0,"k":[168.617,276.729],"ix":2},"a":{"a":0,"k":[0,0],"ix":1},"s":{"a":0,"k":[100,100],"ix":3},"r":{"a":0,"k":0,"ix":6},"o":{"a":0,"k":100,"ix":7},"sk":{"a":0,"k":0,"ix":4},"sa":{"a":0,"k":0,"ix":5},"nm":"Transform"}],"nm":"Group 5","np":3,"cix":2,"bm":0,"ix":3,"mn":"ADBE Vector Group","hd":false}],"ip":0,"op":41,"st":0,"bm":0},{"ddd":0,"ind":5,"ty":3,"nm":"Zero | troke width - Color Ctrl","sr":1,"ks":{"o":{"a":0,"k":0,"ix":11},"r":{"a":0,"k":0,"ix":10},"p":{"a":0,"k":[250,250,0],"ix":2},"a":{"a":0,"k":[0,0,0],"ix":1},"s":{"a":0,"k":[100,100,100],"ix":6}},"ao":0,"ip":0,"op":41,"st":0,"bm":0}],"markers":[]}