{"v":"5.7.4","fr":60,"ip":0,"op":180,"w":500,"h":500,"nm":"46 Building","ddd":0,"assets":[],"layers":[{"ddd":0,"ind":1,"ty":3,"nm":"Main Stroke width - Color Ctrl","parent":4,"sr":1,"ks":{"o":{"a":0,"k":100,"ix":11},"r":{"a":0,"k":0,"ix":10},"p":{"a":0,"k":[0,0,0],"ix":2,"l":2},"a":{"a":0,"k":[250,250,0],"ix":1,"l":2},"s":{"a":0,"k":[100,100,100],"ix":6,"l":2}},"ao":0,"ef":[{"ty":5,"nm":"Stroke width","np":3,"mn":"ADBE Slider Control","ix":1,"en":1,"ef":[{"ty":0,"nm":"Slider","mn":"ADBE Slider Control-0001","ix":1,"v":{"a":0,"k":16,"ix":1}}]}],"ip":0,"op":180,"st":0,"bm":0},{"ddd":0,"ind":2,"ty":4,"nm":"Building","parent":1,"sr":1,"ks":{"o":{"a":0,"k":100,"ix":11},"r":{"a":0,"k":0,"ix":10},"p":{"a":0,"k":[250.177,250.185,0],"ix":2,"l":2},"a":{"a":0,"k":[250.177,250.185,0],"ix":1,"l":2},"s":{"a":0,"k":[100,100,100],"ix":6,"l":2}},"ao":0,"shapes":[{"ty":"gr","it":[{"ind":0,"ty":"sh","ix":1,"ks":{"a":1,"k":[{"i":{"x":0.25,"y":1},"o":{"x":0.75,"y":0},"t":0,"s":[{"i":[[0,0],[0,0],[0,0],[0,0]],"o":[[0,0],[0,0],[0,0],[0,0]],"v":[[-41.038,140.525],[41.038,140.525],[41.038,-140.525],[-41.038,-140.525]],"c":true}]},{"i":{"x":0.25,"y":1},"o":{"x":0.75,"y":0},"t":48,"s":[{"i":[[0,0],[0,0],[0,0],[0,0]],"o":[[0,0],[0,0],[0,0],[0,0]],"v":[[-41.038,140.525],[64.538,140.549],[64.538,-195.872],[-41.038,-195.896]],"c":true}]},{"i":{"x":0.25,"y":1},"o":{"x":0.75,"y":0},"t":78,"s":[{"i":[[0,0],[0,0],[0,0],[0,0]],"o":[[0,0],[0,0],[0,0],[0,0]],"v":[[-41.038,140.525],[64.538,140.549],[64.538,-195.872],[-41.038,-195.896]],"c":true}]},{"t":126,"s":[{"i":[[0,0],[0,0],[0,0],[0,0]],"o":[[0,0],[0,0],[0,0],[0,0]],"v":[[-41.038,140.525],[41.038,140.525],[41.038,-140.525],[-41.038,-140.525]],"c":true}]}],"ix":2},"nm":"Path 1","mn":"ADBE Vector Shape - Group","hd":false},{"ind":1,"ty":"sh","ix":2,"ks":{"a":1,"k":[{"i":{"x":0.25,"y":1},"o":{"x":0.75,"y":0},"t":0,"s":[{"i":[[0,0],[0,0]],"o":[[0,0],[0,0]],"v":[[169.165,13.238],[86.794,13.238]],"c":false}]},{"i":{"x":0.25,"y":1},"o":{"x":0.75,"y":0},"t":48,"s":[{"i":[[0,0],[0,0]],"o":[[0,0],[0,0]],"v":[[150.862,32.674],[101.294,32.674]],"c":false}]},{"i":{"x":0.25,"y":1},"o":{"x":0.75,"y":0},"t":78,"s":[{"i":[[0,0],[0,0]],"o":[[0,0],[0,0]],"v":[[150.862,32.674],[101.294,32.674]],"c":false}]},{"t":126,"s":[{"i":[[0,0],[0,0]],"o":[[0,0],[0,0]],"v":[[169.165,13.238],[86.794,13.238]],"c":false}]}],"ix":2},"nm":"Path 2","mn":"ADBE Vector Shape - Group","hd":false},{"ind":2,"ty":"sh","ix":3,"ks":{"a":1,"k":[{"i":{"x":0.25,"y":1},"o":{"x":0.75,"y":0},"t":0,"s":[{"i":[[0,0],[0,0]],"o":[[0,0],[0,0]],"v":[[169.165,-35.169],[86.794,-35.169]],"c":false}]},{"i":{"x":0.25,"y":1},"o":{"x":0.75,"y":0},"t":48,"s":[{"i":[[0,0],[0,0]],"o":[[0,0],[0,0]],"v":[[150.862,-0.257],[101.294,-0.257]],"c":false}]},{"i":{"x":0.25,"y":1},"o":{"x":0.75,"y":0},"t":78,"s":[{"i":[[0,0],[0,0]],"o":[[0,0],[0,0]],"v":[[150.862,-0.257],[101.294,-0.257]],"c":false}]},{"t":126,"s":[{"i":[[0,0],[0,0]],"o":[[0,0],[0,0]],"v":[[169.165,-35.169],[86.794,-35.169]],"c":false}]}],"ix":2},"nm":"Path 3","mn":"ADBE Vector Shape - Group","hd":false},{"ind":3,"ty":"sh","ix":4,"ks":{"a":1,"k":[{"i":{"x":0.25,"y":1},"o":{"x":0.75,"y":0},"t":0,"s":[{"i":[[0,0],[0,0]],"o":[[0,0],[0,0]],"v":[[169.165,-83.576],[86.794,-83.576]],"c":false}]},{"i":{"x":0.25,"y":1},"o":{"x":0.75,"y":0},"t":48,"s":[{"i":[[0,0],[0,0]],"o":[[0,0],[0,0]],"v":[[150.862,-33.188],[101.294,-33.188]],"c":false}]},{"i":{"x":0.25,"y":1},"o":{"x":0.75,"y":0},"t":78,"s":[{"i":[[0,0],[0,0]],"o":[[0,0],[0,0]],"v":[[150.862,-33.188],[101.294,-33.188]],"c":false}]},{"t":126,"s":[{"i":[[0,0],[0,0]],"o":[[0,0],[0,0]],"v":[[169.165,-83.576],[86.794,-83.576]],"c":false}]}],"ix":2},"nm":"Path 4","mn":"ADBE Vector Shape - Group","hd":false},{"ind":4,"ty":"sh","ix":5,"ks":{"a":1,"k":[{"i":{"x":0.25,"y":1},"o":{"x":0.75,"y":0},"t":0,"s":[{"i":[[0,0],[0,0]],"o":[[0,0],[0,0]],"v":[[169.165,-131.983],[86.794,-131.983]],"c":false}]},{"i":{"x":0.25,"y":1},"o":{"x":0.75,"y":0},"t":48,"s":[{"i":[[0,0],[0,0]],"o":[[0,0],[0,0]],"v":[[150.862,-66.119],[101.294,-66.119]],"c":false}]},{"i":{"x":0.25,"y":1},"o":{"x":0.75,"y":0},"t":78,"s":[{"i":[[0,0],[0,0]],"o":[[0,0],[0,0]],"v":[[150.862,-66.119],[101.294,-66.119]],"c":false}]},{"t":126,"s":[{"i":[[0,0],[0,0]],"o":[[0,0],[0,0]],"v":[[169.165,-131.983],[86.794,-131.983]],"c":false}]}],"ix":2},"nm":"Path 5","mn":"ADBE Vector Shape - Group","hd":false},{"ind":5,"ty":"sh","ix":6,"ks":{"a":1,"k":[{"i":{"x":0.25,"y":1},"o":{"x":0.75,"y":0},"t":0,"s":[{"i":[[0,0],[0,0]],"o":[[0,0],[0,0]],"v":[[169.165,-180.39],[86.794,-180.39]],"c":false}]},{"i":{"x":0.25,"y":1},"o":{"x":0.75,"y":0},"t":48,"s":[{"i":[[0,0],[0,0]],"o":[[0,0],[0,0]],"v":[[150.862,-99.05],[101.294,-99.05]],"c":false}]},{"i":{"x":0.25,"y":1},"o":{"x":0.75,"y":0},"t":78,"s":[{"i":[[0,0],[0,0]],"o":[[0,0],[0,0]],"v":[[150.862,-99.05],[101.294,-99.05]],"c":false}]},{"t":126,"s":[{"i":[[0,0],[0,0]],"o":[[0,0],[0,0]],"v":[[169.165,-180.39],[86.794,-180.39]],"c":false}]}],"ix":2},"nm":"Path 6","mn":"ADBE Vector Shape - Group","hd":false},{"ind":6,"ty":"sh","ix":7,"ks":{"a":1,"k":[{"i":{"x":0.25,"y":1},"o":{"x":0.75,"y":0},"t":0,"s":[{"i":[[0,0],[0,0]],"o":[[0,0],[0,0]],"v":[[312.086,140.525],[-55.939,140.525]],"c":false}]},{"t":126,"s":[{"i":[[0,0],[0,0]],"o":[[0,0],[0,0]],"v":[[312.086,140.525],[-55.939,140.525]],"c":false}]}],"ix":2},"nm":"Path 7","mn":"ADBE Vector Shape - Group","hd":false},{"ind":7,"ty":"sh","ix":8,"ks":{"a":1,"k":[{"i":{"x":0.25,"y":1},"o":{"x":0.75,"y":0},"t":0,"s":[{"i":[[0,0],[0,0],[0,0],[0,0]],"o":[[0,0],[0,0],[0,0],[0,0]],"v":[[214.921,140.525],[296.997,140.525],[296.997,-10.746],[214.921,-10.746]],"c":true}]},{"i":{"x":0.25,"y":1},"o":{"x":0.75,"y":0},"t":48,"s":[{"i":[[0,0],[0,0],[0,0],[0,0]],"o":[[0,0],[0,0],[0,0],[0,0]],"v":[[187.396,140.549],[296.997,140.525],[296.997,-162.396],[187.396,-162.372]],"c":true}]},{"i":{"x":0.25,"y":1},"o":{"x":0.75,"y":0},"t":78,"s":[{"i":[[0,0],[0,0],[0,0],[0,0]],"o":[[0,0],[0,0],[0,0],[0,0]],"v":[[187.396,140.549],[296.997,140.525],[296.997,-162.396],[187.396,-162.372]],"c":true}]},{"t":126,"s":[{"i":[[0,0],[0,0],[0,0],[0,0]],"o":[[0,0],[0,0],[0,0],[0,0]],"v":[[214.921,140.525],[296.997,140.525],[296.997,-10.746],[214.921,-10.746]],"c":true}]}],"ix":2},"nm":"Path 8","mn":"ADBE Vector Shape - Group","hd":false},{"ind":8,"ty":"sh","ix":9,"ks":{"a":1,"k":[{"i":{"x":0.25,"y":1},"o":{"x":0.75,"y":0},"t":0,"s":[{"i":[[0,0],[0,0],[0,0],[0,0]],"o":[[0,0],[0,0],[0,0],[0,0]],"v":[[41.038,140.525],[214.921,140.525],[214.921,-226.947],[41.038,-226.947]],"c":true}]},{"i":{"x":0.25,"y":1},"o":{"x":0.75,"y":0},"t":48,"s":[{"i":[[0,0],[0,0],[0,0],[0,0]],"o":[[0,0],[0,0],[0,0],[0,0]],"v":[[64.538,140.549],[187.396,140.549],[187.396,-130.872],[64.538,-130.872]],"c":true}]},{"i":{"x":0.25,"y":1},"o":{"x":0.75,"y":0},"t":78,"s":[{"i":[[0,0],[0,0],[0,0],[0,0]],"o":[[0,0],[0,0],[0,0],[0,0]],"v":[[64.538,140.549],[187.396,140.549],[187.396,-130.872],[64.538,-130.872]],"c":true}]},{"t":126,"s":[{"i":[[0,0],[0,0],[0,0],[0,0]],"o":[[0,0],[0,0],[0,0],[0,0]],"v":[[41.038,140.525],[214.921,140.525],[214.921,-226.947],[41.038,-226.947]],"c":true}]}],"ix":2},"nm":"Path 9","mn":"ADBE Vector Shape - Group","hd":false},{"ty":"st","c":{"a":0,"k":[0,0,0,1],"ix":3,"x":"var $bm_rt;\n$bm_rt = thisComp.layer('Main Stroke width - Color Ctrl').effect('Base Color')('Color');"},"o":{"a":0,"k":100,"ix":4},"w":{"a":0,"k":22,"ix":5,"x":"var $bm_rt;\n$bm_rt = thisComp.layer('Main Stroke width - Color Ctrl').effect('Stroke width')('Slider');"},"lc":2,"lj":2,"bm":0,"nm":"Stroke 1","mn":"ADBE Vector Graphic - Stroke","hd":false},{"ty":"tr","p":{"a":0,"k":[122.104,293.396],"ix":2},"a":{"a":0,"k":[0,0],"ix":1},"s":{"a":0,"k":[100,100],"ix":3},"r":{"a":0,"k":0,"ix":6},"o":{"a":0,"k":100,"ix":7},"sk":{"a":0,"k":0,"ix":4},"sa":{"a":0,"k":0,"ix":5},"nm":"Transform"}],"nm":"Group 1","np":10,"cix":2,"bm":0,"ix":1,"mn":"ADBE Vector Group","hd":false},{"ty":"gr","it":[{"ind":0,"ty":"sh","ix":1,"ks":{"a":1,"k":[{"i":{"x":0.25,"y":1},"o":{"x":0.75,"y":0},"t":0,"s":[{"i":[[0,0],[0,0]],"o":[[0,0],[0,0]],"v":[[41.038,0],[-41.038,0]],"c":false}]},{"i":{"x":0.25,"y":1},"o":{"x":0.75,"y":0},"t":48,"s":[{"i":[[0,0],[0,0]],"o":[[0,0],[0,0]],"v":[[64.538,0.025],[-41.038,0]],"c":false}]},{"i":{"x":0.25,"y":1},"o":{"x":0.75,"y":0},"t":78,"s":[{"i":[[0,0],[0,0]],"o":[[0,0],[0,0]],"v":[[64.538,0.025],[-41.038,0]],"c":false}]},{"t":126,"s":[{"i":[[0,0],[0,0]],"o":[[0,0],[0,0]],"v":[[41.038,0],[-41.038,0]],"c":false}]}],"ix":2},"nm":"Path 1","mn":"ADBE Vector Shape - Group","hd":false},{"ind":1,"ty":"sh","ix":2,"ks":{"a":1,"k":[{"i":{"x":0.25,"y":1},"o":{"x":0.75,"y":0},"t":0,"s":[{"i":[[0,0],[0,0]],"o":[[0,0],[0,0]],"v":[[41.038,-72.313],[-41.038,-72.313]],"c":false}]},{"i":{"x":0.25,"y":1},"o":{"x":0.75,"y":0},"t":48,"s":[{"i":[[0,0],[0,0]],"o":[[0,0],[0,0]],"v":[[64.538,-91.101],[-41.038,-91.126]],"c":false}]},{"i":{"x":0.25,"y":1},"o":{"x":0.75,"y":0},"t":78,"s":[{"i":[[0,0],[0,0]],"o":[[0,0],[0,0]],"v":[[64.538,-91.101],[-41.038,-91.126]],"c":false}]},{"t":126,"s":[{"i":[[0,0],[0,0]],"o":[[0,0],[0,0]],"v":[[41.038,-72.313],[-41.038,-72.313]],"c":false}]}],"ix":2},"nm":"Path 2","mn":"ADBE Vector Shape - Group","hd":false},{"ind":2,"ty":"sh","ix":3,"ks":{"a":1,"k":[{"i":{"x":0.25,"y":1},"o":{"x":0.75,"y":0},"t":0,"s":[{"i":[[0,0],[0,0]],"o":[[0,0],[0,0]],"v":[[41.038,-144.626],[-41.038,-144.626]],"c":false}]},{"i":{"x":0.25,"y":1},"o":{"x":0.75,"y":0},"t":48,"s":[{"i":[[0,0],[0,0]],"o":[[0,0],[0,0]],"v":[[64.538,-182.227],[-41.038,-182.251]],"c":false}]},{"i":{"x":0.25,"y":1},"o":{"x":0.75,"y":0},"t":78,"s":[{"i":[[0,0],[0,0]],"o":[[0,0],[0,0]],"v":[[64.538,-182.227],[-41.038,-182.251]],"c":false}]},{"t":126,"s":[{"i":[[0,0],[0,0]],"o":[[0,0],[0,0]],"v":[[41.038,-144.626],[-41.038,-144.626]],"c":false}]}],"ix":2},"nm":"Path 3","mn":"ADBE Vector Shape - Group","hd":false},{"ind":3,"ty":"sh","ix":4,"ks":{"a":1,"k":[{"i":{"x":0.25,"y":1},"o":{"x":0.75,"y":0},"t":0,"s":[{"i":[[0,0],[0,0],[0,0],[0,0]],"o":[[0,0],[0,0],[0,0],[0,0]],"v":[[88.158,-7.423],[167.801,-7.423],[167.801,68.212],[88.158,68.212]],"c":true}]},{"i":{"x":0.25,"y":1},"o":{"x":0.75,"y":0},"t":48,"s":[{"i":[[0,0],[0,0],[0,0],[0,0]],"o":[[0,0],[0,0],[0,0],[0,0]],"v":[[102.115,-4.501],[150.041,-4.501],[150.041,68.448],[102.115,68.448]],"c":true}]},{"i":{"x":0.25,"y":1},"o":{"x":0.75,"y":0},"t":78,"s":[{"i":[[0,0],[0,0],[0,0],[0,0]],"o":[[0,0],[0,0],[0,0],[0,0]],"v":[[102.115,-4.501],[150.041,-4.501],[150.041,68.448],[102.115,68.448]],"c":true}]},{"t":126,"s":[{"i":[[0,0],[0,0],[0,0],[0,0]],"o":[[0,0],[0,0],[0,0],[0,0]],"v":[[88.158,-7.423],[167.801,-7.423],[167.801,68.212],[88.158,68.212]],"c":true}]}],"ix":2},"nm":"Path 4","mn":"ADBE Vector Shape - Group","hd":false},{"ind":4,"ty":"sh","ix":5,"ks":{"a":1,"k":[{"i":{"x":0.25,"y":1},"o":{"x":0.75,"y":0},"t":0,"s":[{"i":[[0,0],[0,0]],"o":[[0,0],[0,0]],"v":[[296.997,-30.077],[214.921,-30.077]],"c":false}]},{"i":{"x":0.25,"y":1},"o":{"x":0.75,"y":0},"t":48,"s":[{"i":[[0,0],[0,0]],"o":[[0,0],[0,0]],"v":[[296.997,-151.577],[187.396,-151.553]],"c":false}]},{"i":{"x":0.25,"y":1},"o":{"x":0.75,"y":0},"t":78,"s":[{"i":[[0,0],[0,0]],"o":[[0,0],[0,0]],"v":[[296.997,-151.577],[187.396,-151.553]],"c":false}]},{"t":126,"s":[{"i":[[0,0],[0,0]],"o":[[0,0],[0,0]],"v":[[296.997,-30.077],[214.921,-30.077]],"c":false}]}],"ix":2},"nm":"Path 5","mn":"ADBE Vector Shape - Group","hd":false},{"ty":"st","c":{"a":0,"k":[0.20000000298,0.800000011921,0.800000011921,1],"ix":3,"x":"var $bm_rt;\n$bm_rt = thisComp.layer('Main Stroke width - Color Ctrl').effect('Highlight')('Color');"},"o":{"a":0,"k":100,"ix":4},"w":{"a":0,"k":22,"ix":5,"x":"var $bm_rt;\n$bm_rt = thisComp.layer('Main Stroke width - Color Ctrl').effect('Stroke width')('Slider');"},"lc":2,"lj":2,"bm":0,"nm":"Stroke 1","mn":"ADBE Vector Graphic - Stroke","hd":false},{"ty":"tr","p":{"a":0,"k":[122.104,365.709],"ix":2},"a":{"a":0,"k":[0,0],"ix":1},"s":{"a":0,"k":[100,100],"ix":3},"r":{"a":0,"k":0,"ix":6},"o":{"a":0,"k":100,"ix":7},"sk":{"a":0,"k":0,"ix":4},"sa":{"a":0,"k":0,"ix":5},"nm":"Transform"}],"nm":"Group 10","np":6,"cix":2,"bm":0,"ix":2,"mn":"ADBE Vector Group","hd":false}],"ip":0,"op":180,"st":0,"bm":0},{"ddd":0,"ind":4,"ty":3,"nm":"Zero | troke width - Color Ctrl","sr":1,"ks":{"o":{"a":0,"k":0,"ix":11},"r":{"a":0,"k":0,"ix":10},"p":{"a":0,"k":[250,250,0],"ix":2,"l":2},"a":{"a":0,"k":[0,0,0],"ix":1,"l":2},"s":{"a":0,"k":[100,100,100],"ix":6,"l":2}},"ao":0,"ip":0,"op":180,"st":0,"bm":0}],"markers":[{"tm":0,"cm":"Zero","dr":0}]}