{"v":"4.8.0","meta":{"g":"LottieFiles AE 3.0.0","a":"","k":"","d":"","tc":""},"fr":25,"ip":0,"op":35,"w":500,"h":500,"nm":"35 Store","ddd":0,"assets":[],"layers":[{"ddd":0,"ind":1,"ty":3,"nm":"Main Stroke width - Color Ctrl","parent":7,"sr":1,"ks":{"o":{"a":0,"k":0,"ix":11},"r":{"a":0,"k":0,"ix":10},"p":{"a":0,"k":[0,0,0],"ix":2},"a":{"a":0,"k":[50,50,0],"ix":1},"s":{"a":0,"k":[100,100,100],"ix":6}},"ao":0,"ef":[{"ty":5,"nm":"Stroke width","np":3,"mn":"ADBE Slider Control","ix":1,"en":1,"ef":[{"ty":0,"nm":"Slider","mn":"ADBE Slider Control-0001","ix":1,"v":{"a":0,"k":16,"ix":1}}]}],"ip":0,"op":35,"st":-3,"bm":0},{"ddd":0,"ind":2,"ty":4,"nm":"Door","sr":1,"ks":{"o":{"a":0,"k":100,"ix":11},"r":{"a":0,"k":0,"ix":10},"p":{"a":0,"k":[189.567,346.693,0],"ix":2},"a":{"a":0,"k":[160.867,293.82,0],"ix":1},"s":{"a":0,"k":[100,100,100],"ix":6}},"ao":0,"shapes":[{"ty":"gr","it":[{"ind":0,"ty":"sh","ix":1,"ks":{"a":1,"k":[{"i":{"x":0.44,"y":1},"o":{"x":0.56,"y":0},"t":4,"s":[{"i":[[0,0],[0,0],[0,0],[0,0]],"o":[[0,0],[0,0],[0,0],[0,0]],"v":[[-36.26,60.434],[36.26,60.434],[36.26,-60.433],[-36.26,-60.433]],"c":true}]},{"i":{"x":0.44,"y":1},"o":{"x":0.56,"y":0},"t":15,"s":[{"i":[[0,0],[0,0],[0,0],[0,0]],"o":[[0,0],[0,0],[0,0],[0,0]],"v":[[-36.26,60.434],[13.76,71.307],[13.76,-71.693],[-36.26,-60.433]],"c":true}]},{"t":26,"s":[{"i":[[0,0],[0,0],[0,0],[0,0]],"o":[[0,0],[0,0],[0,0],[0,0]],"v":[[-36.26,60.434],[36.26,60.434],[36.26,-60.433],[-36.26,-60.433]],"c":true}]}],"ix":2},"nm":"Path 1","mn":"ADBE Vector Shape - Group","hd":false},{"ty":"st","c":{"a":0,"k":[0,0,0,1],"ix":3,"x":"var $bm_rt;\n$bm_rt = thisComp.layer('Main Stroke width - Color Ctrl').effect('Base Color')('Color');"},"o":{"a":0,"k":100,"ix":4},"w":{"a":0,"k":16,"ix":5,"x":"var $bm_rt;\n$bm_rt = thisComp.layer('Main Stroke width - Color Ctrl').effect('Stroke width')('Slider');"},"lc":2,"lj":2,"bm":0,"nm":"Stroke 1","mn":"ADBE Vector Graphic - Stroke","hd":false},{"ty":"tr","p":{"a":0,"k":[160.867,293.82],"ix":2},"a":{"a":0,"k":[0,0],"ix":1},"s":{"a":0,"k":[100,100],"ix":3},"r":{"a":0,"k":0,"ix":6},"o":{"a":0,"k":100,"ix":7},"sk":{"a":0,"k":0,"ix":4},"sa":{"a":0,"k":0,"ix":5},"nm":"Transform"}],"nm":"Group 11","np":2,"cix":2,"bm":0,"ix":1,"mn":"ADBE Vector Group","hd":false}],"ip":0,"op":35,"st":0,"bm":0},{"ddd":0,"ind":3,"ty":4,"nm":"Door Mask","parent":2,"td":1,"sr":1,"ks":{"o":{"a":0,"k":100,"ix":11},"r":{"a":0,"k":0,"ix":10},"p":{"a":0,"k":[160.867,293.82,0],"ix":2},"a":{"a":0,"k":[160.867,293.82,0],"ix":1},"s":{"a":0,"k":[100,100,100],"ix":6}},"ao":0,"shapes":[{"ty":"gr","it":[{"ind":0,"ty":"sh","ix":1,"ks":{"a":1,"k":[{"i":{"x":0.44,"y":1},"o":{"x":0.56,"y":0},"t":4,"s":[{"i":[[0,0],[0,0],[0,0],[0,0]],"o":[[0,0],[0,0],[0,0],[0,0]],"v":[[-36.26,60.434],[36.26,60.434],[36.26,-60.433],[-36.26,-60.433]],"c":true}]},{"i":{"x":0.44,"y":1},"o":{"x":0.56,"y":0},"t":15,"s":[{"i":[[0,0],[0,0],[0,0],[0,0]],"o":[[0,0],[0,0],[0,0],[0,0]],"v":[[-36.26,60.434],[13.76,71.307],[13.76,-71.693],[-36.26,-60.433]],"c":true}]},{"t":26,"s":[{"i":[[0,0],[0,0],[0,0],[0,0]],"o":[[0,0],[0,0],[0,0],[0,0]],"v":[[-36.26,60.434],[36.26,60.434],[36.26,-60.433],[-36.26,-60.433]],"c":true}]}],"ix":2},"nm":"Path 1","mn":"ADBE Vector Shape - Group","hd":false},{"ty":"st","c":{"a":0,"k":[0,0,0,1],"ix":3,"x":"var $bm_rt;\n$bm_rt = thisComp.layer('Main Stroke width - Color Ctrl').effect('Base Color')('Color');"},"o":{"a":0,"k":100,"ix":4},"w":{"a":0,"k":16,"ix":5,"x":"var $bm_rt;\n$bm_rt = thisComp.layer('Main Stroke width - Color Ctrl').effect('Stroke width')('Slider');"},"lc":2,"lj":2,"bm":0,"nm":"Stroke 1","mn":"ADBE Vector Graphic - Stroke","hd":false},{"ty":"tr","p":{"a":0,"k":[160.867,293.82],"ix":2},"a":{"a":0,"k":[0,0],"ix":1},"s":{"a":0,"k":[100,100],"ix":3},"r":{"a":0,"k":0,"ix":6},"o":{"a":0,"k":100,"ix":7},"sk":{"a":0,"k":0,"ix":4},"sa":{"a":0,"k":0,"ix":5},"nm":"Transform"}],"nm":"Group 11","np":2,"cix":2,"bm":0,"ix":1,"mn":"ADBE Vector Group","hd":false},{"ty":"fl","c":{"a":0,"k":[1,0,0,1],"ix":4},"o":{"a":0,"k":100,"ix":5},"r":1,"bm":0,"nm":"Fill 1","mn":"ADBE Vector Graphic - Fill","hd":false}],"ip":0,"op":35,"st":0,"bm":0},{"ddd":0,"ind":4,"ty":4,"nm":"Store","tt":2,"sr":1,"ks":{"o":{"a":0,"k":100,"ix":11},"r":{"a":0,"k":0,"ix":10},"p":{"a":0,"k":[250,250,0],"ix":2},"a":{"a":0,"k":[221.3,197.126,0],"ix":1},"s":{"a":0,"k":[100,100,100],"ix":6}},"ao":0,"shapes":[{"ty":"gr","it":[{"ind":0,"ty":"sh","ix":1,"ks":{"a":0,"k":{"i":[[0,0],[0,0],[0,0],[0,0]],"o":[[0,0],[0,0],[0,0],[0,0]],"v":[[6.044,-36.26],[-42.303,-36.26],[-30.216,36.26],[42.303,36.26]],"c":true},"ix":2},"nm":"Path 1","mn":"ADBE Vector Shape - Group","hd":false},{"ty":"st","c":{"a":0,"k":[0,0,0,1],"ix":3,"x":"var $bm_rt;\n$bm_rt = thisComp.layer('Main Stroke width - Color Ctrl').effect('Base Color')('Color');"},"o":{"a":0,"k":100,"ix":4},"w":{"a":0,"k":16,"ix":5,"x":"var $bm_rt;\n$bm_rt = thisComp.layer('Main Stroke width - Color Ctrl').effect('Stroke width')('Slider');"},"lc":2,"lj":2,"bm":0,"nm":"Stroke 1","mn":"ADBE Vector Graphic - Stroke","hd":false},{"ty":"tr","p":{"a":0,"k":[287.776,76.26],"ix":2},"a":{"a":0,"k":[0,0],"ix":1},"s":{"a":0,"k":[100,100],"ix":3},"r":{"a":0,"k":0,"ix":6},"o":{"a":0,"k":100,"ix":7},"sk":{"a":0,"k":0,"ix":4},"sa":{"a":0,"k":0,"ix":5},"nm":"Transform"}],"nm":"Group 1","np":2,"cix":2,"bm":0,"ix":1,"mn":"ADBE Vector Group","hd":false},{"ty":"gr","it":[{"ind":0,"ty":"sh","ix":1,"ks":{"a":0,"k":{"i":[[0,0],[0,0],[0,0],[0,0]],"o":[[0,0],[0,0],[0,0],[0,0]],"v":[[42.303,-36.26],[-6.044,-36.26],[-42.304,36.26],[30.216,36.26]],"c":true},"ix":2},"nm":"Path 1","mn":"ADBE Vector Shape - Group","hd":false},{"ty":"st","c":{"a":0,"k":[0,0,0,1],"ix":3,"x":"var $bm_rt;\n$bm_rt = thisComp.layer('Main Stroke width - Color Ctrl').effect('Base Color')('Color');"},"o":{"a":0,"k":100,"ix":4},"w":{"a":0,"k":16,"ix":5,"x":"var $bm_rt;\n$bm_rt = thisComp.layer('Main Stroke width - Color Ctrl').effect('Stroke width')('Slider');"},"lc":2,"lj":2,"bm":0,"nm":"Stroke 1","mn":"ADBE Vector Graphic - Stroke","hd":false},{"ty":"tr","p":{"a":0,"k":[154.823,76.26],"ix":2},"a":{"a":0,"k":[0,0],"ix":1},"s":{"a":0,"k":[100,100],"ix":3},"r":{"a":0,"k":0,"ix":6},"o":{"a":0,"k":100,"ix":7},"sk":{"a":0,"k":0,"ix":4},"sa":{"a":0,"k":0,"ix":5},"nm":"Transform"}],"nm":"Group 2","np":2,"cix":2,"bm":0,"ix":2,"mn":"ADBE Vector Group","hd":false},{"ty":"gr","it":[{"ind":0,"ty":"sh","ix":1,"ks":{"a":0,"k":{"i":[[0,0],[0,0],[0,0],[0,0]],"o":[[0,0],[0,0],[0,0],[0,0]],"v":[[-6.043,-36.26],[-54.39,-36.26],[-18.13,36.26],[54.39,36.26]],"c":true},"ix":2},"nm":"Path 1","mn":"ADBE Vector Shape - Group","hd":false},{"ty":"st","c":{"a":0,"k":[0,0,0,1],"ix":3,"x":"var $bm_rt;\n$bm_rt = thisComp.layer('Main Stroke width - Color Ctrl').effect('Base Color')('Color');"},"o":{"a":0,"k":100,"ix":4},"w":{"a":0,"k":16,"ix":5,"x":"var $bm_rt;\n$bm_rt = thisComp.layer('Main Stroke width - Color Ctrl').effect('Stroke width')('Slider');"},"lc":2,"lj":2,"bm":0,"nm":"Stroke 1","mn":"ADBE Vector Graphic - Stroke","hd":false},{"ty":"tr","p":{"a":0,"k":[348.21,76.26],"ix":2},"a":{"a":0,"k":[0,0],"ix":1},"s":{"a":0,"k":[100,100],"ix":3},"r":{"a":0,"k":0,"ix":6},"o":{"a":0,"k":100,"ix":7},"sk":{"a":0,"k":0,"ix":4},"sa":{"a":0,"k":0,"ix":5},"nm":"Transform"}],"nm":"Group 3","np":2,"cix":2,"bm":0,"ix":3,"mn":"ADBE Vector Group","hd":false},{"ty":"gr","it":[{"ind":0,"ty":"sh","ix":1,"ks":{"a":0,"k":{"i":[[0,0],[0,0],[0,0],[0,0]],"o":[[0,0],[0,0],[0,0],[0,0]],"v":[[24.173,-36.26],[-24.174,-36.26],[-36.26,36.26],[36.26,36.26]],"c":true},"ix":2},"nm":"Path 1","mn":"ADBE Vector Shape - Group","hd":false},{"ty":"st","c":{"a":0,"k":[0,0,0,1],"ix":3,"x":"var $bm_rt;\n$bm_rt = thisComp.layer('Main Stroke width - Color Ctrl').effect('Base Color')('Color');"},"o":{"a":0,"k":100,"ix":4},"w":{"a":0,"k":16,"ix":5,"x":"var $bm_rt;\n$bm_rt = thisComp.layer('Main Stroke width - Color Ctrl').effect('Stroke width')('Slider');"},"lc":2,"lj":2,"bm":0,"nm":"Stroke 1","mn":"ADBE Vector Graphic - Stroke","hd":false},{"ty":"tr","p":{"a":0,"k":[221.3,76.26],"ix":2},"a":{"a":0,"k":[0,0],"ix":1},"s":{"a":0,"k":[100,100],"ix":3},"r":{"a":0,"k":0,"ix":6},"o":{"a":0,"k":100,"ix":7},"sk":{"a":0,"k":0,"ix":4},"sa":{"a":0,"k":0,"ix":5},"nm":"Transform"}],"nm":"Group 4","np":2,"cix":2,"bm":0,"ix":4,"mn":"ADBE Vector Group","hd":false},{"ty":"gr","it":[{"ind":0,"ty":"sh","ix":1,"ks":{"a":0,"k":{"i":[[0,0],[0,0],[0,0],[0,0]],"o":[[0,0],[0,0],[0,0],[0,0]],"v":[[54.39,-36.26],[6.043,-36.26],[-54.39,36.26],[18.13,36.26]],"c":true},"ix":2},"nm":"Path 1","mn":"ADBE Vector Shape - Group","hd":false},{"ty":"st","c":{"a":0,"k":[0,0,0,1],"ix":3,"x":"var $bm_rt;\n$bm_rt = thisComp.layer('Main Stroke width - Color Ctrl').effect('Base Color')('Color');"},"o":{"a":0,"k":100,"ix":4},"w":{"a":0,"k":16,"ix":5,"x":"var $bm_rt;\n$bm_rt = thisComp.layer('Main Stroke width - Color Ctrl').effect('Stroke width')('Slider');"},"lc":2,"lj":2,"bm":0,"nm":"Stroke 1","mn":"ADBE Vector Graphic - Stroke","hd":false},{"ty":"tr","p":{"a":0,"k":[94.39,76.26],"ix":2},"a":{"a":0,"k":[0,0],"ix":1},"s":{"a":0,"k":[100,100],"ix":3},"r":{"a":0,"k":0,"ix":6},"o":{"a":0,"k":100,"ix":7},"sk":{"a":0,"k":0,"ix":4},"sa":{"a":0,"k":0,"ix":5},"nm":"Transform"}],"nm":"Group 5","np":2,"cix":2,"bm":0,"ix":5,"mn":"ADBE Vector Group","hd":false},{"ty":"gr","it":[{"ind":0,"ty":"sh","ix":1,"ks":{"a":1,"k":[{"i":{"x":0.38,"y":1},"o":{"x":0.62,"y":0},"t":3,"s":[{"i":[[0,0],[0,0],[0,0],[-20.028,0],[0,20.028]],"o":[[0,0],[0,0],[0,20.028],[20.028,0],[0,0]],"v":[[36.26,-36.26],[-36.26,-36.26],[-36.26,0],[0,36.26],[36.26,0]],"c":true}]},{"i":{"x":0.38,"y":1},"o":{"x":0.62,"y":0},"t":10,"s":[{"i":[[0,0],[0,0],[0,0],[-20.028,0],[-4.3,18.947]],"o":[[0,0],[0,0],[-3.03,19.447],[20.028,0],[0,0]],"v":[[36.26,-36.26],[-36.26,-36.26],[-42.26,-0.1],[-6,36.16],[30.26,-0.1]],"c":true}]},{"i":{"x":0.38,"y":1},"o":{"x":0.62,"y":0},"t":17,"s":[{"i":[[0,0],[0,0],[0,0],[-20.028,0],[1.7,19.213]],"o":[[0,0],[0,0],[2.97,20.963],[20.028,0],[0,0]],"v":[[36.26,-36.26],[-36.26,-36.26],[-32.76,-0.117],[3.5,36.143],[39.76,-0.117]],"c":true}]},{"i":{"x":0.38,"y":1},"o":{"x":0.62,"y":0},"t":25,"s":[{"i":[[0,0],[0,0],[0,0],[-20.028,0],[-4.3,18.947]],"o":[[0,0],[0,0],[-3.03,19.447],[20.028,0],[0,0]],"v":[[36.26,-36.26],[-36.26,-36.26],[-38.8,-0.067],[-2.5,36.193],[33.72,-0.067]],"c":true}]},{"t":32,"s":[{"i":[[0,0],[0,0],[0,0],[-20.028,0],[0,20.028]],"o":[[0,0],[0,0],[0,20.028],[20.028,0],[0,0]],"v":[[36.26,-36.26],[-36.26,-36.26],[-36.26,0],[0,36.26],[36.26,0]],"c":true}]}],"ix":2},"nm":"Path 1","mn":"ADBE Vector Shape - Group","hd":false},{"ty":"st","c":{"a":0,"k":[0,0,0,1],"ix":3,"x":"var $bm_rt;\n$bm_rt = thisComp.layer('Main Stroke width - Color Ctrl').effect('Base Color')('Color');"},"o":{"a":0,"k":100,"ix":4},"w":{"a":0,"k":16,"ix":5,"x":"var $bm_rt;\n$bm_rt = thisComp.layer('Main Stroke width - Color Ctrl').effect('Stroke width')('Slider');"},"lc":2,"lj":2,"bm":0,"nm":"Stroke 1","mn":"ADBE Vector Graphic - Stroke","hd":false},{"ty":"tr","p":{"a":0,"k":[366.34,148.78],"ix":2},"a":{"a":0,"k":[0,0],"ix":1},"s":{"a":0,"k":[100,100],"ix":3},"r":{"a":0,"k":0,"ix":6},"o":{"a":0,"k":100,"ix":7},"sk":{"a":0,"k":0,"ix":4},"sa":{"a":0,"k":0,"ix":5},"nm":"Transform"}],"nm":"Group 6","np":2,"cix":2,"bm":0,"ix":6,"mn":"ADBE Vector Group","hd":false},{"ty":"gr","it":[{"ind":0,"ty":"sh","ix":1,"ks":{"a":1,"k":[{"i":{"x":0.38,"y":1},"o":{"x":0.62,"y":0},"t":3,"s":[{"i":[[0,0],[0,0],[0,0],[-20.028,0],[0,20.028]],"o":[[0,0],[0,0],[0,20.028],[20.028,0],[0,0]],"v":[[36.26,-36.26],[-36.26,-36.26],[-36.26,0],[0,36.26],[36.26,0]],"c":true}]},{"i":{"x":0.38,"y":1},"o":{"x":0.62,"y":0},"t":10,"s":[{"i":[[0,0],[0,0],[0,0],[-20.028,0],[-3.53,20.697]],"o":[[0,0],[0,0],[-4.01,19.197],[20.028,0],[0,0]],"v":[[36.26,-36.26],[-36.26,-36.26],[-42.26,-0.1],[-6,36.16],[30.26,-0.1]],"c":true}]},{"i":{"x":0.38,"y":1},"o":{"x":0.62,"y":0},"t":17,"s":[{"i":[[0,0],[0,0],[0,0],[-20.028,0],[3.22,20.213]],"o":[[0,0],[0,0],[2.74,20.963],[20.028,0],[0,0]],"v":[[36.26,-36.26],[-36.26,-36.26],[-32.76,-0.117],[3.5,36.143],[39.76,-0.117]],"c":true}]},{"i":{"x":0.38,"y":1},"o":{"x":0.62,"y":0},"t":25,"s":[{"i":[[0,0],[0,0],[0,0],[-20.028,0],[-3.53,20.697]],"o":[[0,0],[0,0],[-4.01,19.197],[20.028,0],[0,0]],"v":[[36.26,-36.26],[-36.26,-36.26],[-38.8,-0.067],[-2.5,36.193],[33.72,-0.067]],"c":true}]},{"t":32,"s":[{"i":[[0,0],[0,0],[0,0],[-20.028,0],[0,20.028]],"o":[[0,0],[0,0],[0,20.028],[20.028,0],[0,0]],"v":[[36.26,-36.26],[-36.26,-36.26],[-36.26,0],[0,36.26],[36.26,0]],"c":true}]}],"ix":2},"nm":"Path 1","mn":"ADBE Vector Shape - Group","hd":false},{"ty":"st","c":{"a":0,"k":[0,0,0,1],"ix":3,"x":"var $bm_rt;\n$bm_rt = thisComp.layer('Main Stroke width - Color Ctrl').effect('Base Color')('Color');"},"o":{"a":0,"k":100,"ix":4},"w":{"a":0,"k":16,"ix":5,"x":"var $bm_rt;\n$bm_rt = thisComp.layer('Main Stroke width - Color Ctrl').effect('Stroke width')('Slider');"},"lc":2,"lj":2,"bm":0,"nm":"Stroke 1","mn":"ADBE Vector Graphic - Stroke","hd":false},{"ty":"tr","p":{"a":0,"k":[293.82,148.78],"ix":2},"a":{"a":0,"k":[0,0],"ix":1},"s":{"a":0,"k":[100,100],"ix":3},"r":{"a":0,"k":0,"ix":6},"o":{"a":0,"k":100,"ix":7},"sk":{"a":0,"k":0,"ix":4},"sa":{"a":0,"k":0,"ix":5},"nm":"Transform"}],"nm":"Group 7","np":2,"cix":2,"bm":0,"ix":7,"mn":"ADBE Vector Group","hd":false},{"ty":"gr","it":[{"ind":0,"ty":"sh","ix":1,"ks":{"a":1,"k":[{"i":{"x":0.38,"y":1},"o":{"x":0.62,"y":0},"t":3,"s":[{"i":[[0,0],[0,0],[0,0],[-20.028,0],[0,20.028]],"o":[[0,0],[0,0],[0,20.028],[20.028,0],[0,0]],"v":[[36.26,-36.26],[-36.26,-36.26],[-36.26,0],[0,36.26],[36.26,0]],"c":true}]},{"i":{"x":0.38,"y":1},"o":{"x":0.62,"y":0},"t":10,"s":[{"i":[[0,0],[0,0],[0,0],[-20.028,0],[-4.01,20.697]],"o":[[0,0],[0,0],[-3.99,20.697],[20.028,0],[0,0]],"v":[[36.26,-36.26],[-36.26,-36.26],[-42.26,-0.1],[-6,36.16],[30.26,-0.1]],"c":true}]},{"i":{"x":0.38,"y":1},"o":{"x":0.62,"y":0},"t":17,"s":[{"i":[[0,0],[0,0],[0,0],[-20.028,0],[4.24,20.463]],"o":[[0,0],[0,0],[2.26,20.213],[20.028,0],[0,0]],"v":[[36.26,-36.26],[-36.26,-36.26],[-32.76,-0.117],[3.5,36.143],[39.76,-0.117]],"c":true}]},{"i":{"x":0.38,"y":1},"o":{"x":0.62,"y":0},"t":25,"s":[{"i":[[0,0],[0,0],[0,0],[-20.028,0],[-4.01,20.697]],"o":[[0,0],[0,0],[-3.99,20.697],[20.028,0],[0,0]],"v":[[36.26,-36.26],[-36.26,-36.26],[-38.8,-0.067],[-2.5,36.193],[33.72,-0.067]],"c":true}]},{"t":32,"s":[{"i":[[0,0],[0,0],[0,0],[-20.028,0],[0,20.028]],"o":[[0,0],[0,0],[0,20.028],[20.028,0],[0,0]],"v":[[36.26,-36.26],[-36.26,-36.26],[-36.26,0],[0,36.26],[36.26,0]],"c":true}]}],"ix":2},"nm":"Path 1","mn":"ADBE Vector Shape - Group","hd":false},{"ty":"st","c":{"a":0,"k":[0,0,0,1],"ix":3,"x":"var $bm_rt;\n$bm_rt = thisComp.layer('Main Stroke width - Color Ctrl').effect('Base Color')('Color');"},"o":{"a":0,"k":100,"ix":4},"w":{"a":0,"k":16,"ix":5,"x":"var $bm_rt;\n$bm_rt = thisComp.layer('Main Stroke width - Color Ctrl').effect('Stroke width')('Slider');"},"lc":2,"lj":2,"bm":0,"nm":"Stroke 1","mn":"ADBE Vector Graphic - Stroke","hd":false},{"ty":"tr","p":{"a":0,"k":[221.3,148.78],"ix":2},"a":{"a":0,"k":[0,0],"ix":1},"s":{"a":0,"k":[100,100],"ix":3},"r":{"a":0,"k":0,"ix":6},"o":{"a":0,"k":100,"ix":7},"sk":{"a":0,"k":0,"ix":4},"sa":{"a":0,"k":0,"ix":5},"nm":"Transform"}],"nm":"Group 8","np":2,"cix":2,"bm":0,"ix":8,"mn":"ADBE Vector Group","hd":false},{"ty":"gr","it":[{"ind":0,"ty":"sh","ix":1,"ks":{"a":1,"k":[{"i":{"x":0.38,"y":1},"o":{"x":0.62,"y":0},"t":3,"s":[{"i":[[0,0],[0,0],[0,0],[-20.028,0],[0,20.028]],"o":[[0,0],[0,0],[0,20.028],[20.028,0],[0,0]],"v":[[36.26,-36.26],[-36.26,-36.26],[-36.26,0],[0,36.26],[36.26,0]],"c":true}]},{"i":{"x":0.38,"y":1},"o":{"x":0.62,"y":0},"t":10,"s":[{"i":[[0,0],[0,0],[0,0],[-20.028,0],[-2.49,21.447]],"o":[[0,0],[0,0],[-3.72,19.947],[20.028,0],[0,0]],"v":[[36.26,-36.26],[-36.26,-36.26],[-42.26,-0.1],[-6,36.16],[30.26,-0.1]],"c":true}]},{"i":{"x":0.38,"y":1},"o":{"x":0.62,"y":0},"t":17,"s":[{"i":[[0,0],[0,0],[0,0],[-20.028,0],[3.26,19.963]],"o":[[0,0],[0,0],[2.53,19.713],[20.028,0],[0,0]],"v":[[36.26,-36.26],[-36.26,-36.26],[-32.76,-0.117],[3.5,36.143],[39.76,-0.117]],"c":true}]},{"i":{"x":0.38,"y":1},"o":{"x":0.62,"y":0},"t":25,"s":[{"i":[[0,0],[0,0],[0,0],[-20.028,0],[-2.49,21.447]],"o":[[0,0],[0,0],[-3.72,19.947],[20.028,0],[0,0]],"v":[[36.26,-36.26],[-36.26,-36.26],[-38.8,-0.067],[-2.5,36.193],[33.72,-0.067]],"c":true}]},{"t":32,"s":[{"i":[[0,0],[0,0],[0,0],[-20.028,0],[0,20.028]],"o":[[0,0],[0,0],[0,20.028],[20.028,0],[0,0]],"v":[[36.26,-36.26],[-36.26,-36.26],[-36.26,0],[0,36.26],[36.26,0]],"c":true}]}],"ix":2},"nm":"Path 1","mn":"ADBE Vector Shape - Group","hd":false},{"ty":"st","c":{"a":0,"k":[0,0,0,1],"ix":3,"x":"var $bm_rt;\n$bm_rt = thisComp.layer('Main Stroke width - Color Ctrl').effect('Base Color')('Color');"},"o":{"a":0,"k":100,"ix":4},"w":{"a":0,"k":16,"ix":5,"x":"var $bm_rt;\n$bm_rt = thisComp.layer('Main Stroke width - Color Ctrl').effect('Stroke width')('Slider');"},"lc":2,"lj":2,"bm":0,"nm":"Stroke 1","mn":"ADBE Vector Graphic - Stroke","hd":false},{"ty":"tr","p":{"a":0,"k":[148.78,148.78],"ix":2},"a":{"a":0,"k":[0,0],"ix":1},"s":{"a":0,"k":[100,100],"ix":3},"r":{"a":0,"k":0,"ix":6},"o":{"a":0,"k":100,"ix":7},"sk":{"a":0,"k":0,"ix":4},"sa":{"a":0,"k":0,"ix":5},"nm":"Transform"}],"nm":"Group 9","np":2,"cix":2,"bm":0,"ix":9,"mn":"ADBE Vector Group","hd":false},{"ty":"gr","it":[{"ind":0,"ty":"sh","ix":1,"ks":{"a":1,"k":[{"i":{"x":0.38,"y":1},"o":{"x":0.62,"y":0},"t":3,"s":[{"i":[[0,0],[0,0],[0,0],[-20.028,0],[0,20.028]],"o":[[0,0],[0,0],[0,20.028],[20.028,0],[0,0]],"v":[[36.26,-36.26],[-36.26,-36.26],[-36.26,0],[0,36.26],[36.26,0]],"c":true}]},{"i":{"x":0.38,"y":1},"o":{"x":0.62,"y":0},"t":10,"s":[{"i":[[0,0],[0,0],[0,0],[-20.028,0],[-3.22,19.697]],"o":[[0,0],[0,0],[-2.2,19.697],[20.028,0],[0,0]],"v":[[36.26,-36.26],[-36.26,-36.26],[-42.26,-0.1],[-6,36.16],[30.26,-0.1]],"c":true}]},{"i":{"x":0.38,"y":1},"o":{"x":0.62,"y":0},"t":17,"s":[{"i":[[0,0],[0,0],[0,0],[-20.028,0],[2.78,20.713]],"o":[[0,0],[0,0],[2.8,19.713],[20.028,0],[0,0]],"v":[[36.26,-36.26],[-36.26,-36.26],[-32.76,-0.117],[0,36.26],[39.76,-0.117]],"c":true}]},{"i":{"x":0.38,"y":1},"o":{"x":0.62,"y":0},"t":25,"s":[{"i":[[0,0],[0,0],[0,0],[-20.028,0],[-3.22,19.697]],"o":[[0,0],[0,0],[-2.2,19.697],[20.028,0],[0,0]],"v":[[36.26,-36.26],[-36.26,-36.26],[-38.8,-0.067],[-2.5,36.193],[33.72,-0.067]],"c":true}]},{"t":32,"s":[{"i":[[0,0],[0,0],[0,0],[-20.028,0],[0,20.028]],"o":[[0,0],[0,0],[0,20.028],[20.028,0],[0,0]],"v":[[36.26,-36.26],[-36.26,-36.26],[-36.26,0],[0,36.26],[36.26,0]],"c":true}]}],"ix":2},"nm":"Path 1","mn":"ADBE Vector Shape - Group","hd":false},{"ty":"st","c":{"a":0,"k":[0,0,0,1],"ix":3,"x":"var $bm_rt;\n$bm_rt = thisComp.layer('Main Stroke width - Color Ctrl').effect('Base Color')('Color');"},"o":{"a":0,"k":100,"ix":4},"w":{"a":0,"k":16,"ix":5,"x":"var $bm_rt;\n$bm_rt = thisComp.layer('Main Stroke width - Color Ctrl').effect('Stroke width')('Slider');"},"lc":2,"lj":2,"bm":0,"nm":"Stroke 1","mn":"ADBE Vector Graphic - Stroke","hd":false},{"ty":"tr","p":{"a":0,"k":[76.26,148.78],"ix":2},"a":{"a":0,"k":[0,0],"ix":1},"s":{"a":0,"k":[100,100],"ix":3},"r":{"a":0,"k":0,"ix":6},"o":{"a":0,"k":100,"ix":7},"sk":{"a":0,"k":0,"ix":4},"sa":{"a":0,"k":0,"ix":5},"nm":"Transform"}],"nm":"Group 10","np":2,"cix":2,"bm":0,"ix":10,"mn":"ADBE Vector Group","hd":false},{"ty":"gr","it":[{"ind":0,"ty":"sh","ix":1,"ks":{"a":0,"k":{"i":[[0,0],[0,0],[0,0],[0,0]],"o":[[0,0],[0,0],[0,0],[0,0]],"v":[[-36.26,60.434],[36.26,60.434],[36.26,-60.433],[-36.26,-60.433]],"c":true},"ix":2},"nm":"Path 1","mn":"ADBE Vector Shape - Group","hd":false},{"ty":"st","c":{"a":0,"k":[0,0,0,1],"ix":3,"x":"var $bm_rt;\n$bm_rt = thisComp.layer('Main Stroke width - Color Ctrl').effect('Base Color')('Color');"},"o":{"a":0,"k":100,"ix":4},"w":{"a":0,"k":16,"ix":5,"x":"var $bm_rt;\n$bm_rt = thisComp.layer('Main Stroke width - Color Ctrl').effect('Stroke width')('Slider');"},"lc":2,"lj":2,"bm":0,"nm":"Stroke 1","mn":"ADBE Vector Graphic - Stroke","hd":false},{"ty":"tr","p":{"a":0,"k":[160.867,293.82],"ix":2},"a":{"a":0,"k":[0,0],"ix":1},"s":{"a":0,"k":[100,100],"ix":3},"r":{"a":0,"k":0,"ix":6},"o":{"a":0,"k":100,"ix":7},"sk":{"a":0,"k":0,"ix":4},"sa":{"a":0,"k":0,"ix":5},"nm":"Transform"}],"nm":"Group 11","np":2,"cix":2,"bm":0,"ix":11,"mn":"ADBE Vector Group","hd":false},{"ty":"gr","it":[{"ind":0,"ty":"sh","ix":1,"ks":{"a":0,"k":{"i":[[0,0],[0,0],[0,0],[0,0]],"o":[[0,0],[0,0],[0,0],[0,0]],"v":[[-36.26,36.26],[36.26,36.26],[36.26,-36.26],[-36.26,-36.26]],"c":true},"ix":2},"nm":"Path 1","mn":"ADBE Vector Shape - Group","hd":false},{"ty":"st","c":{"a":0,"k":[0.20000001496,0.800000059838,0.800000059838,1],"ix":3,"x":"var $bm_rt;\n$bm_rt = thisComp.layer('Main Stroke width - Color Ctrl').effect('Highlight')('Color');"},"o":{"a":0,"k":100,"ix":4},"w":{"a":0,"k":16,"ix":5,"x":"var $bm_rt;\n$bm_rt = thisComp.layer('Main Stroke width - Color Ctrl').effect('Stroke width')('Slider');"},"lc":2,"lj":2,"bm":0,"nm":"Stroke 1","mn":"ADBE Vector Graphic - Stroke","hd":false},{"ty":"tr","p":{"a":0,"k":[281.733,269.647],"ix":2},"a":{"a":0,"k":[0,0],"ix":1},"s":{"a":0,"k":[100,100],"ix":3},"r":{"a":0,"k":0,"ix":6},"o":{"a":0,"k":100,"ix":7},"sk":{"a":0,"k":0,"ix":4},"sa":{"a":0,"k":0,"ix":5},"nm":"Transform"}],"nm":"Group 12","np":2,"cix":2,"bm":0,"ix":12,"mn":"ADBE Vector Group","hd":false},{"ty":"gr","it":[{"ind":0,"ty":"sh","ix":1,"ks":{"a":1,"k":[{"i":{"x":0.38,"y":1},"o":{"x":0.62,"y":0},"t":3,"s":[{"i":[[0,0],[0,0],[0,0],[0,0]],"o":[[0,0],[0,0],[0,0],[0,0]],"v":[[-145.04,-84.606],[-145.04,84.607],[145.04,84.607],[145.04,-84.606]],"c":false}]},{"i":{"x":0.38,"y":1},"o":{"x":0.62,"y":0},"t":10,"s":[{"i":[[0,0],[0,0],[0,0],[0,0]],"o":[[0,0],[0,0],[0,0],[0,0]],"v":[[-145.067,-85.169],[-145.04,84.607],[145.04,84.607],[145.03,-85.106]],"c":false}]},{"i":{"x":0.38,"y":1},"o":{"x":0.62,"y":0},"t":17,"s":[{"i":[[0,0],[0,0],[0,0],[0,0]],"o":[[0,0],[0,0],[0,0],[0,0]],"v":[[-145.04,-84.606],[-145.04,84.607],[145.04,84.607],[145.03,-84.919]],"c":false}]},{"i":{"x":0.38,"y":1},"o":{"x":0.62,"y":0},"t":25,"s":[{"i":[[0,0],[0,0],[0,0],[0,0]],"o":[[0,0],[0,0],[0,0],[0,0]],"v":[[-145.067,-85.169],[-145.04,84.607],[145.04,84.607],[145.03,-85.106]],"c":false}]},{"t":32,"s":[{"i":[[0,0],[0,0],[0,0],[0,0]],"o":[[0,0],[0,0],[0,0],[0,0]],"v":[[-145.04,-84.606],[-145.04,84.607],[145.04,84.607],[145.04,-84.606]],"c":false}]}],"ix":2},"nm":"Path 1","mn":"ADBE Vector Shape - Group","hd":false},{"ty":"st","c":{"a":0,"k":[0,0,0,1],"ix":3,"x":"var $bm_rt;\n$bm_rt = thisComp.layer('Main Stroke width - Color Ctrl').effect('Base Color')('Color');"},"o":{"a":0,"k":100,"ix":4},"w":{"a":0,"k":16,"ix":5,"x":"var $bm_rt;\n$bm_rt = thisComp.layer('Main Stroke width - Color Ctrl').effect('Stroke width')('Slider');"},"lc":2,"lj":2,"bm":0,"nm":"Stroke 1","mn":"ADBE Vector Graphic - Stroke","hd":false},{"ty":"tr","p":{"a":0,"k":[221.3,269.646],"ix":2},"a":{"a":0,"k":[0,0],"ix":1},"s":{"a":0,"k":[100,100],"ix":3},"r":{"a":0,"k":0,"ix":6},"o":{"a":0,"k":100,"ix":7},"sk":{"a":0,"k":0,"ix":4},"sa":{"a":0,"k":0,"ix":5},"nm":"Transform"}],"nm":"Group 13","np":2,"cix":2,"bm":0,"ix":13,"mn":"ADBE Vector Group","hd":false}],"ip":0,"op":35,"st":0,"bm":0},{"ddd":0,"ind":5,"ty":4,"nm":"Window Mask","td":1,"sr":1,"ks":{"o":{"a":0,"k":100,"ix":11},"r":{"a":0,"k":0,"ix":10},"p":{"a":0,"k":[310.433,322.52,0],"ix":2},"a":{"a":0,"k":[281.733,269.647,0],"ix":1},"s":{"a":0,"k":[100,100,100],"ix":6}},"ao":0,"shapes":[{"ty":"gr","it":[{"ind":0,"ty":"sh","ix":1,"ks":{"a":0,"k":{"i":[[0,0],[0,0],[0,0],[0,0]],"o":[[0,0],[0,0],[0,0],[0,0]],"v":[[-36.26,36.26],[36.26,36.26],[36.26,-36.26],[-36.26,-36.26]],"c":true},"ix":2},"nm":"Path 1","mn":"ADBE Vector Shape - Group","hd":false},{"ty":"st","c":{"a":0,"k":[0.20000001496,0.800000059838,0.800000059838,1],"ix":3,"x":"var $bm_rt;\n$bm_rt = thisComp.layer('Main Stroke width - Color Ctrl').effect('Highlight')('Color');"},"o":{"a":0,"k":100,"ix":4},"w":{"a":0,"k":16,"ix":5,"x":"var $bm_rt;\n$bm_rt = thisComp.layer('Main Stroke width - Color Ctrl').effect('Stroke width')('Slider');"},"lc":2,"lj":2,"bm":0,"nm":"Stroke 1","mn":"ADBE Vector Graphic - Stroke","hd":false},{"ty":"tr","p":{"a":0,"k":[281.733,269.647],"ix":2},"a":{"a":0,"k":[0,0],"ix":1},"s":{"a":0,"k":[100,100],"ix":3},"r":{"a":0,"k":0,"ix":6},"o":{"a":0,"k":100,"ix":7},"sk":{"a":0,"k":0,"ix":4},"sa":{"a":0,"k":0,"ix":5},"nm":"Transform"}],"nm":"Group 12","np":2,"cix":2,"bm":0,"ix":1,"mn":"ADBE Vector Group","hd":false},{"ty":"fl","c":{"a":0,"k":[1,0,0,1],"ix":4},"o":{"a":0,"k":100,"ix":5},"r":1,"bm":0,"nm":"Fill 1","mn":"ADBE Vector Graphic - Fill","hd":false}],"ip":0,"op":35,"st":0,"bm":0},{"ddd":0,"ind":6,"ty":4,"nm":"Line","tt":1,"sr":1,"ks":{"o":{"a":0,"k":100,"ix":11},"r":{"a":0,"k":0,"ix":10},"p":{"a":1,"k":[{"i":{"x":0.41,"y":1},"o":{"x":0.59,"y":0},"t":2,"s":[179.5,272.5,0],"to":[56.833,0,0],"ti":[-56.833,0,0]},{"t":26,"s":[520.5,272.5,0]}],"ix":2},"a":{"a":0,"k":[-70.5,22.5,0],"ix":1},"s":{"a":0,"k":[100,100,100],"ix":6}},"ao":0,"shapes":[{"ty":"gr","it":[{"ind":0,"ty":"sh","ix":1,"ks":{"a":0,"k":{"i":[[0,0],[0,0]],"o":[[0,0],[0,0]],"v":[[72,-120],[-213,165]],"c":false},"ix":2},"nm":"Path 1","mn":"ADBE Vector Shape - Group","hd":false},{"ty":"st","c":{"a":0,"k":[0.200000017881,0.800000071526,0.800000071526,1],"ix":3,"x":"var $bm_rt;\n$bm_rt = thisComp.layer('Main Stroke width - Color Ctrl').effect('Highlight')('Color');"},"o":{"a":0,"k":100,"ix":4},"w":{"a":0,"k":16,"ix":5,"x":"var $bm_rt;\n$bm_rt = thisComp.layer('Main Stroke width - Color Ctrl').effect('Stroke width')('Slider');"},"lc":2,"lj":2,"bm":0,"nm":"Stroke 1","mn":"ADBE Vector Graphic - Stroke","hd":false},{"ty":"tr","p":{"a":0,"k":[0,0],"ix":2},"a":{"a":0,"k":[0,0],"ix":1},"s":{"a":0,"k":[100,100],"ix":3},"r":{"a":0,"k":0,"ix":6},"o":{"a":0,"k":100,"ix":7},"sk":{"a":0,"k":0,"ix":4},"sa":{"a":0,"k":0,"ix":5},"nm":"Transform"}],"nm":"Shape 1","np":2,"cix":2,"bm":0,"ix":1,"mn":"ADBE Vector Group","hd":false}],"ip":0,"op":35,"st":0,"bm":0},{"ddd":0,"ind":7,"ty":3,"nm":"Zero | troke width - Color Ctrl","sr":1,"ks":{"o":{"a":0,"k":0,"ix":11},"r":{"a":0,"k":0,"ix":10},"p":{"a":0,"k":[250,250,0],"ix":2},"a":{"a":0,"k":[0,0,0],"ix":1},"s":{"a":0,"k":[100,100,100],"ix":6}},"ao":0,"ip":0,"op":35,"st":0,"bm":0}],"markers":[]}