{"v":"4.8.0","meta":{"g":"LottieFiles AE 3.4.5","a":"","k":"","d":"","tc":""},"fr":60,"ip":0,"op":120,"w":500,"h":500,"nm":"25 customer support","ddd":0,"assets":[],"layers":[{"ddd":0,"ind":1,"ty":3,"nm":"Main Stroke width - Color Ctrl","parent":4,"sr":1,"ks":{"o":{"a":0,"k":0,"ix":11},"r":{"a":0,"k":0,"ix":10},"p":{"a":0,"k":[0,0,0],"ix":2},"a":{"a":0,"k":[50,50,0],"ix":1},"s":{"a":0,"k":[100,100,100],"ix":6}},"ao":0,"ef":[{"ty":5,"nm":"Stroke width","np":3,"mn":"ADBE Slider Control","ix":1,"en":1,"ef":[{"ty":0,"nm":"Slider","mn":"ADBE Slider Control-0001","ix":1,"v":{"a":0,"k":16,"ix":1}}]},{"ty":5,"nm":"Base Color","np":3,"mn":"ADBE Color Control","ix":2,"en":1,"ef":[{"ty":2,"nm":"Color","mn":"ADBE Color Control-0001","ix":1,"v":{"a":0,"k":[0,0,0,1],"ix":1}}]},{"ty":5,"nm":"Highlight","np":3,"mn":"ADBE Color Control","ix":3,"en":1,"ef":[{"ty":2,"nm":"Color","mn":"ADBE Color Control-0001","ix":1,"v":{"a":0,"k":[0.20000000298,0.800000011921,0.800000011921,1],"ix":1}}]}],"ip":0,"op":120,"st":0,"bm":0},{"ddd":0,"ind":2,"ty":4,"nm":"massege","sr":1,"ks":{"o":{"a":1,"k":[{"i":{"x":[0.667],"y":[1]},"o":{"x":[0.333],"y":[0]},"t":40,"s":[0]},{"i":{"x":[0.667],"y":[1]},"o":{"x":[0.333],"y":[0]},"t":45,"s":[100]},{"i":{"x":[0.667],"y":[1]},"o":{"x":[0.333],"y":[0]},"t":85,"s":[100]},{"t":95,"s":[0]}],"ix":11},"r":{"a":0,"k":0,"ix":10},"p":{"a":1,"k":[{"i":{"x":0.667,"y":1},"o":{"x":0.333,"y":0},"t":10,"s":[315.414,144.103,0],"to":[0,0,0],"ti":[0,0,0]},{"i":{"x":0.667,"y":0.667},"o":{"x":0.333,"y":0.333},"t":45,"s":[327.414,130.103,0],"to":[0,0,0],"ti":[0,0,0]},{"i":{"x":0.667,"y":0.667},"o":{"x":0.333,"y":0.333},"t":66,"s":[327.414,130.103,0],"to":[0,0,0],"ti":[0,0,0]},{"t":85,"s":[327.414,130.103,0]}],"ix":2},"a":{"a":0,"k":[180.9,125.75,0],"ix":1},"s":{"a":0,"k":[100,100,100],"ix":6}},"ao":0,"shapes":[{"ty":"gr","it":[{"ind":0,"ty":"sh","ix":1,"ks":{"a":1,"k":[{"i":{"x":0.667,"y":1},"o":{"x":0.333,"y":0},"t":10,"s":[{"i":[[0,-16.594],[0,0],[16.594,0],[0,0],[0,0],[0,0],[0,16.355],[0,0],[-16.594,0],[0,0]],"o":[[0,0],[0,16.594],[0,0],[0,0],[0,0],[-16.261,-0.381],[0,0],[0,-16.594],[0,0],[16.594,0]],"v":[[96.777,-28.853],[96.777,-0.963],[66.733,29.082],[-37.636,29.082],[-67.451,58.897],[-67.451,29.072],[-96.777,-0.963],[-96.777,-28.853],[-66.733,-58.897],[66.733,-58.897]],"c":true}]},{"i":{"x":0.667,"y":1},"o":{"x":0.333,"y":0},"t":45,"s":[{"i":[[0,-24.159],[0,0],[24.159,0],[0,0],[0,0],[0,0],[0,23.811],[0,0],[-24.159,0],[0,0]],"o":[[0,0],[0,24.159],[0,0],[0,0],[0,0],[-23.675,-0.555],[0,0],[0,-24.159],[0,0],[24.159,0]],"v":[[140.901,-42.007],[140.901,-1.402],[97.157,42.341],[-54.795,42.341],[-98.204,85.75],[-98.204,42.327],[-140.9,-1.402],[-140.9,-42.007],[-97.158,-85.75],[97.157,-85.75]],"c":true}]},{"i":{"x":0.667,"y":1},"o":{"x":0.333,"y":0},"t":66,"s":[{"i":[[0,-24.159],[0,0],[24.159,0],[0,0],[0,0],[0,0],[0,23.811],[0,0],[-24.159,0],[0,0]],"o":[[0,0],[0,24.159],[0,0],[0,0],[0,0],[-23.675,-0.555],[0,0],[0,-24.159],[0,0],[24.159,0]],"v":[[140.901,-42.007],[140.901,-1.402],[97.157,42.341],[-54.795,42.341],[-98.204,85.75],[-98.204,42.327],[-140.9,-1.402],[-140.9,-42.007],[-97.158,-85.75],[97.157,-85.75]],"c":true}]},{"t":85,"s":[{"i":[[0,-24.159],[0,0],[24.159,0],[0,0],[0,0],[0,0],[0,23.811],[0,0],[-24.159,0],[0,0]],"o":[[0,0],[0,24.159],[0,0],[0,0],[0,0],[-23.675,-0.555],[0,0],[0,-24.159],[0,0],[24.159,0]],"v":[[140.901,-42.007],[140.901,-1.402],[97.157,42.341],[-54.795,42.341],[-98.204,85.75],[-98.204,42.327],[-140.9,-1.402],[-140.9,-42.007],[-97.158,-85.75],[97.157,-85.75]],"c":true}]}],"ix":2},"nm":"Path 1","mn":"ADBE Vector Shape - Group","hd":false},{"ty":"st","c":{"a":0,"k":[0,0,0,1],"ix":3,"x":"var $bm_rt;\n$bm_rt = thisComp.layer('Main Stroke width - Color Ctrl').effect('Base Color')('Color');"},"o":{"a":0,"k":100,"ix":4},"w":{"a":0,"k":16,"ix":5,"x":"var $bm_rt;\n$bm_rt = thisComp.layer('Main Stroke width - Color Ctrl').effect('Stroke width')('Slider');"},"lc":2,"lj":2,"bm":0,"nm":"Stroke 1","mn":"ADBE Vector Graphic - Stroke","hd":false},{"ty":"tr","p":{"a":0,"k":[180.901,125.75],"ix":2},"a":{"a":0,"k":[0,0],"ix":1},"s":{"a":0,"k":[100,100],"ix":3},"r":{"a":0,"k":0,"ix":6},"o":{"a":0,"k":100,"ix":7},"sk":{"a":0,"k":0,"ix":4},"sa":{"a":0,"k":0,"ix":5},"nm":"Transform"}],"nm":"Group 1","np":2,"cix":2,"bm":0,"ix":1,"mn":"ADBE Vector Group","hd":false},{"ty":"gr","it":[{"ind":0,"ty":"sh","ix":1,"ks":{"a":1,"k":[{"i":{"x":0.667,"y":1},"o":{"x":0.333,"y":0},"t":10,"s":[{"i":[[0,0],[0,0]],"o":[[0,0],[0,0]],"v":[[246.787,125.75],[115.893,125.75]],"c":false}]},{"i":{"x":0.667,"y":1},"o":{"x":0.333,"y":0},"t":45,"s":[{"i":[[0,0],[0,0]],"o":[[0,0],[0,0]],"v":[[164.326,125.75],[86.255,125.75]],"c":false}]},{"i":{"x":0.667,"y":1},"o":{"x":0.333,"y":0},"t":66,"s":[{"i":[[0,0],[0,0]],"o":[[0,0],[0,0]],"v":[[274.326,125.75],[86.255,125.75]],"c":false}]},{"t":85,"s":[{"i":[[0,0],[0,0]],"o":[[0,0],[0,0]],"v":[[204.326,125.75],[86.255,125.75]],"c":false}]}],"ix":2},"nm":"Path 1","mn":"ADBE Vector Shape - Group","hd":false},{"ty":"st","c":{"a":0,"k":[0.243137269862,0.796078491211,0.792156922583,1],"ix":3,"x":"var $bm_rt;\n$bm_rt = thisComp.layer('Main Stroke width - Color Ctrl').effect('Highlight')('Color');"},"o":{"a":0,"k":100,"ix":4},"w":{"a":0,"k":16,"ix":5,"x":"var $bm_rt;\n$bm_rt = thisComp.layer('Main Stroke width - Color Ctrl').effect('Stroke width')('Slider');"},"lc":2,"lj":2,"bm":0,"nm":"Stroke 1","mn":"ADBE Vector Graphic - Stroke","hd":false},{"ty":"tr","p":{"a":0,"k":[0,0],"ix":2},"a":{"a":0,"k":[0,0],"ix":1},"s":{"a":0,"k":[100,100],"ix":3},"r":{"a":0,"k":0,"ix":6},"o":{"a":0,"k":100,"ix":7},"sk":{"a":0,"k":0,"ix":4},"sa":{"a":0,"k":0,"ix":5},"nm":"Transform"}],"nm":"Group 2","np":2,"cix":2,"bm":0,"ix":2,"mn":"ADBE Vector Group","hd":false},{"ty":"gr","it":[{"ind":0,"ty":"sh","ix":1,"ks":{"a":1,"k":[{"i":{"x":0.667,"y":1},"o":{"x":0.333,"y":0},"t":10,"s":[{"i":[[0,0],[0,0]],"o":[[0,0],[0,0]],"v":[[218.438,96.423],[115.893,96.423]],"c":false}]},{"i":{"x":0.667,"y":1},"o":{"x":0.333,"y":0},"t":45,"s":[{"i":[[0,0],[0,0]],"o":[[0,0],[0,0]],"v":[[273.052,83.053],[86.255,83.053]],"c":false}]},{"i":{"x":0.667,"y":1},"o":{"x":0.333,"y":0},"t":66,"s":[{"i":[[0,0],[0,0]],"o":[[0,0],[0,0]],"v":[[133.052,83.053],[86.255,83.053]],"c":false}]},{"t":85,"s":[{"i":[[0,0],[0,0]],"o":[[0,0],[0,0]],"v":[[273.052,83.053],[86.255,83.053]],"c":false}]}],"ix":2},"nm":"Path 1","mn":"ADBE Vector Shape - Group","hd":false},{"ty":"st","c":{"a":0,"k":[0.243137269862,0.796078491211,0.792156922583,1],"ix":3,"x":"var $bm_rt;\n$bm_rt = thisComp.layer('Main Stroke width - Color Ctrl').effect('Highlight')('Color');"},"o":{"a":0,"k":100,"ix":4},"w":{"a":0,"k":16,"ix":5,"x":"var $bm_rt;\n$bm_rt = thisComp.layer('Main Stroke width - Color Ctrl').effect('Stroke width')('Slider');"},"lc":2,"lj":2,"bm":0,"nm":"Stroke 1","mn":"ADBE Vector Graphic - Stroke","hd":false},{"ty":"tr","p":{"a":0,"k":[0,0],"ix":2},"a":{"a":0,"k":[0,0],"ix":1},"s":{"a":0,"k":[100,100],"ix":3},"r":{"a":0,"k":0,"ix":6},"o":{"a":0,"k":100,"ix":7},"sk":{"a":0,"k":0,"ix":4},"sa":{"a":0,"k":0,"ix":5},"nm":"Transform"}],"nm":"Group 3","np":2,"cix":2,"bm":0,"ix":3,"mn":"ADBE Vector Group","hd":false}],"ip":0,"op":720.720720720721,"st":0,"bm":0},{"ddd":0,"ind":3,"ty":4,"nm":"people","sr":1,"ks":{"o":{"a":0,"k":100,"ix":11},"r":{"a":0,"k":0,"ix":10},"p":{"a":1,"k":[{"i":{"x":0.667,"y":1},"o":{"x":0.333,"y":0},"t":10,"s":[256,256,0],"to":[0,0,0],"ti":[0,0,0]},{"i":{"x":0.667,"y":0.667},"o":{"x":0.333,"y":0.333},"t":45,"s":[154,324,0],"to":[0,0,0],"ti":[0,0,0]},{"i":{"x":0.667,"y":1},"o":{"x":0.333,"y":0},"t":90,"s":[154,324,0],"to":[0,0,0],"ti":[0,0,0]},{"t":110,"s":[256,256,0]}],"ix":2},"a":{"a":0,"k":[167.38,211.5,0],"ix":1},"s":{"a":0,"k":[100,100,100],"ix":6}},"ao":0,"shapes":[{"ty":"gr","it":[{"ind":0,"ty":"sh","ix":1,"ks":{"a":1,"k":[{"i":{"x":0.667,"y":1},"o":{"x":0.333,"y":0},"t":10,"s":[{"i":[[0,0],[0,0],[0,0]],"o":[[0,0],[0,0],[0,0]],"v":[[283.017,212.71],[283.017,241.182],[283.017,257.043]],"c":false}]},{"i":{"x":0.667,"y":1},"o":{"x":0.333,"y":0},"t":45,"s":[{"i":[[0,0],[0,0],[0,0]],"o":[[0,0],[0,0],[0,0]],"v":[[261.778,212.488],[261.778,246.356],[209.528,245.303]],"c":false}]},{"i":{"x":0.667,"y":1},"o":{"x":0.333,"y":0},"t":90,"s":[{"i":[[0,0],[0,0],[0,0]],"o":[[0,0],[0,0],[0,0]],"v":[[261.778,212.488],[261.778,246.356],[209.528,245.303]],"c":false}]},{"t":110,"s":[{"i":[[0,0],[0,0],[0,0]],"o":[[0,0],[0,0],[0,0]],"v":[[283.017,212.71],[283.017,241.182],[283.017,257.043]],"c":false}]}],"ix":2},"nm":"Path 1","mn":"ADBE Vector Shape - Group","hd":false},{"ty":"st","c":{"a":0,"k":[0.243137269862,0.796078491211,0.792156922583,1],"ix":3,"x":"var $bm_rt;\n$bm_rt = thisComp.layer('Main Stroke width - Color Ctrl').effect('Highlight')('Color');"},"o":{"a":0,"k":100,"ix":4},"w":{"a":0,"k":16,"ix":5,"x":"var $bm_rt;\n$bm_rt = thisComp.layer('Main Stroke width - Color Ctrl').effect('Stroke width')('Slider');"},"lc":2,"lj":2,"bm":0,"nm":"Stroke 1","mn":"ADBE Vector Graphic - Stroke","hd":false},{"ty":"tr","p":{"a":0,"k":[0,0],"ix":2},"a":{"a":0,"k":[0,0],"ix":1},"s":{"a":0,"k":[100,100],"ix":3},"r":{"a":0,"k":0,"ix":6},"o":{"a":0,"k":100,"ix":7},"sk":{"a":0,"k":0,"ix":4},"sa":{"a":0,"k":0,"ix":5},"nm":"Transform"}],"nm":"Group 1","np":2,"cix":2,"bm":0,"ix":1,"mn":"ADBE Vector Group","hd":false},{"ty":"gr","it":[{"ind":0,"ty":"sh","ix":1,"ks":{"a":1,"k":[{"i":{"x":0.667,"y":1},"o":{"x":0.333,"y":0},"t":10,"s":[{"i":[[0,0],[0,0]],"o":[[0,0],[0,0]],"v":[[167.379,318.64],[167.379,279.088]],"c":false}]},{"i":{"x":0.667,"y":1},"o":{"x":0.333,"y":0},"t":45,"s":[{"i":[[0,0],[0,0]],"o":[[0,0],[0,0]],"v":[[167.379,298.961],[167.379,266.674]],"c":false}]},{"i":{"x":0.667,"y":1},"o":{"x":0.333,"y":0},"t":90,"s":[{"i":[[0,0],[0,0]],"o":[[0,0],[0,0]],"v":[[167.379,298.961],[167.379,266.674]],"c":false}]},{"t":110,"s":[{"i":[[0,0],[0,0]],"o":[[0,0],[0,0]],"v":[[167.379,318.64],[167.379,279.088]],"c":false}]}],"ix":2},"nm":"Path 1","mn":"ADBE Vector Shape - Group","hd":false},{"ty":"st","c":{"a":0,"k":[0,0,0,1],"ix":3,"x":"var $bm_rt;\n$bm_rt = thisComp.layer('Main Stroke width - Color Ctrl').effect('Base Color')('Color');"},"o":{"a":0,"k":100,"ix":4},"w":{"a":0,"k":16,"ix":5,"x":"var $bm_rt;\n$bm_rt = thisComp.layer('Main Stroke width - Color Ctrl').effect('Stroke width')('Slider');"},"lc":2,"lj":2,"bm":0,"nm":"Stroke 1","mn":"ADBE Vector Graphic - Stroke","hd":false},{"ty":"tr","p":{"a":0,"k":[0,0],"ix":2},"a":{"a":0,"k":[0,0],"ix":1},"s":{"a":0,"k":[100,100],"ix":3},"r":{"a":0,"k":0,"ix":6},"o":{"a":0,"k":100,"ix":7},"sk":{"a":0,"k":0,"ix":4},"sa":{"a":0,"k":0,"ix":5},"nm":"Transform"}],"nm":"Group 2","np":2,"cix":2,"bm":0,"ix":2,"mn":"ADBE Vector Group","hd":false},{"ty":"gr","it":[{"ind":0,"ty":"sh","ix":1,"ks":{"a":1,"k":[{"i":{"x":0.667,"y":1},"o":{"x":0.333,"y":0},"t":10,"s":[{"i":[[0,0],[0,0]],"o":[[0,0],[0,0]],"v":[[235.483,383],[235.483,344.144]],"c":false}]},{"i":{"x":0.667,"y":1},"o":{"x":0.333,"y":0},"t":45,"s":[{"i":[[0,0],[0,0]],"o":[[0,0],[0,0]],"v":[[222.975,351.5],[222.975,319.781]],"c":false}]},{"i":{"x":0.667,"y":1},"o":{"x":0.333,"y":0},"t":90,"s":[{"i":[[0,0],[0,0]],"o":[[0,0],[0,0]],"v":[[222.975,351.5],[222.975,319.781]],"c":false}]},{"t":110,"s":[{"i":[[0,0],[0,0]],"o":[[0,0],[0,0]],"v":[[235.483,383],[235.483,344.144]],"c":false}]}],"ix":2},"nm":"Path 1","mn":"ADBE Vector Shape - Group","hd":false},{"ty":"st","c":{"a":0,"k":[0,0,0,1],"ix":3,"x":"var $bm_rt;\n$bm_rt = thisComp.layer('Main Stroke width - Color Ctrl').effect('Base Color')('Color');"},"o":{"a":0,"k":100,"ix":4},"w":{"a":0,"k":16,"ix":5,"x":"var $bm_rt;\n$bm_rt = thisComp.layer('Main Stroke width - Color Ctrl').effect('Stroke width')('Slider');"},"lc":2,"lj":2,"bm":0,"nm":"Stroke 1","mn":"ADBE Vector Graphic - Stroke","hd":false},{"ty":"tr","p":{"a":0,"k":[0,0],"ix":2},"a":{"a":0,"k":[0,0],"ix":1},"s":{"a":0,"k":[100,100],"ix":3},"r":{"a":0,"k":0,"ix":6},"o":{"a":0,"k":100,"ix":7},"sk":{"a":0,"k":0,"ix":4},"sa":{"a":0,"k":0,"ix":5},"nm":"Transform"}],"nm":"Group 3","np":2,"cix":2,"bm":0,"ix":3,"mn":"ADBE Vector Group","hd":false},{"ty":"gr","it":[{"ind":0,"ty":"sh","ix":1,"ks":{"a":1,"k":[{"i":{"x":0.667,"y":1},"o":{"x":0.333,"y":0},"t":10,"s":[{"i":[[0,0],[0,0]],"o":[[0,0],[0,0]],"v":[[99.275,383],[99.275,344.144]],"c":false}]},{"i":{"x":0.667,"y":1},"o":{"x":0.333,"y":0},"t":45,"s":[{"i":[[0,0],[0,0]],"o":[[0,0],[0,0]],"v":[[111.784,351.5],[111.784,319.781]],"c":false}]},{"i":{"x":0.667,"y":1},"o":{"x":0.333,"y":0},"t":90,"s":[{"i":[[0,0],[0,0]],"o":[[0,0],[0,0]],"v":[[111.784,351.5],[111.784,319.781]],"c":false}]},{"t":110,"s":[{"i":[[0,0],[0,0]],"o":[[0,0],[0,0]],"v":[[99.275,383],[99.275,344.144]],"c":false}]}],"ix":2},"nm":"Path 1","mn":"ADBE Vector Shape - Group","hd":false},{"ty":"st","c":{"a":0,"k":[0,0,0,1],"ix":3,"x":"var $bm_rt;\n$bm_rt = thisComp.layer('Main Stroke width - Color Ctrl').effect('Base Color')('Color');"},"o":{"a":0,"k":100,"ix":4},"w":{"a":0,"k":16,"ix":5,"x":"var $bm_rt;\n$bm_rt = thisComp.layer('Main Stroke width - Color Ctrl').effect('Stroke width')('Slider');"},"lc":2,"lj":2,"bm":0,"nm":"Stroke 1","mn":"ADBE Vector Graphic - Stroke","hd":false},{"ty":"tr","p":{"a":0,"k":[0,0],"ix":2},"a":{"a":0,"k":[0,0],"ix":1},"s":{"a":0,"k":[100,100],"ix":3},"r":{"a":0,"k":0,"ix":6},"o":{"a":0,"k":100,"ix":7},"sk":{"a":0,"k":0,"ix":4},"sa":{"a":0,"k":0,"ix":5},"nm":"Transform"}],"nm":"Group 4","np":2,"cix":2,"bm":0,"ix":4,"mn":"ADBE Vector Group","hd":false},{"ty":"gr","it":[{"ind":0,"ty":"sh","ix":1,"ks":{"a":1,"k":[{"i":{"x":0.667,"y":1},"o":{"x":0.333,"y":0},"t":10,"s":[{"i":[[20.818,0],[0,0],[6.947,-23.372],[0,0],[0,0],[0,0]],"o":[[0,0],[-20.818,0],[0,0],[0,0],[0,0],[-6.947,-23.372]],"v":[[61.767,-51.948],[-61.766,-51.948],[-108.09,-12.953],[-127.379,51.948],[127.379,51.948],[108.09,-12.953]],"c":true}]},{"i":{"x":0.667,"y":1},"o":{"x":0.333,"y":0},"t":45,"s":[{"i":[[16.994,0],[0,0],[5.671,-19.079],[0,0],[0,0],[0,0]],"o":[[0,0],[-16.994,0],[0,0],[0,0],[0,0],[-5.671,-19.079]],"v":[[50.422,-64.365],[-50.422,-64.365],[-88.237,-32.532],[-103.983,20.448],[103.983,20.448],[88.236,-32.532]],"c":true}]},{"i":{"x":0.667,"y":1},"o":{"x":0.333,"y":0},"t":90,"s":[{"i":[[16.994,0],[0,0],[5.671,-19.079],[0,0],[0,0],[0,0]],"o":[[0,0],[-16.994,0],[0,0],[0,0],[0,0],[-5.671,-19.079]],"v":[[50.422,-64.365],[-50.422,-64.365],[-88.237,-32.532],[-103.983,20.448],[103.983,20.448],[88.236,-32.532]],"c":true}]},{"t":110,"s":[{"i":[[20.818,0],[0,0],[6.947,-23.372],[0,0],[0,0],[0,0]],"o":[[0,0],[-20.818,0],[0,0],[0,0],[0,0],[-6.947,-23.372]],"v":[[61.767,-51.948],[-61.766,-51.948],[-108.09,-12.953],[-127.379,51.948],[127.379,51.948],[108.09,-12.953]],"c":true}]}],"ix":2},"nm":"Path 1","mn":"ADBE Vector Shape - Group","hd":false},{"ty":"st","c":{"a":0,"k":[0,0,0,1],"ix":3,"x":"var $bm_rt;\n$bm_rt = thisComp.layer('Main Stroke width - Color Ctrl').effect('Base Color')('Color');"},"o":{"a":0,"k":100,"ix":4},"w":{"a":0,"k":16,"ix":5,"x":"var $bm_rt;\n$bm_rt = thisComp.layer('Main Stroke width - Color Ctrl').effect('Stroke width')('Slider');"},"lc":2,"lj":2,"bm":0,"nm":"Stroke 1","mn":"ADBE Vector Graphic - Stroke","hd":false},{"ty":"tr","p":{"a":0,"k":[167.379,331.052],"ix":2},"a":{"a":0,"k":[0,0],"ix":1},"s":{"a":0,"k":[100,100],"ix":3},"r":{"a":0,"k":0,"ix":6},"o":{"a":0,"k":100,"ix":7},"sk":{"a":0,"k":0,"ix":4},"sa":{"a":0,"k":0,"ix":5},"nm":"Transform"}],"nm":"Group 5","np":2,"cix":2,"bm":0,"ix":5,"mn":"ADBE Vector Group","hd":false},{"ty":"gr","it":[{"ind":0,"ty":"sh","ix":1,"ks":{"a":1,"k":[{"i":{"x":0.667,"y":1},"o":{"x":0.333,"y":0},"t":10,"s":[{"i":[[0,0]],"o":[[0,0]],"v":[[196.834,192.87]],"c":true}]},{"i":{"x":0.667,"y":1},"o":{"x":0.333,"y":0},"t":45,"s":[{"i":[[0,0]],"o":[[0,0]],"v":[[191.424,196.292]],"c":true}]},{"i":{"x":0.667,"y":1},"o":{"x":0.333,"y":0},"t":90,"s":[{"i":[[0,0]],"o":[[0,0]],"v":[[191.424,196.292]],"c":true}]},{"t":110,"s":[{"i":[[0,0]],"o":[[0,0]],"v":[[196.834,192.87]],"c":true}]}],"ix":2},"nm":"Path 1","mn":"ADBE Vector Shape - Group","hd":false},{"ty":"st","c":{"a":0,"k":[0,0,0,1],"ix":3,"x":"var $bm_rt;\n$bm_rt = thisComp.layer('Main Stroke width - Color Ctrl').effect('Base Color')('Color');"},"o":{"a":0,"k":100,"ix":4},"w":{"a":0,"k":16,"ix":5,"x":"var $bm_rt;\n$bm_rt = thisComp.layer('Main Stroke width - Color Ctrl').effect('Stroke width')('Slider');"},"lc":2,"lj":2,"bm":0,"nm":"Stroke 1","mn":"ADBE Vector Graphic - Stroke","hd":false},{"ty":"tr","p":{"a":0,"k":[0,0],"ix":2},"a":{"a":0,"k":[0,0],"ix":1},"s":{"a":0,"k":[100,100],"ix":3},"r":{"a":0,"k":0,"ix":6},"o":{"a":0,"k":100,"ix":7},"sk":{"a":0,"k":0,"ix":4},"sa":{"a":0,"k":0,"ix":5},"nm":"Transform"}],"nm":"Group 6","np":2,"cix":2,"bm":0,"ix":6,"mn":"ADBE Vector Group","hd":false},{"ty":"gr","it":[{"ind":0,"ty":"sh","ix":1,"ks":{"a":1,"k":[{"i":{"x":0.667,"y":1},"o":{"x":0.333,"y":0},"t":10,"s":[{"i":[[0,0]],"o":[[0,0]],"v":[[137.925,192.87]],"c":true}]},{"i":{"x":0.667,"y":1},"o":{"x":0.333,"y":0},"t":45,"s":[{"i":[[0,0]],"o":[[0,0]],"v":[[143.335,196.292]],"c":true}]},{"i":{"x":0.667,"y":1},"o":{"x":0.333,"y":0},"t":90,"s":[{"i":[[0,0]],"o":[[0,0]],"v":[[143.335,196.292]],"c":true}]},{"t":110,"s":[{"i":[[0,0]],"o":[[0,0]],"v":[[137.925,192.87]],"c":true}]}],"ix":2},"nm":"Path 1","mn":"ADBE Vector Shape - Group","hd":false},{"ty":"st","c":{"a":0,"k":[0,0,0,1],"ix":3,"x":"var $bm_rt;\n$bm_rt = thisComp.layer('Main Stroke width - Color Ctrl').effect('Base Color')('Color');"},"o":{"a":0,"k":100,"ix":4},"w":{"a":0,"k":16,"ix":5,"x":"var $bm_rt;\n$bm_rt = thisComp.layer('Main Stroke width - Color Ctrl').effect('Stroke width')('Slider');"},"lc":2,"lj":2,"bm":0,"nm":"Stroke 1","mn":"ADBE Vector Graphic - Stroke","hd":false},{"ty":"tr","p":{"a":0,"k":[0,0],"ix":2},"a":{"a":0,"k":[0,0],"ix":1},"s":{"a":0,"k":[100,100],"ix":3},"r":{"a":0,"k":0,"ix":6},"o":{"a":0,"k":100,"ix":7},"sk":{"a":0,"k":0,"ix":4},"sa":{"a":0,"k":0,"ix":5},"nm":"Transform"}],"nm":"Group 7","np":2,"cix":2,"bm":0,"ix":7,"mn":"ADBE Vector Group","hd":false},{"ty":"gr","it":[{"ind":0,"ty":"sh","ix":1,"ks":{"a":1,"k":[{"i":{"x":0.667,"y":1},"o":{"x":0.333,"y":0},"t":10,"s":[{"i":[[0,-40.314],[0,0],[0,0],[9.265,16.277],[0,0],[0,0],[18.73,0],[0,0],[0,0],[-40.403,-0.139]],"o":[[0,0],[0,0],[-18.729,0],[0,0],[0,0],[-9.265,16.277],[0,0],[0,0],[0,-40.37],[40.313,0.139]],"v":[[72.941,30.749],[72.941,43.122],[45.283,43.122],[0,16.793],[0,16.792],[0,16.793],[-45.283,43.122],[-72.941,43.122],[-72.941,29.957],[0.257,-42.983]],"c":true}]},{"i":{"x":0.667,"y":1},"o":{"x":0.333,"y":0},"t":45,"s":[{"i":[[0,-32.909],[0,0],[0,0],[7.563,13.287],[0,0],[0,0],[15.29,0],[0,0],[0,0],[-32.982,-0.114]],"o":[[0,0],[0,0],[-15.289,0],[0,0],[0,0],[-7.563,13.287],[0,0],[0,0],[0,-32.955],[32.909,0.113]],"v":[[59.544,40.864],[59.544,50.964],[36.966,50.964],[0,29.471],[0,29.47],[0,29.471],[-36.966,50.964],[-59.544,50.964],[-59.544,40.217],[0.21,-19.325]],"c":true}]},{"i":{"x":0.667,"y":1},"o":{"x":0.333,"y":0},"t":90,"s":[{"i":[[0,-32.909],[0,0],[0,0],[7.563,13.287],[0,0],[0,0],[15.29,0],[0,0],[0,0],[-32.982,-0.114]],"o":[[0,0],[0,0],[-15.289,0],[0,0],[0,0],[-7.563,13.287],[0,0],[0,0],[0,-32.955],[32.909,0.113]],"v":[[59.544,40.864],[59.544,50.964],[36.966,50.964],[0,29.471],[0,29.47],[0,29.471],[-36.966,50.964],[-59.544,50.964],[-59.544,40.217],[0.21,-19.325]],"c":true}]},{"t":110,"s":[{"i":[[0,-40.314],[0,0],[0,0],[9.265,16.277],[0,0],[0,0],[18.73,0],[0,0],[0,0],[-40.403,-0.139]],"o":[[0,0],[0,0],[-18.729,0],[0,0],[0,0],[-9.265,16.277],[0,0],[0,0],[0,-40.37],[40.313,0.139]],"v":[[72.941,30.749],[72.941,43.122],[45.283,43.122],[0,16.793],[0,16.792],[0,16.793],[-45.283,43.122],[-72.941,43.122],[-72.941,29.957],[0.257,-42.983]],"c":true}]}],"ix":2},"nm":"Path 1","mn":"ADBE Vector Shape - Group","hd":false},{"ty":"st","c":{"a":0,"k":[0,0,0,1],"ix":3,"x":"var $bm_rt;\n$bm_rt = thisComp.layer('Main Stroke width - Color Ctrl').effect('Base Color')('Color');"},"o":{"a":0,"k":100,"ix":4},"w":{"a":0,"k":16,"ix":5,"x":"var $bm_rt;\n$bm_rt = thisComp.layer('Main Stroke width - Color Ctrl').effect('Stroke width')('Slider');"},"lc":2,"lj":2,"bm":0,"nm":"Stroke 1","mn":"ADBE Vector Graphic - Stroke","hd":false},{"ty":"tr","p":{"a":0,"k":[167.379,125.681],"ix":2},"a":{"a":0,"k":[0,0],"ix":1},"s":{"a":0,"k":[100,100],"ix":3},"r":{"a":0,"k":0,"ix":6},"o":{"a":0,"k":100,"ix":7},"sk":{"a":0,"k":0,"ix":4},"sa":{"a":0,"k":0,"ix":5},"nm":"Transform"}],"nm":"Group 8","np":2,"cix":2,"bm":0,"ix":8,"mn":"ADBE Vector Group","hd":false},{"ty":"gr","it":[{"ind":0,"ty":"sh","ix":1,"ks":{"a":1,"k":[{"i":{"x":0.667,"y":1},"o":{"x":0.333,"y":0},"t":10,"s":[{"i":[[0,0],[0,0],[35.566,0],[0,35.567],[0,0]],"o":[[0,0],[0,35.567],[-35.567,0],[0,0],[0,0]],"v":[[64.401,-55.15],[64.401,-9.251],[0,55.15],[-64.402,-9.251],[-64.402,-55.15]],"c":false}]},{"i":{"x":0.667,"y":1},"o":{"x":0.333,"y":0},"t":45,"s":[{"i":[[0,0],[0,0],[29.033,0],[0,29.034],[0,0]],"o":[[0,0],[0,29.034],[-29.034,0],[0,0],[0,0]],"v":[[52.573,-47.308],[52.573,-9.84],[0,42.733],[-52.573,-9.84],[-52.573,-47.308]],"c":false}]},{"i":{"x":0.667,"y":1},"o":{"x":0.333,"y":0},"t":90,"s":[{"i":[[0,0],[0,0],[29.033,0],[0,29.034],[0,0]],"o":[[0,0],[0,29.034],[-29.034,0],[0,0],[0,0]],"v":[[52.573,-47.308],[52.573,-9.84],[0,42.733],[-52.573,-9.84],[-52.573,-47.308]],"c":false}]},{"t":110,"s":[{"i":[[0,0],[0,0],[35.566,0],[0,35.567],[0,0]],"o":[[0,0],[0,35.567],[-35.567,0],[0,0],[0,0]],"v":[[64.401,-55.15],[64.401,-9.251],[0,55.15],[-64.402,-9.251],[-64.402,-55.15]],"c":false}]}],"ix":2},"nm":"Path 1","mn":"ADBE Vector Shape - Group","hd":false},{"ty":"st","c":{"a":0,"k":[0,0,0,1],"ix":3,"x":"var $bm_rt;\n$bm_rt = thisComp.layer('Main Stroke width - Color Ctrl').effect('Base Color')('Color');"},"o":{"a":0,"k":100,"ix":4},"w":{"a":0,"k":16,"ix":5,"x":"var $bm_rt;\n$bm_rt = thisComp.layer('Main Stroke width - Color Ctrl').effect('Stroke width')('Slider');"},"lc":2,"lj":2,"bm":0,"nm":"Stroke 1","mn":"ADBE Vector Graphic - Stroke","hd":false},{"ty":"tr","p":{"a":0,"k":[167.379,223.954],"ix":2},"a":{"a":0,"k":[0,0],"ix":1},"s":{"a":0,"k":[100,100],"ix":3},"r":{"a":0,"k":0,"ix":6},"o":{"a":0,"k":100,"ix":7},"sk":{"a":0,"k":0,"ix":4},"sa":{"a":0,"k":0,"ix":5},"nm":"Transform"}],"nm":"Group 9","np":2,"cix":2,"bm":0,"ix":9,"mn":"ADBE Vector Group","hd":false},{"ty":"gr","it":[{"ind":0,"ty":"sh","ix":1,"ks":{"a":1,"k":[{"i":{"x":0.833,"y":0.833},"o":{"x":0.333,"y":0},"t":10,"s":[{"i":[[0,0],[-7.83,0],[-4.48,5.716]],"o":[[4.48,5.716],[7.83,0],[0,0]],"v":[[-19.275,-4.696],[0,4.696],[19.275,-4.696]],"c":false}]},{"i":{"x":0.833,"y":0.833},"o":{"x":0.167,"y":0.167},"t":45,"s":[{"i":[[0,0],[-3.961,0],[-2.266,1.051]],"o":[[2.266,1.051],[3.961,0],[0,0]],"v":[[-9.75,-4.602],[0,-2.875],[9.75,-4.602]],"c":false}]},{"i":{"x":0.833,"y":0.833},"o":{"x":0.167,"y":0.167},"t":66,"s":[{"i":[[0,0],[-4.011,0],[-2.295,3.333]],"o":[[2.295,3.333],[4.011,0],[0,0]],"v":[[-9.875,-6.477],[0,-1],[9.875,-6.477]],"c":false}]},{"i":{"x":0.667,"y":1},"o":{"x":0.167,"y":0.167},"t":90,"s":[{"i":[[0,0],[-3.961,0],[-2.266,1.051]],"o":[[2.266,1.051],[3.961,0],[0,0]],"v":[[-9.75,-4.602],[0,-2.875],[9.75,-4.602]],"c":false}]},{"t":110,"s":[{"i":[[0,0],[-7.83,0],[-4.48,5.716]],"o":[[4.48,5.716],[7.83,0],[0,0]],"v":[[-19.275,-4.696],[0,4.696],[19.275,-4.696]],"c":false}]}],"ix":2},"nm":"Path 1","mn":"ADBE Vector Shape - Group","hd":false},{"ty":"st","c":{"a":0,"k":[0,0,0,1],"ix":3,"x":"var $bm_rt;\n$bm_rt = thisComp.layer('Main Stroke width - Color Ctrl').effect('Base Color')('Color');"},"o":{"a":0,"k":100,"ix":4},"w":{"a":0,"k":16,"ix":5,"x":"var $bm_rt;\n$bm_rt = thisComp.layer('Main Stroke width - Color Ctrl').effect('Stroke width')('Slider');"},"lc":2,"lj":2,"bm":0,"nm":"Stroke 1","mn":"ADBE Vector Graphic - Stroke","hd":false},{"ty":"tr","p":{"a":0,"k":[167.379,231.852],"ix":2},"a":{"a":0,"k":[0,0],"ix":1},"s":{"a":0,"k":[100,100],"ix":3},"r":{"a":0,"k":0,"ix":6},"o":{"a":0,"k":100,"ix":7},"sk":{"a":0,"k":0,"ix":4},"sa":{"a":0,"k":0,"ix":5},"nm":"Transform"}],"nm":"Group 10","np":2,"cix":2,"bm":0,"ix":10,"mn":"ADBE Vector Group","hd":false},{"ty":"gr","it":[{"ind":0,"ty":"sh","ix":1,"ks":{"a":1,"k":[{"i":{"x":0.667,"y":1},"o":{"x":0.333,"y":0},"t":10,"s":[{"i":[[0,0],[0,0],[0,-15.537],[5.091,-5.092],[7.764,0],[0,0]],"o":[[0,0],[15.537,0],[0,7.764],[-5.092,5.091],[0,0],[0,0]],"v":[[-27.75,-28.13],[-0.089,-28.13],[28.042,0],[19.799,19.889],[-0.089,28.131],[-28.042,28.131]],"c":false}]},{"i":{"x":0.667,"y":1},"o":{"x":0.333,"y":0},"t":45,"s":[{"i":[[0,0],[0,0],[0,-12.683],[4.157,-4.156],[6.338,0],[0,0]],"o":[[0,0],[12.683,0],[0,6.338],[-4.157,4.156],[0,0],[0,0]],"v":[[-36.037,-20.219],[-17.011,-20.219],[5.952,2.744],[-0.776,18.98],[-17.011,25.708],[-39.83,25.708]],"c":false}]},{"i":{"x":0.667,"y":1},"o":{"x":0.333,"y":0},"t":90,"s":[{"i":[[0,0],[0,0],[0,-12.683],[4.157,-4.156],[6.338,0],[0,0]],"o":[[0,0],[12.683,0],[0,6.338],[-4.157,4.156],[0,0],[0,0]],"v":[[-33.616,-20.219],[-17.011,-20.219],[5.952,2.744],[-0.776,18.98],[-17.011,25.708],[-39.83,25.708]],"c":false}]},{"t":110,"s":[{"i":[[0,0],[0,0],[0,-15.537],[5.091,-5.092],[7.764,0],[0,0]],"o":[[0,0],[15.537,0],[0,7.764],[-5.092,5.091],[0,0],[0,0]],"v":[[-27.75,-28.13],[-0.089,-28.13],[28.042,0],[19.799,19.889],[-0.089,28.131],[-28.042,28.131]],"c":false}]}],"ix":2},"nm":"Path 1","mn":"ADBE Vector Shape - Group","hd":false},{"ty":"st","c":{"a":0,"k":[0.243137269862,0.796078491211,0.792156922583,1],"ix":3,"x":"var $bm_rt;\n$bm_rt = thisComp.layer('Main Stroke width - Color Ctrl').effect('Highlight')('Color');"},"o":{"a":0,"k":100,"ix":4},"w":{"a":0,"k":16,"ix":5,"x":"var $bm_rt;\n$bm_rt = thisComp.layer('Main Stroke width - Color Ctrl').effect('Stroke width')('Slider');"},"lc":2,"lj":2,"bm":0,"nm":"Stroke 1","mn":"ADBE Vector Graphic - Stroke","hd":false},{"ty":"tr","p":{"a":0,"k":[259.601,196.556],"ix":2},"a":{"a":0,"k":[0,0],"ix":1},"s":{"a":0,"k":[100,100],"ix":3},"r":{"a":0,"k":0,"ix":6},"o":{"a":0,"k":100,"ix":7},"sk":{"a":0,"k":0,"ix":4},"sa":{"a":0,"k":0,"ix":5},"nm":"Transform"}],"nm":"Group 11","np":2,"cix":2,"bm":0,"ix":11,"mn":"ADBE Vector Group","hd":false},{"ty":"gr","it":[{"ind":0,"ty":"sh","ix":1,"ks":{"a":1,"k":[{"i":{"x":0.667,"y":1},"o":{"x":0.333,"y":0},"t":10,"s":[{"i":[[0,0],[0,0],[5.091,5.091],[0,7.764],[-15.538,0],[0,0]],"o":[[0,0],[-7.764,0],[-5.092,-5.092],[0,-15.538],[0,0],[0,0]],"v":[[28.042,28.13],[0.089,28.13],[-19.799,19.889],[-28.042,0.001],[0.089,-28.13],[27.751,-28.13]],"c":false}]},{"i":{"x":0.667,"y":1},"o":{"x":0.333,"y":0},"t":45,"s":[{"i":[[0,0],[0,0],[4.156,4.156],[0,6.338],[-12.684,0],[0,0]],"o":[[0,0],[-6.338,0],[-4.157,-4.157],[0,-12.684],[0,0],[0,0]],"v":[[39.83,25.708],[17.012,25.708],[0.777,18.98],[-5.952,2.745],[17.012,-20.219],[34.592,-20.219]],"c":false}]},{"i":{"x":0.667,"y":1},"o":{"x":0.333,"y":0},"t":90,"s":[{"i":[[0,0],[0,0],[4.156,4.156],[0,6.338],[-12.684,0],[0,0]],"o":[[0,0],[-6.338,0],[-4.157,-4.157],[0,-12.684],[0,0],[0,0]],"v":[[39.83,25.708],[17.012,25.708],[0.777,18.98],[-5.952,2.745],[17.012,-20.219],[34.006,-20.219]],"c":false}]},{"t":110,"s":[{"i":[[0,0],[0,0],[5.091,5.091],[0,7.764],[-15.538,0],[0,0]],"o":[[0,0],[-7.764,0],[-5.092,-5.092],[0,-15.538],[0,0],[0,0]],"v":[[28.042,28.13],[0.089,28.13],[-19.799,19.889],[-28.042,0.001],[0.089,-28.13],[27.751,-28.13]],"c":false}]}],"ix":2},"nm":"Path 1","mn":"ADBE Vector Shape - Group","hd":false},{"ty":"st","c":{"a":0,"k":[0.243137269862,0.796078491211,0.792156922583,1],"ix":3,"x":"var $bm_rt;\n$bm_rt = thisComp.layer('Main Stroke width - Color Ctrl').effect('Highlight')('Color');"},"o":{"a":0,"k":100,"ix":4},"w":{"a":0,"k":16,"ix":5,"x":"var $bm_rt;\n$bm_rt = thisComp.layer('Main Stroke width - Color Ctrl').effect('Stroke width')('Slider');"},"lc":2,"lj":2,"bm":0,"nm":"Stroke 1","mn":"ADBE Vector Graphic - Stroke","hd":false},{"ty":"tr","p":{"a":0,"k":[75.157,196.556],"ix":2},"a":{"a":0,"k":[0,0],"ix":1},"s":{"a":0,"k":[100,100],"ix":3},"r":{"a":0,"k":0,"ix":6},"o":{"a":0,"k":100,"ix":7},"sk":{"a":0,"k":0,"ix":4},"sa":{"a":0,"k":0,"ix":5},"nm":"Transform"}],"nm":"Group 12","np":2,"cix":2,"bm":0,"ix":12,"mn":"ADBE Vector Group","hd":false},{"ty":"gr","it":[{"ind":0,"ty":"sh","ix":1,"ks":{"a":1,"k":[{"i":{"x":0.667,"y":1},"o":{"x":0.333,"y":0},"t":10,"s":[{"i":[[0,0],[0,0],[-21.932,21.854],[-30.813,0],[0,0],[0,-63.982],[0,0]],"o":[[0,0],[0,-30.962],[21.84,-21.761],[0,0],[63.54,0.221],[0,0],[0,0]],"v":[[-115.638,70.55],[-115.638,45.088],[-81.63,-36.819],[-0.007,-70.55],[0.406,-70.55],[115.638,45.878],[115.638,70.55]],"c":false}]},{"i":{"x":0.667,"y":1},"o":{"x":0.333,"y":0},"t":45,"s":[{"i":[[0,0],[0,0],[-17.904,17.839],[-25.153,0],[0,0],[0,-52.23],[0,0]],"o":[[0,0],[0,-25.275],[17.829,-17.764],[0,0],[51.869,0.18],[0,0],[0,0]],"v":[[-94.398,76.134],[-94.398,55.348],[-66.637,-11.514],[-0.006,-39.05],[0.331,-39.05],[94.398,55.993],[94.398,76.134]],"c":false}]},{"i":{"x":0.667,"y":1},"o":{"x":0.333,"y":0},"t":90,"s":[{"i":[[0,0],[0,0],[-17.904,17.839],[-25.153,0],[0,0],[0,-52.23],[0,0]],"o":[[0,0],[0,-25.275],[17.829,-17.764],[0,0],[51.869,0.18],[0,0],[0,0]],"v":[[-94.398,76.134],[-94.398,55.348],[-66.637,-11.514],[-0.006,-39.05],[0.331,-39.05],[94.398,55.993],[94.398,76.134]],"c":false}]},{"t":110,"s":[{"i":[[0,0],[0,0],[-21.932,21.854],[-30.813,0],[0,0],[0,-63.982],[0,0]],"o":[[0,0],[0,-30.962],[21.84,-21.761],[0,0],[63.54,0.221],[0,0],[0,0]],"v":[[-115.638,70.55],[-115.638,45.088],[-81.63,-36.819],[-0.007,-70.55],[0.406,-70.55],[115.638,45.878],[115.638,70.55]],"c":false}]}],"ix":2},"nm":"Path 1","mn":"ADBE Vector Shape - Group","hd":false},{"ty":"st","c":{"a":0,"k":[0.243137269862,0.796078491211,0.792156922583,1],"ix":3,"x":"var $bm_rt;\n$bm_rt = thisComp.layer('Main Stroke width - Color Ctrl').effect('Highlight')('Color');"},"o":{"a":0,"k":100,"ix":4},"w":{"a":0,"k":16,"ix":5,"x":"var $bm_rt;\n$bm_rt = thisComp.layer('Main Stroke width - Color Ctrl').effect('Stroke width')('Slider');"},"lc":2,"lj":2,"bm":0,"nm":"Stroke 1","mn":"ADBE Vector Graphic - Stroke","hd":false},{"ty":"tr","p":{"a":0,"k":[167.379,110.55],"ix":2},"a":{"a":0,"k":[0,0],"ix":1},"s":{"a":0,"k":[100,100],"ix":3},"r":{"a":0,"k":0,"ix":6},"o":{"a":0,"k":100,"ix":7},"sk":{"a":0,"k":0,"ix":4},"sa":{"a":0,"k":0,"ix":5},"nm":"Transform"}],"nm":"Group 13","np":2,"cix":2,"bm":0,"ix":13,"mn":"ADBE Vector Group","hd":false}],"ip":0,"op":720.720720720721,"st":0,"bm":0},{"ddd":0,"ind":4,"ty":3,"nm":"Zero | troke width - Color Ctrl","sr":1,"ks":{"o":{"a":0,"k":0,"ix":11},"r":{"a":0,"k":0,"ix":10},"p":{"a":0,"k":[250,250,0],"ix":2},"a":{"a":0,"k":[0,0,0],"ix":1},"s":{"a":0,"k":[100,100,100],"ix":6}},"ao":0,"ip":0,"op":120,"st":0,"bm":0}],"markers":[]}