{"v":"5.8.1","fr":30,"ip":0,"op":45,"w":500,"h":500,"nm":"36 Download","ddd":0,"assets":[],"layers":[{"ddd":0,"ind":1,"ty":3,"nm":"Main Stroke width - Color Ctrl","parent":4,"sr":1,"ks":{"o":{"a":0,"k":0,"ix":11},"r":{"a":0,"k":0,"ix":10},"p":{"a":0,"k":[0,0,0],"ix":2,"l":2},"a":{"a":0,"k":[50,50,0],"ix":1,"l":2},"s":{"a":0,"k":[100,100,100],"ix":6,"l":2}},"ao":0,"ef":[{"ty":5,"nm":"Stroke width","np":3,"mn":"ADBE Slider Control","ix":1,"en":1,"ef":[{"ty":0,"nm":"Slider","mn":"ADBE Slider Control-0001","ix":1,"v":{"a":0,"k":16,"ix":1}}]}],"ip":0,"op":45,"st":0,"bm":0},{"ddd":0,"ind":2,"ty":4,"nm":"Arrow","parent":1,"sr":1,"ks":{"o":{"a":0,"k":100,"ix":11},"r":{"a":0,"k":0,"ix":10},"p":{"a":0,"k":[50,50,0],"ix":2,"l":2},"a":{"a":0,"k":[0,0,0],"ix":1,"l":2},"s":{"a":0,"k":[100,100,100],"ix":6,"l":2}},"ao":0,"shapes":[{"ty":"gr","it":[{"ind":0,"ty":"sh","ix":1,"ks":{"a":1,"k":[{"i":{"x":0.64,"y":1},"o":{"x":0.36,"y":0},"t":0,"s":[{"i":[[0,0],[0,0],[0,0],[0,0],[0,0],[0,0],[0,0]],"o":[[0,0],[0,0],[0,0],[0,0],[0,0],[0,0],[0,0]],"v":[[30.288,-33.38],[30.288,-178.886],[-30.339,-178.886],[-30.339,-33.38],[-75.809,-33.38],[-0.025,57.56],[75.759,-33.38]],"c":true}]},{"i":{"x":0.64,"y":1},"o":{"x":0.36,"y":0},"t":11,"s":[{"i":[[0,0],[0,0],[0,0],[0,0],[0,0],[0,0],[0,0]],"o":[[0,0],[0,0],[0,0],[0,0],[0,0],[0,0],[0,0]],"v":[[30.264,-107.38],[30.288,-178.886],[-30.339,-178.886],[-30.363,-107.38],[-75.834,-107.38],[-0.05,-16.44],[75.734,-107.38]],"c":true}]},{"i":{"x":0.64,"y":1},"o":{"x":0.36,"y":0},"t":21,"s":[{"i":[[0,0],[0,0],[0,0],[0,0],[0,0],[0,0],[0,0]],"o":[[0,0],[0,0],[0,0],[0,0],[0,0],[0,0],[0,0]],"v":[[30.264,4.62],[30.288,-178.886],[-30.339,-178.886],[-30.363,4.62],[-75.834,4.62],[-0.05,95.56],[75.734,4.62]],"c":true}]},{"i":{"x":0.64,"y":1},"o":{"x":0.36,"y":0},"t":29,"s":[{"i":[[0,0],[0,0],[0,0],[0,0],[0,0],[0,0],[0,0]],"o":[[0,0],[0,0],[0,0],[0,0],[0,0],[0,0],[0,0]],"v":[[29.997,-59.38],[30.289,-178.886],[-30.339,-178.886],[-30.63,-59.38],[-76.1,-59.38],[-0.316,31.56],[75.468,-59.38]],"c":true}]},{"t":34,"s":[{"i":[[0,0],[0,0],[0,0],[0,0],[0,0],[0,0],[0,0]],"o":[[0,0],[0,0],[0,0],[0,0],[0,0],[0,0],[0,0]],"v":[[30.288,-33.38],[30.288,-178.886],[-30.339,-178.886],[-30.339,-33.38],[-75.809,-33.38],[-0.025,57.56],[75.759,-33.38]],"c":true}]}],"ix":2},"nm":"Path 1","mn":"ADBE Vector Shape - Group","hd":false},{"ty":"st","c":{"a":0,"k":[0.20000000298,0.800000011921,0.800000011921,1],"ix":3},"o":{"a":0,"k":100,"ix":4},"w":{"a":0,"k":16,"ix":5,"x":"var $bm_rt;\n$bm_rt = thisComp.layer('Main Stroke width - Color Ctrl').effect('Stroke width')('Slider');"},"lc":2,"lj":2,"bm":0,"nm":"Stroke 1","mn":"ADBE Vector Graphic - Stroke","hd":false},{"ty":"tr","p":{"a":0,"k":[0,0],"ix":2},"a":{"a":0,"k":[0,0],"ix":1},"s":{"a":0,"k":[100,100],"ix":3},"r":{"a":0,"k":0,"ix":6},"o":{"a":0,"k":100,"ix":7},"sk":{"a":0,"k":0,"ix":4},"sa":{"a":0,"k":0,"ix":5},"nm":"Transform"}],"nm":"Group 1","np":2,"cix":2,"bm":0,"ix":1,"mn":"ADBE Vector Group","hd":false}],"ip":0,"op":45,"st":0,"bm":0},{"ddd":0,"ind":3,"ty":4,"nm":"Download","parent":1,"sr":1,"ks":{"o":{"a":0,"k":100,"ix":11},"r":{"a":0,"k":0,"ix":10},"p":{"a":0,"k":[50,50,0],"ix":2,"l":2},"a":{"a":0,"k":[0,0,0],"ix":1,"l":2},"s":{"a":0,"k":[100,100,100],"ix":6,"l":2}},"ao":0,"shapes":[{"ty":"gr","it":[{"ind":0,"ty":"sh","ix":1,"ks":{"a":1,"k":[{"i":{"x":0.63,"y":1},"o":{"x":0.37,"y":0},"t":14,"s":[{"i":[[0,0],[0,0],[0,0],[0,0],[0,0],[0,0],[-16.742,0],[0,0],[0,16.742],[0,0]],"o":[[0,0],[0,0],[0,0],[0,0],[0,0],[0,16.742],[0,0],[16.742,0],[0,0],[0,0]],"v":[[118.198,57.56],[118.198,118.187],[-118.248,118.187],[-118.248,57.56],[-178.875,57.56],[-178.875,148.501],[-148.561,178.814],[148.512,178.814],[178.825,148.501],[178.825,57.56]],"c":true}]},{"i":{"x":0.63,"y":1},"o":{"x":0.37,"y":0},"t":21,"s":[{"i":[[0,0],[0,0],[0,0],[0,0],[0,0],[0,0],[-16.742,0],[0,0],[0,16.742],[0,0]],"o":[[0,0],[0,0],[0,0],[0,0],[0,0],[0,16.742],[0,0],[16.742,0],[0,0],[0,0]],"v":[[150.198,58.375],[150.198,119.002],[-142.248,119.002],[-142.248,58.375],[-202.875,58.375],[-202.875,149.315],[-172.561,179.629],[180.512,179.629],[210.825,149.315],[210.825,58.375]],"c":true}]},{"t":28,"s":[{"i":[[0,0],[0,0],[0,0],[0,0],[0,0],[0,0],[-16.742,0],[0,0],[0,16.742],[0,0]],"o":[[0,0],[0,0],[0,0],[0,0],[0,0],[0,16.742],[0,0],[16.742,0],[0,0],[0,0]],"v":[[118.198,57.56],[118.198,118.187],[-118.248,118.187],[-118.248,57.56],[-178.875,57.56],[-178.875,148.501],[-148.561,178.814],[148.512,178.814],[178.825,148.501],[178.825,57.56]],"c":true}]}],"ix":2},"nm":"Path 1","mn":"ADBE Vector Shape - Group","hd":false},{"ty":"st","c":{"a":0,"k":[0,0,0,1],"ix":3},"o":{"a":0,"k":100,"ix":4},"w":{"a":0,"k":16,"ix":5,"x":"var $bm_rt;\n$bm_rt = thisComp.layer('Main Stroke width - Color Ctrl').effect('Stroke width')('Slider');"},"lc":2,"lj":2,"bm":0,"nm":"Stroke 1","mn":"ADBE Vector Graphic - Stroke","hd":false},{"ty":"tr","p":{"a":0,"k":[0,0],"ix":2},"a":{"a":0,"k":[0,0],"ix":1},"s":{"a":0,"k":[100,100],"ix":3},"r":{"a":0,"k":0,"ix":6},"o":{"a":0,"k":100,"ix":7},"sk":{"a":0,"k":0,"ix":4},"sa":{"a":0,"k":0,"ix":5},"nm":"Transform"}],"nm":"Group 1","np":2,"cix":2,"bm":0,"ix":1,"mn":"ADBE Vector Group","hd":false}],"ip":0,"op":45,"st":0,"bm":0},{"ddd":0,"ind":4,"ty":3,"nm":"Zero | troke width - Color Ctrl","sr":1,"ks":{"o":{"a":0,"k":0,"ix":11},"r":{"a":0,"k":0,"ix":10},"p":{"a":0,"k":[250,250,0],"ix":2,"l":2},"a":{"a":0,"k":[0,0,0],"ix":1,"l":2},"s":{"a":0,"k":[100,100,100],"ix":6,"l":2}},"ao":0,"ip":0,"op":45,"st":0,"bm":0}],"markers":[]}