{"v":"4.8.0","meta":{"g":"LottieFiles AE ","a":"","k":"","d":"","tc":""},"fr":25,"ip":0,"op":50,"w":500,"h":500,"nm":"04 Happy","ddd":0,"assets":[],"layers":[{"ddd":0,"ind":1,"ty":3,"nm":"Main Stroke width - Color Ctrl","parent":5,"sr":1,"ks":{"o":{"a":0,"k":0,"ix":11},"r":{"a":0,"k":0,"ix":10},"p":{"a":0,"k":[0,0,0],"ix":2},"a":{"a":0,"k":[50,50,0],"ix":1},"s":{"a":0,"k":[100,100,100],"ix":6}},"ao":0,"ef":[{"ty":5,"nm":"Stroke width","np":3,"mn":"ADBE Slider Control","ix":1,"en":1,"ef":[{"ty":0,"nm":"Slider","mn":"ADBE Slider Control-0001","ix":1,"v":{"a":0,"k":16,"ix":1}}]}],"ip":0,"op":50,"st":0,"bm":0},{"ddd":0,"ind":2,"ty":4,"nm":"Eyes","parent":4,"sr":1,"ks":{"o":{"a":0,"k":100,"ix":11},"r":{"a":0,"k":0,"ix":10},"p":{"a":1,"k":[{"i":{"x":0.56,"y":1},"o":{"x":0.44,"y":0},"t":0,"s":[-0.648,-59.247,0],"to":[0,7.833,0],"ti":[0,-7.833,0]},{"i":{"x":0.56,"y":0.56},"o":{"x":0.44,"y":0.44},"t":9,"s":[-0.648,-12.247,0],"to":[0,0,0],"ti":[0,0,0]},{"i":{"x":0.56,"y":1},"o":{"x":0.44,"y":0},"t":28,"s":[-0.648,-12.247,0],"to":[0,-7.833,0],"ti":[0,7.833,0]},{"t":41,"s":[-0.648,-59.247,0]}],"ix":2},"a":{"a":0,"k":[-0.648,-59.247,0],"ix":1},"s":{"a":0,"k":[100,100,100],"ix":6}},"ao":0,"shapes":[{"ty":"gr","it":[{"ind":0,"ty":"sh","ix":1,"ks":{"a":1,"k":[{"i":{"x":0.56,"y":1},"o":{"x":0.44,"y":0},"t":0,"s":[{"i":[[0,0],[-16.285,0],[0,-16.285]],"o":[[0,-16.285],[16.285,0],[0,0]],"v":[[42.426,-44.504],[71.913,-73.991],[101.399,-44.504]],"c":false}]},{"i":{"x":0.56,"y":1},"o":{"x":0.44,"y":0},"t":9,"s":[{"i":[[0,0],[-19.765,0],[0,-19.765]],"o":[[0,-19.765],[19.764,0],[0,0]],"v":[[42.426,-38.204],[78.213,-73.991],[114,-38.204]],"c":false}]},{"i":{"x":0.56,"y":1},"o":{"x":0.44,"y":0},"t":28,"s":[{"i":[[0,0],[-19.765,0],[0,-19.765]],"o":[[0,-19.765],[19.764,0],[0,0]],"v":[[42.426,-38.204],[78.213,-73.991],[114,-38.204]],"c":false}]},{"t":41,"s":[{"i":[[0,0],[-16.285,0],[0,-16.285]],"o":[[0,-16.285],[16.285,0],[0,0]],"v":[[42.426,-44.504],[71.913,-73.991],[101.399,-44.504]],"c":false}]}],"ix":2},"nm":"Path 1","mn":"ADBE Vector Shape - Group","hd":false},{"ty":"st","c":{"a":0,"k":[0.011764706112,0.800000011921,0.800000011921,1],"ix":3},"o":{"a":0,"k":100,"ix":4},"w":{"a":0,"k":16,"ix":5,"x":"var $bm_rt;\n$bm_rt = thisComp.layer('Main Stroke width - Color Ctrl').effect('Stroke width')('Slider');"},"lc":2,"lj":2,"bm":0,"nm":"Stroke 1","mn":"ADBE Vector Graphic - Stroke","hd":false},{"ty":"tr","p":{"a":0,"k":[0,0],"ix":2},"a":{"a":0,"k":[0,0],"ix":1},"s":{"a":0,"k":[100,100],"ix":3},"r":{"a":0,"k":0,"ix":6},"o":{"a":0,"k":100,"ix":7},"sk":{"a":0,"k":0,"ix":4},"sa":{"a":0,"k":0,"ix":5},"nm":"Transform"}],"nm":"Group 1","np":2,"cix":2,"bm":0,"ix":1,"mn":"ADBE Vector Group","hd":false},{"ty":"gr","it":[{"ind":0,"ty":"sh","ix":1,"ks":{"a":1,"k":[{"i":{"x":0.56,"y":1},"o":{"x":0.44,"y":0},"t":0,"s":[{"i":[[0,0],[-16.285,0],[0,-16.285]],"o":[[0,-16.285],[16.285,0],[0,0]],"v":[[-102.695,-44.504],[-73.209,-73.991],[-43.723,-44.504]],"c":false}]},{"i":{"x":0.56,"y":1},"o":{"x":0.44,"y":0},"t":9,"s":[{"i":[[0,0],[-19.13,0],[0,-19.13]],"o":[[0,-19.13],[19.13,0],[0,0]],"v":[[-113,-39.352],[-78.362,-73.991],[-43.723,-39.352]],"c":false}]},{"i":{"x":0.56,"y":1},"o":{"x":0.44,"y":0},"t":28,"s":[{"i":[[0,0],[-19.13,0],[0,-19.13]],"o":[[0,-19.13],[19.13,0],[0,0]],"v":[[-113,-39.352],[-78.362,-73.991],[-43.723,-39.352]],"c":false}]},{"t":41,"s":[{"i":[[0,0],[-16.285,0],[0,-16.285]],"o":[[0,-16.285],[16.285,0],[0,0]],"v":[[-102.695,-44.504],[-73.209,-73.991],[-43.723,-44.504]],"c":false}]}],"ix":2},"nm":"Path 1","mn":"ADBE Vector Shape - Group","hd":false},{"ty":"st","c":{"a":0,"k":[0.011764706112,0.800000011921,0.800000011921,1],"ix":3},"o":{"a":0,"k":100,"ix":4},"w":{"a":0,"k":16,"ix":5,"x":"var $bm_rt;\n$bm_rt = thisComp.layer('Main Stroke width - Color Ctrl').effect('Stroke width')('Slider');"},"lc":2,"lj":2,"bm":0,"nm":"Stroke 1","mn":"ADBE Vector Graphic - Stroke","hd":false},{"ty":"tr","p":{"a":0,"k":[0,0],"ix":2},"a":{"a":0,"k":[0,0],"ix":1},"s":{"a":0,"k":[100,100],"ix":3},"r":{"a":0,"k":0,"ix":6},"o":{"a":0,"k":100,"ix":7},"sk":{"a":0,"k":0,"ix":4},"sa":{"a":0,"k":0,"ix":5},"nm":"Transform"}],"nm":"Group 2","np":2,"cix":2,"bm":0,"ix":2,"mn":"ADBE Vector Group","hd":false}],"ip":0,"op":50,"st":0,"bm":0},{"ddd":0,"ind":3,"ty":4,"nm":"Mouth","parent":4,"sr":1,"ks":{"o":{"a":0,"k":100,"ix":11},"r":{"a":0,"k":0,"ix":10},"p":{"a":1,"k":[{"i":{"x":0.56,"y":1},"o":{"x":0.44,"y":0},"t":0,"s":[-0.002,35.119,0],"to":[0,1.167,0],"ti":[0,0,0]},{"i":{"x":0.56,"y":1},"o":{"x":0.167,"y":0},"t":9,"s":[-0.002,42.119,0],"to":[0,0,0],"ti":[0,1.167,0]},{"t":41,"s":[-0.002,35.119,0]}],"ix":2},"a":{"a":0,"k":[-0.002,35.119,0],"ix":1},"s":{"a":0,"k":[100,100,100],"ix":6}},"ao":0,"shapes":[{"ty":"gr","it":[{"ind":0,"ty":"sh","ix":1,"ks":{"a":1,"k":[{"i":{"x":0.56,"y":1},"o":{"x":0.44,"y":0},"t":0,"s":[{"i":[[0,0],[0,0],[0,0]],"o":[[0,0],[0,0],[0,0]],"v":[[-105.218,87.313],[7.487,87.313],[105.247,87.313]],"c":false}]},{"i":{"x":0.56,"y":1},"o":{"x":0.44,"y":0},"t":9,"s":[{"i":[[0,0],[-41.039,-1.473],[0,0]],"o":[[0,0],[47,1.687],[0,0]],"v":[[-105.218,87.313],[4,102.313],[105.247,87.313]],"c":false}]},{"i":{"x":0.56,"y":1},"o":{"x":0.44,"y":0},"t":28,"s":[{"i":[[0,0],[-41.039,-1.473],[0,0]],"o":[[0,0],[47,1.687],[0,0]],"v":[[-105.218,87.313],[4,102.313],[105.247,87.313]],"c":false}]},{"t":41,"s":[{"i":[[0,0],[0,0],[0,0]],"o":[[0,0],[0,0],[0,0]],"v":[[-105.218,87.313],[7.487,87.313],[105.247,87.313]],"c":false}]}],"ix":2},"nm":"Path 1","mn":"ADBE Vector Shape - Group","hd":false},{"ty":"st","c":{"a":0,"k":[0,0,0,1],"ix":3},"o":{"a":0,"k":100,"ix":4},"w":{"a":0,"k":16,"ix":5,"x":"var $bm_rt;\n$bm_rt = thisComp.layer('Main Stroke width - Color Ctrl').effect('Stroke width')('Slider');"},"lc":2,"lj":2,"bm":0,"nm":"Stroke 1","mn":"ADBE Vector Graphic - Stroke","hd":false},{"ty":"tr","p":{"a":0,"k":[0,0],"ix":2},"a":{"a":0,"k":[0,0],"ix":1},"s":{"a":0,"k":[100,100],"ix":3},"r":{"a":0,"k":0,"ix":6},"o":{"a":0,"k":100,"ix":7},"sk":{"a":0,"k":0,"ix":4},"sa":{"a":0,"k":0,"ix":5},"nm":"Transform"}],"nm":"Group 1","np":2,"cix":2,"bm":0,"ix":1,"mn":"ADBE Vector Group","hd":false},{"ty":"gr","it":[{"ind":0,"ty":"sh","ix":1,"ks":{"a":1,"k":[{"i":{"x":0.56,"y":1},"o":{"x":0.44,"y":0},"t":0,"s":[{"i":[[0,0],[67.177,0],[0,57.652],[0,0]],"o":[[0,57.652],[-67.177,0],[0,0],[0,0]],"v":[[121.633,35.119],[-0.002,139.507],[-121.636,35.119],[3.001,35.119]],"c":true}]},{"i":{"x":0.56,"y":1},"o":{"x":0.44,"y":0},"t":9,"s":[{"i":[[0,0],[67.177,0],[0,57.652],[-70,-0.881]],"o":[[0,57.652],[-67.177,0],[0,0],[70,0.881]],"v":[[121.633,35.119],[-0.002,139.507],[-121.636,35.119],[8,55.119]],"c":true}]},{"i":{"x":0.56,"y":1},"o":{"x":0.44,"y":0},"t":28,"s":[{"i":[[0,0],[67.177,0],[0,57.652],[-70,-0.881]],"o":[[0,57.652],[-67.177,0],[0,0],[70,0.881]],"v":[[121.633,35.119],[-0.002,139.507],[-121.636,35.119],[8,55.119]],"c":true}]},{"t":41,"s":[{"i":[[0,0],[67.177,0],[0,57.652],[0,0]],"o":[[0,57.652],[-67.177,0],[0,0],[0,0]],"v":[[121.633,35.119],[-0.002,139.507],[-121.636,35.119],[3.001,35.119]],"c":true}]}],"ix":2},"nm":"Path 1","mn":"ADBE Vector Shape - Group","hd":false},{"ty":"st","c":{"a":0,"k":[0,0,0,1],"ix":3},"o":{"a":0,"k":100,"ix":4},"w":{"a":0,"k":16,"ix":5,"x":"var $bm_rt;\n$bm_rt = thisComp.layer('Main Stroke width - Color Ctrl').effect('Stroke width')('Slider');"},"lc":2,"lj":2,"bm":0,"nm":"Stroke 1","mn":"ADBE Vector Graphic - Stroke","hd":false},{"ty":"tr","p":{"a":0,"k":[0,0],"ix":2},"a":{"a":0,"k":[0,0],"ix":1},"s":{"a":0,"k":[100,100],"ix":3},"r":{"a":0,"k":0,"ix":6},"o":{"a":0,"k":100,"ix":7},"sk":{"a":0,"k":0,"ix":4},"sa":{"a":0,"k":0,"ix":5},"nm":"Transform"}],"nm":"Group 2","np":2,"cix":2,"bm":0,"ix":2,"mn":"ADBE Vector Group","hd":false}],"ip":0,"op":50,"st":0,"bm":0},{"ddd":0,"ind":4,"ty":4,"nm":"Circle","parent":1,"sr":1,"ks":{"o":{"a":0,"k":100,"ix":11},"r":{"a":1,"k":[{"i":{"x":[0.54],"y":[1]},"o":{"x":[0.46],"y":[0]},"t":0,"s":[0]},{"i":{"x":[0.54],"y":[1]},"o":{"x":[0.46],"y":[0]},"t":6,"s":[28.44]},{"i":{"x":[0.54],"y":[1]},"o":{"x":[0.46],"y":[0]},"t":13,"s":[-18.646]},{"i":{"x":[0.54],"y":[1]},"o":{"x":[0.46],"y":[0]},"t":18,"s":[10.842]},{"i":{"x":[0.54],"y":[1]},"o":{"x":[0.46],"y":[0]},"t":23,"s":[-11.772]},{"i":{"x":[0.54],"y":[1]},"o":{"x":[0.46],"y":[0]},"t":28,"s":[15.468]},{"i":{"x":[0.54],"y":[1]},"o":{"x":[0.46],"y":[0]},"t":33,"s":[-7.829]},{"i":{"x":[0.54],"y":[1]},"o":{"x":[0.46],"y":[0]},"t":38,"s":[5.618]},{"t":42,"s":[0]}],"ix":10},"p":{"a":1,"k":[{"i":{"x":0.54,"y":1},"o":{"x":0.46,"y":0},"t":0,"s":[50.078,49.993,0],"to":[0,5.833,0],"ti":[0,-5.833,0]},{"i":{"x":0.526,"y":0.526},"o":{"x":0.441,"y":0.441},"t":15,"s":[50.078,84.993,0],"to":[0,0,0],"ti":[0,0,0]},{"i":{"x":0.54,"y":1},"o":{"x":0.46,"y":0},"t":26,"s":[50.078,84.993,0],"to":[0,-5.833,0],"ti":[0,5.833,0]},{"t":41,"s":[50.078,49.993,0]}],"ix":2},"a":{"a":0,"k":[0.078,-0.007,0],"ix":1},"s":{"a":0,"k":[100,100,100],"ix":6}},"ao":0,"shapes":[{"ty":"gr","it":[{"ind":0,"ty":"sh","ix":1,"ks":{"a":0,"k":{"i":[[0,-107.112],[107.112,0],[0,107.112],[-107.112,0]],"o":[[0,107.112],[-107.112,0],[0,-107.112],[107.112,0]],"v":[[194.021,-0.008],[0.078,193.936],[-193.866,-0.008],[0.078,-193.951]],"c":true},"ix":2},"nm":"Path 1","mn":"ADBE Vector Shape - Group","hd":false},{"ty":"st","c":{"a":0,"k":[0,0,0,1],"ix":3},"o":{"a":0,"k":100,"ix":4},"w":{"a":0,"k":22,"ix":5,"x":"var $bm_rt;\n$bm_rt = thisComp.layer('Main Stroke width - Color Ctrl').effect('Stroke width')('Slider');"},"lc":2,"lj":2,"bm":0,"nm":"Stroke 1","mn":"ADBE Vector Graphic - Stroke","hd":false},{"ty":"tr","p":{"a":0,"k":[0,0],"ix":2},"a":{"a":0,"k":[0,0],"ix":1},"s":{"a":0,"k":[100,100],"ix":3},"r":{"a":0,"k":0,"ix":6},"o":{"a":0,"k":100,"ix":7},"sk":{"a":0,"k":0,"ix":4},"sa":{"a":0,"k":0,"ix":5},"nm":"Transform"}],"nm":"Group 1","np":2,"cix":2,"bm":0,"ix":1,"mn":"ADBE Vector Group","hd":false}],"ip":0,"op":50,"st":0,"bm":0},{"ddd":0,"ind":5,"ty":3,"nm":"Zero | troke width - Color Ctrl","sr":1,"ks":{"o":{"a":0,"k":0,"ix":11},"r":{"a":0,"k":0,"ix":10},"p":{"a":0,"k":[250,250,0],"ix":2},"a":{"a":0,"k":[0,0,0],"ix":1},"s":{"a":0,"k":[100,100,100],"ix":6}},"ao":0,"ip":0,"op":50,"st":0,"bm":0}],"markers":[]}