{"v":"4.8.0","meta":{"g":"LottieFiles AE ","a":"","k":"","d":"","tc":""},"fr":25,"ip":0,"op":50,"w":500,"h":500,"nm":"01 Happy","ddd":0,"assets":[],"layers":[{"ddd":0,"ind":1,"ty":3,"nm":"Main Stroke width - Color Ctrl","parent":5,"sr":1,"ks":{"o":{"a":0,"k":0,"ix":11},"r":{"a":0,"k":0,"ix":10},"p":{"a":0,"k":[0,0,0],"ix":2},"a":{"a":0,"k":[50,50,0],"ix":1},"s":{"a":0,"k":[100,100,100],"ix":6}},"ao":0,"ef":[{"ty":5,"nm":"Stroke width","np":3,"mn":"ADBE Slider Control","ix":1,"en":1,"ef":[{"ty":0,"nm":"Slider","mn":"ADBE Slider Control-0001","ix":1,"v":{"a":0,"k":16,"ix":1}}]}],"ip":0,"op":50,"st":0,"bm":0},{"ddd":0,"ind":2,"ty":4,"nm":"Mouth","parent":3,"sr":1,"ks":{"o":{"a":0,"k":100,"ix":11},"r":{"a":1,"k":[{"i":{"x":[0.69],"y":[1]},"o":{"x":[0.31],"y":[0]},"t":0,"s":[0]},{"i":{"x":[0.69],"y":[1]},"o":{"x":[0.31],"y":[0]},"t":8,"s":[-16.737]},{"i":{"x":[0.69],"y":[1]},"o":{"x":[0.31],"y":[0]},"t":20,"s":[8.28]},{"t":34,"s":[0]}],"ix":10},"p":{"a":0,"k":[0.237,43.181,0],"ix":2},"a":{"a":0,"k":[0.237,43.181,0],"ix":1},"s":{"a":0,"k":[100,100,100],"ix":6}},"ao":0,"shapes":[{"ty":"gr","it":[{"ind":0,"ty":"sh","ix":1,"ks":{"a":0,"k":{"i":[[0,0],[47.613,0],[17.45,42.864]],"o":[[-17.45,42.864],[-47.613,0],[0,0]],"v":[[106.152,43.181],[0.237,116.121],[-105.677,43.181]],"c":false},"ix":2},"nm":"Path 1","mn":"ADBE Vector Shape - Group","hd":false},{"ty":"st","c":{"a":0,"k":[0.011764706112,0.800000011921,0.800000011921,1],"ix":3},"o":{"a":0,"k":100,"ix":4},"w":{"a":0,"k":22,"ix":5,"x":"var $bm_rt;\n$bm_rt = thisComp.layer('Main Stroke width - Color Ctrl').effect('Stroke width')('Slider');"},"lc":2,"lj":2,"bm":0,"nm":"Stroke 1","mn":"ADBE Vector Graphic - Stroke","hd":false},{"ty":"tr","p":{"a":0,"k":[0,0],"ix":2},"a":{"a":0,"k":[0,0],"ix":1},"s":{"a":0,"k":[100,100],"ix":3},"r":{"a":0,"k":0,"ix":6},"o":{"a":0,"k":100,"ix":7},"sk":{"a":0,"k":0,"ix":4},"sa":{"a":0,"k":0,"ix":5},"nm":"Transform"}],"nm":"Group 1","np":2,"cix":2,"bm":0,"ix":1,"mn":"ADBE Vector Group","hd":false}],"ip":0,"op":50,"st":0,"bm":0},{"ddd":0,"ind":3,"ty":4,"nm":"Eyes","parent":4,"sr":1,"ks":{"o":{"a":0,"k":100,"ix":11},"r":{"a":0,"k":0,"ix":10},"p":{"a":1,"k":[{"i":{"x":0.6,"y":1},"o":{"x":0.4,"y":0},"t":0,"s":[-0.562,-44.505,0],"to":[-1.951,2.16,0],"ti":[-1.684,1.158,0]},{"i":{"x":0.6,"y":1},"o":{"x":0.4,"y":0},"t":12.75,"s":[-12.268,-31.544,0],"to":[1.684,-1.158,0],"ti":[-0.983,0.781,0]},{"i":{"x":0.6,"y":1},"o":{"x":0.4,"y":0},"t":21.25,"s":[9.542,-51.452,0],"to":[0.983,-0.781,0],"ti":[1.684,-1.158,0]},{"i":{"x":0.6,"y":1},"o":{"x":0.4,"y":0},"t":26.562,"s":[-6.372,-36.228,0],"to":[-1.684,1.158,0],"ti":[-0.968,1.379,0]},{"t":34,"s":[-0.562,-44.505,0]}],"ix":2},"a":{"a":0,"k":[-0.562,-44.505,0],"ix":1},"s":{"a":0,"k":[100,100,100],"ix":6}},"ao":0,"shapes":[{"ty":"gr","it":[{"ind":0,"ty":"sh","ix":1,"ks":{"a":1,"k":[{"i":{"x":0.833,"y":0.833},"o":{"x":0.167,"y":0.167},"t":2,"s":[{"i":[[0,-16.288],[16.282,0],[0,16.288],[-16.282,0]],"o":[[0,16.288],[-16.282,0],[0,-16.288],[16.282,0]],"v":[[101.481,-44.505],[71.999,-15.013],[42.518,-44.505],[71.999,-73.996]],"c":true}]},{"i":{"x":0.833,"y":0.833},"o":{"x":0.167,"y":0.167},"t":4,"s":[{"i":[[0,-1.378],[16.282,0],[0,1.378],[-16.282,0]],"o":[[0,1.378],[-16.282,0],[0,-1.378],[16.282,0]],"v":[[101.481,-44.505],[71.999,-42.009],[42.518,-44.505],[71.999,-47]],"c":true}]},{"i":{"x":0.833,"y":0.833},"o":{"x":0.167,"y":0.167},"t":6,"s":[{"i":[[0,-16.288],[16.282,0],[0,16.288],[-16.282,0]],"o":[[0,16.288],[-16.282,0],[0,-16.288],[16.282,0]],"v":[[101.481,-44.505],[71.999,-15.013],[42.518,-44.505],[71.999,-73.996]],"c":true}]},{"i":{"x":0.833,"y":0.833},"o":{"x":0.167,"y":0.167},"t":25,"s":[{"i":[[0,-16.288],[16.282,0],[0,16.288],[-16.282,0]],"o":[[0,16.288],[-16.282,0],[0,-16.288],[16.282,0]],"v":[[101.481,-44.505],[71.999,-15.013],[42.518,-44.505],[71.999,-73.996]],"c":true}]},{"i":{"x":0.833,"y":0.833},"o":{"x":0.167,"y":0.167},"t":27,"s":[{"i":[[0,-1.378],[16.282,0],[0,1.378],[-16.282,0]],"o":[[0,1.378],[-16.282,0],[0,-1.378],[16.282,0]],"v":[[101.481,-44.505],[71.999,-42.009],[42.518,-44.505],[71.999,-47]],"c":true}]},{"t":29,"s":[{"i":[[0,-16.288],[16.282,0],[0,16.288],[-16.282,0]],"o":[[0,16.288],[-16.282,0],[0,-16.288],[16.282,0]],"v":[[101.481,-44.505],[71.999,-15.013],[42.518,-44.505],[71.999,-73.996]],"c":true}]}],"ix":2},"nm":"Path 1","mn":"ADBE Vector Shape - Group","hd":false},{"ty":"st","c":{"a":0,"k":[0,0,0,1],"ix":3},"o":{"a":0,"k":100,"ix":4},"w":{"a":0,"k":22,"ix":5,"x":"var $bm_rt;\n$bm_rt = thisComp.layer('Main Stroke width - Color Ctrl').effect('Stroke width')('Slider');"},"lc":2,"lj":2,"bm":0,"nm":"Stroke 1","mn":"ADBE Vector Graphic - Stroke","hd":false},{"ty":"tr","p":{"a":0,"k":[0,0],"ix":2},"a":{"a":0,"k":[0,0],"ix":1},"s":{"a":0,"k":[100,100],"ix":3},"r":{"a":0,"k":0,"ix":6},"o":{"a":0,"k":100,"ix":7},"sk":{"a":0,"k":0,"ix":4},"sa":{"a":0,"k":0,"ix":5},"nm":"Transform"}],"nm":"Group 1","np":2,"cix":2,"bm":0,"ix":1,"mn":"ADBE Vector Group","hd":false},{"ty":"gr","it":[{"ind":0,"ty":"sh","ix":1,"ks":{"a":1,"k":[{"i":{"x":0.833,"y":0.833},"o":{"x":0.167,"y":0.167},"t":2,"s":[{"i":[[0,-16.288],[16.282,0],[0,16.288],[-16.282,0]],"o":[[0,16.288],[-16.282,0],[0,-16.288],[16.282,0]],"v":[[-43.642,-44.505],[-73.124,-15.013],[-102.605,-44.505],[-73.124,-73.996]],"c":true}]},{"i":{"x":0.833,"y":0.833},"o":{"x":0.167,"y":0.167},"t":4,"s":[{"i":[[0,-1.378],[16.282,0],[0,1.378],[-16.282,0]],"o":[[0,1.378],[-16.282,0],[0,-1.378],[16.282,0]],"v":[[-43.642,-44.505],[-73.124,-42.009],[-102.605,-44.505],[-73.124,-47]],"c":true}]},{"i":{"x":0.833,"y":0.833},"o":{"x":0.167,"y":0.167},"t":6,"s":[{"i":[[0,-16.288],[16.282,0],[0,16.288],[-16.282,0]],"o":[[0,16.288],[-16.282,0],[0,-16.288],[16.282,0]],"v":[[-43.642,-44.505],[-73.124,-15.013],[-102.605,-44.505],[-73.124,-73.996]],"c":true}]},{"i":{"x":0.833,"y":0.833},"o":{"x":0.167,"y":0.167},"t":25,"s":[{"i":[[0,-16.288],[16.282,0],[0,16.288],[-16.282,0]],"o":[[0,16.288],[-16.282,0],[0,-16.288],[16.282,0]],"v":[[-43.642,-44.505],[-73.124,-15.013],[-102.605,-44.505],[-73.124,-73.996]],"c":true}]},{"i":{"x":0.833,"y":0.833},"o":{"x":0.167,"y":0.167},"t":27,"s":[{"i":[[0,-1.378],[16.282,0],[0,1.378],[-16.282,0]],"o":[[0,1.378],[-16.282,0],[0,-1.378],[16.282,0]],"v":[[-43.642,-44.505],[-73.124,-42.009],[-102.605,-44.505],[-73.124,-47]],"c":true}]},{"t":29,"s":[{"i":[[0,-16.288],[16.282,0],[0,16.288],[-16.282,0]],"o":[[0,16.288],[-16.282,0],[0,-16.288],[16.282,0]],"v":[[-43.642,-44.505],[-73.124,-15.013],[-102.605,-44.505],[-73.124,-73.996]],"c":true}]}],"ix":2},"nm":"Path 1","mn":"ADBE Vector Shape - Group","hd":false},{"ty":"st","c":{"a":0,"k":[0,0,0,1],"ix":3},"o":{"a":0,"k":100,"ix":4},"w":{"a":0,"k":22,"ix":5,"x":"var $bm_rt;\n$bm_rt = thisComp.layer('Main Stroke width - Color Ctrl').effect('Stroke width')('Slider');"},"lc":2,"lj":2,"bm":0,"nm":"Stroke 1","mn":"ADBE Vector Graphic - Stroke","hd":false},{"ty":"tr","p":{"a":0,"k":[0,0],"ix":2},"a":{"a":0,"k":[0,0],"ix":1},"s":{"a":0,"k":[100,100],"ix":3},"r":{"a":0,"k":0,"ix":6},"o":{"a":0,"k":100,"ix":7},"sk":{"a":0,"k":0,"ix":4},"sa":{"a":0,"k":0,"ix":5},"nm":"Transform"}],"nm":"Group 2","np":2,"cix":2,"bm":0,"ix":2,"mn":"ADBE Vector Group","hd":false}],"ip":0,"op":50,"st":0,"bm":0},{"ddd":0,"ind":4,"ty":4,"nm":"Circle","parent":1,"sr":1,"ks":{"o":{"a":0,"k":100,"ix":11},"r":{"a":1,"k":[{"i":{"x":[0.66],"y":[1]},"o":{"x":[0.34],"y":[0]},"t":0,"s":[0]},{"i":{"x":[0.66],"y":[1]},"o":{"x":[0.34],"y":[0]},"t":8,"s":[-32.864]},{"i":{"x":[0.66],"y":[1]},"o":{"x":[0.34],"y":[0]},"t":19,"s":[15.356]},{"i":{"x":[0.66],"y":[1]},"o":{"x":[0.34],"y":[0]},"t":26,"s":[-8.065]},{"i":{"x":[0.66],"y":[1]},"o":{"x":[0.34],"y":[0]},"t":33,"s":[5.036]},{"t":38,"s":[0]}],"ix":10},"p":{"a":1,"k":[{"i":{"x":0.66,"y":1},"o":{"x":0.34,"y":0},"t":0,"s":[50,50,0],"to":[0,5,0],"ti":[0,4.667,0]},{"i":{"x":0.66,"y":1},"o":{"x":0.34,"y":0},"t":11.226,"s":[50,80,0],"to":[0,-4.667,0],"ti":[0,3,0]},{"i":{"x":0.66,"y":1},"o":{"x":0.34,"y":0},"t":18.709,"s":[50,22,0],"to":[0,-3,0],"ti":[0,-4.667,0]},{"i":{"x":0.833,"y":1},"o":{"x":0.34,"y":0},"t":24.322,"s":[50,62,0],"to":[0,4.667,0],"ti":[0,2,0]},{"t":30,"s":[50,50,0]}],"ix":2},"a":{"a":0,"k":[0,0,0],"ix":1},"s":{"a":0,"k":[100,100,100],"ix":6}},"ao":0,"shapes":[{"ty":"gr","it":[{"ind":0,"ty":"sh","ix":1,"ks":{"a":0,"k":{"i":[[0,-107.112],[107.112,0],[0,107.112],[-107.112,0]],"o":[[0,107.112],[-107.112,0],[0,-107.112],[107.112,0]],"v":[[194.021,-0.008],[0.078,193.936],[-193.866,-0.008],[0.078,-193.951]],"c":true},"ix":2},"nm":"Path 1","mn":"ADBE Vector Shape - Group","hd":false},{"ty":"st","c":{"a":0,"k":[0,0,0,1],"ix":3},"o":{"a":0,"k":100,"ix":4},"w":{"a":0,"k":22,"ix":5,"x":"var $bm_rt;\n$bm_rt = thisComp.layer('Main Stroke width - Color Ctrl').effect('Stroke width')('Slider');"},"lc":2,"lj":2,"bm":0,"nm":"Stroke 1","mn":"ADBE Vector Graphic - Stroke","hd":false},{"ty":"tr","p":{"a":0,"k":[0,0],"ix":2},"a":{"a":0,"k":[0,0],"ix":1},"s":{"a":0,"k":[100,100],"ix":3},"r":{"a":0,"k":0,"ix":6},"o":{"a":0,"k":100,"ix":7},"sk":{"a":0,"k":0,"ix":4},"sa":{"a":0,"k":0,"ix":5},"nm":"Transform"}],"nm":"Group 1","np":2,"cix":2,"bm":0,"ix":1,"mn":"ADBE Vector Group","hd":false}],"ip":0,"op":50,"st":0,"bm":0},{"ddd":0,"ind":5,"ty":3,"nm":"Zero | troke width - Color Ctrl","sr":1,"ks":{"o":{"a":0,"k":0,"ix":11},"r":{"a":0,"k":0,"ix":10},"p":{"a":0,"k":[250,250,0],"ix":2},"a":{"a":0,"k":[0,0,0],"ix":1},"s":{"a":0,"k":[100,100,100],"ix":6}},"ao":0,"ip":0,"op":50,"st":0,"bm":0}],"markers":[]}