{"v":"5.7.4","fr":60,"ip":0,"op":180,"w":500,"h":500,"nm":"03 Hospital","ddd":0,"assets":[],"layers":[{"ddd":0,"ind":1,"ty":3,"nm":"Main Stroke width - Color Ctrl","parent":4,"sr":1,"ks":{"o":{"a":0,"k":100,"ix":11},"r":{"a":0,"k":0,"ix":10},"p":{"a":0,"k":[0,0,0],"ix":2,"l":2},"a":{"a":0,"k":[250,250,0],"ix":1,"l":2},"s":{"a":0,"k":[100,100,100],"ix":6,"l":2}},"ao":0,"ef":[{"ty":5,"nm":"Stroke width","np":3,"mn":"ADBE Slider Control","ix":1,"en":1,"ef":[{"ty":0,"nm":"Slider","mn":"ADBE Slider Control-0001","ix":1,"v":{"a":0,"k":16,"ix":1}}]}],"ip":0,"op":180,"st":0,"bm":0},{"ddd":0,"ind":2,"ty":4,"nm":"03 Hospital","parent":1,"sr":1,"ks":{"o":{"a":0,"k":100,"ix":11},"r":{"a":0,"k":0,"ix":10},"p":{"a":0,"k":[250.008,250.005,0],"ix":2,"l":2},"a":{"a":0,"k":[250.008,250.005,0],"ix":1,"l":2},"s":{"a":0,"k":[100,100,100],"ix":6,"l":2}},"ao":0,"shapes":[{"ty":"gr","it":[{"ind":0,"ty":"sh","ix":1,"ks":{"a":1,"k":[{"i":{"x":0.67,"y":1},"o":{"x":0.167,"y":0.167},"t":0,"s":[{"i":[[0,0],[0,0]],"o":[[0,0],[0,0]],"v":[[0,0.079],[0,-0.079]],"c":false}]},{"i":{"x":0.5,"y":1},"o":{"x":0.33,"y":0},"t":13,"s":[{"i":[[0,0],[0,0]],"o":[[0,0],[0,0]],"v":[[0,5.804],[0,5.653]],"c":false}]},{"i":{"x":0.5,"y":1},"o":{"x":0.5,"y":0},"t":29,"s":[{"i":[[0,0],[0,0]],"o":[[0,0],[0,0]],"v":[[-45,0.03],[-45,-0.129]],"c":false}]},{"i":{"x":0.67,"y":1},"o":{"x":0.5,"y":0},"t":85,"s":[{"i":[[0,0],[0,0]],"o":[[0,0],[0,0]],"v":[[-45,0.03],[-45,-0.129]],"c":false}]},{"i":{"x":0.5,"y":1},"o":{"x":0.33,"y":0},"t":101,"s":[{"i":[[0,0],[0,0]],"o":[[0,0],[0,0]],"v":[[0,5.804],[0,5.653]],"c":false}]},{"t":121,"s":[{"i":[[0,0],[0,0]],"o":[[0,0],[0,0]],"v":[[0,0.079],[0,-0.079]],"c":false}]}],"ix":2},"nm":"Path 1","mn":"ADBE Vector Shape - Group","hd":false},{"ind":1,"ty":"sh","ix":2,"ks":{"a":1,"k":[{"i":{"x":0.67,"y":1},"o":{"x":0.167,"y":0.167},"t":0,"s":[{"i":[[0,0],[0,0]],"o":[[0,0],[0,0]],"v":[[0,-50.118],[0,-50.276]],"c":false}]},{"i":{"x":0.5,"y":1},"o":{"x":0.33,"y":0},"t":13,"s":[{"i":[[0,0],[0,0]],"o":[[0,0],[0,0]],"v":[[0,-41.913],[0,-42.064]],"c":false}]},{"i":{"x":0.5,"y":1},"o":{"x":0.5,"y":0},"t":29,"s":[{"i":[[0,0],[0,0]],"o":[[0,0],[0,0]],"v":[[-45,-50.167],[-45,-50.326]],"c":false}]},{"i":{"x":0.67,"y":1},"o":{"x":0.5,"y":0},"t":85,"s":[{"i":[[0,0],[0,0]],"o":[[0,0],[0,0]],"v":[[-45,-50.167],[-45,-50.326]],"c":false}]},{"i":{"x":0.5,"y":1},"o":{"x":0.33,"y":0},"t":101,"s":[{"i":[[0,0],[0,0]],"o":[[0,0],[0,0]],"v":[[0,-41.913],[0,-42.064]],"c":false}]},{"t":121,"s":[{"i":[[0,0],[0,0]],"o":[[0,0],[0,0]],"v":[[0,-50.118],[0,-50.276]],"c":false}]}],"ix":2},"nm":"Path 2","mn":"ADBE Vector Shape - Group","hd":false},{"ind":2,"ty":"sh","ix":3,"ks":{"a":1,"k":[{"i":{"x":0.67,"y":1},"o":{"x":0.167,"y":0.167},"t":0,"s":[{"i":[[0,0],[0,0]],"o":[[0,0],[0,0]],"v":[[0,-99.998],[0,-100.156]],"c":false}]},{"i":{"x":0.5,"y":1},"o":{"x":0.33,"y":0},"t":13,"s":[{"i":[[0,0],[0,0]],"o":[[0,0],[0,0]],"v":[[0,-89.329],[0,-89.48]],"c":false}]},{"i":{"x":0.5,"y":1},"o":{"x":0.5,"y":0},"t":29,"s":[{"i":[[0,0],[0,0]],"o":[[0,0],[0,0]],"v":[[-45,-100.047],[-45,-100.206]],"c":false}]},{"i":{"x":0.67,"y":1},"o":{"x":0.5,"y":0},"t":85,"s":[{"i":[[0,0],[0,0]],"o":[[0,0],[0,0]],"v":[[-45,-100.047],[-45,-100.206]],"c":false}]},{"i":{"x":0.5,"y":1},"o":{"x":0.33,"y":0},"t":101,"s":[{"i":[[0,0],[0,0]],"o":[[0,0],[0,0]],"v":[[0,-89.329],[0,-89.48]],"c":false}]},{"t":121,"s":[{"i":[[0,0],[0,0]],"o":[[0,0],[0,0]],"v":[[0,-99.998],[0,-100.156]],"c":false}]}],"ix":2},"nm":"Path 3","mn":"ADBE Vector Shape - Group","hd":false},{"ind":3,"ty":"sh","ix":4,"ks":{"a":1,"k":[{"i":{"x":0.67,"y":1},"o":{"x":0.167,"y":0.167},"t":0,"s":[{"i":[[0,0],[0,0]],"o":[[0,0],[0,0]],"v":[[-281.37,0.079],[-281.37,-0.079]],"c":false}]},{"i":{"x":0.5,"y":1},"o":{"x":0.33,"y":0},"t":13,"s":[{"i":[[0,0],[0,0]],"o":[[0,0],[0,0]],"v":[[-281.37,5.804],[-281.37,5.653]],"c":false}]},{"i":{"x":0.5,"y":1},"o":{"x":0.5,"y":0},"t":29,"s":[{"i":[[0,0],[0,0]],"o":[[0,0],[0,0]],"v":[[-234.37,-0.052],[-234.37,-0.21]],"c":false}]},{"i":{"x":0.67,"y":1},"o":{"x":0.5,"y":0},"t":85,"s":[{"i":[[0,0],[0,0]],"o":[[0,0],[0,0]],"v":[[-234.37,-0.052],[-234.37,-0.21]],"c":false}]},{"i":{"x":0.5,"y":1},"o":{"x":0.33,"y":0},"t":101,"s":[{"i":[[0,0],[0,0]],"o":[[0,0],[0,0]],"v":[[-281.37,5.804],[-281.37,5.653]],"c":false}]},{"t":121,"s":[{"i":[[0,0],[0,0]],"o":[[0,0],[0,0]],"v":[[-281.37,0.079],[-281.37,-0.079]],"c":false}]}],"ix":2},"nm":"Path 4","mn":"ADBE Vector Shape - Group","hd":false},{"ind":4,"ty":"sh","ix":5,"ks":{"a":1,"k":[{"i":{"x":0.67,"y":1},"o":{"x":0.167,"y":0.167},"t":0,"s":[{"i":[[0,0],[0,0]],"o":[[0,0],[0,0]],"v":[[-281.37,-50.118],[-281.37,-50.276]],"c":false}]},{"i":{"x":0.5,"y":1},"o":{"x":0.33,"y":0},"t":13,"s":[{"i":[[0,0],[0,0]],"o":[[0,0],[0,0]],"v":[[-281.37,-41.913],[-281.37,-42.064]],"c":false}]},{"i":{"x":0.5,"y":1},"o":{"x":0.5,"y":0},"t":29,"s":[{"i":[[0,0],[0,0]],"o":[[0,0],[0,0]],"v":[[-234.37,-50.249],[-234.37,-50.407]],"c":false}]},{"i":{"x":0.67,"y":1},"o":{"x":0.5,"y":0},"t":85,"s":[{"i":[[0,0],[0,0]],"o":[[0,0],[0,0]],"v":[[-234.37,-50.249],[-234.37,-50.407]],"c":false}]},{"i":{"x":0.5,"y":1},"o":{"x":0.33,"y":0},"t":101,"s":[{"i":[[0,0],[0,0]],"o":[[0,0],[0,0]],"v":[[-281.37,-41.913],[-281.37,-42.064]],"c":false}]},{"t":121,"s":[{"i":[[0,0],[0,0]],"o":[[0,0],[0,0]],"v":[[-281.37,-50.118],[-281.37,-50.276]],"c":false}]}],"ix":2},"nm":"Path 5","mn":"ADBE Vector Shape - Group","hd":false},{"ind":5,"ty":"sh","ix":6,"ks":{"a":1,"k":[{"i":{"x":0.67,"y":1},"o":{"x":0.167,"y":0.167},"t":0,"s":[{"i":[[0,0],[0,0]],"o":[[0,0],[0,0]],"v":[[-281.37,-99.998],[-281.37,-100.156]],"c":false}]},{"i":{"x":0.5,"y":1},"o":{"x":0.33,"y":0},"t":13,"s":[{"i":[[0,0],[0,0]],"o":[[0,0],[0,0]],"v":[[-281.37,-89.329],[-281.37,-89.48]],"c":false}]},{"i":{"x":0.5,"y":1},"o":{"x":0.5,"y":0},"t":29,"s":[{"i":[[0,0],[0,0]],"o":[[0,0],[0,0]],"v":[[-234.37,-100.129],[-234.37,-100.287]],"c":false}]},{"i":{"x":0.67,"y":1},"o":{"x":0.5,"y":0},"t":85,"s":[{"i":[[0,0],[0,0]],"o":[[0,0],[0,0]],"v":[[-234.37,-100.129],[-234.37,-100.287]],"c":false}]},{"i":{"x":0.5,"y":1},"o":{"x":0.33,"y":0},"t":101,"s":[{"i":[[0,0],[0,0]],"o":[[0,0],[0,0]],"v":[[-281.37,-89.329],[-281.37,-89.48]],"c":false}]},{"t":121,"s":[{"i":[[0,0],[0,0]],"o":[[0,0],[0,0]],"v":[[-281.37,-99.998],[-281.37,-100.156]],"c":false}]}],"ix":2},"nm":"Path 6","mn":"ADBE Vector Shape - Group","hd":false},{"ind":6,"ty":"sh","ix":7,"ks":{"a":1,"k":[{"i":{"x":0.67,"y":1},"o":{"x":0.167,"y":0.167},"t":0,"s":[{"i":[[0,0],[0,0]],"o":[[0,0],[0,0]],"v":[[-165.908,-107.178],[-165.908,-94.172]],"c":false}]},{"i":{"x":0.5,"y":1},"o":{"x":0.33,"y":0},"t":13,"s":[{"i":[[0,0],[0,0]],"o":[[0,0],[0,0]],"v":[[-165.908,-96.154],[-165.908,-83.791]],"c":false}]},{"i":{"x":0.5,"y":1},"o":{"x":0.5,"y":0},"t":29,"s":[{"i":[[0,0],[0,0]],"o":[[0,0],[0,0]],"v":[[-165.908,-107.178],[-165.908,-94.172]],"c":false}]},{"i":{"x":0.67,"y":1},"o":{"x":0.5,"y":0},"t":85,"s":[{"i":[[0,0],[0,0]],"o":[[0,0],[0,0]],"v":[[-165.908,-107.178],[-165.908,-94.172]],"c":false}]},{"i":{"x":0.5,"y":1},"o":{"x":0.33,"y":0},"t":101,"s":[{"i":[[0,0],[0,0]],"o":[[0,0],[0,0]],"v":[[-165.908,-96.154],[-165.908,-83.791]],"c":false}]},{"t":121,"s":[{"i":[[0,0],[0,0]],"o":[[0,0],[0,0]],"v":[[-165.908,-107.178],[-165.908,-94.172]],"c":false}]}],"ix":2},"nm":"Path 7","mn":"ADBE Vector Shape - Group","hd":false},{"ind":7,"ty":"sh","ix":8,"ks":{"a":1,"k":[{"i":{"x":0.67,"y":1},"o":{"x":0.167,"y":0.167},"t":0,"s":[{"i":[[0,0],[0,0]],"o":[[0,0],[0,0]],"v":[[-165.908,-52.093],[-165.908,-39.087]],"c":false}]},{"i":{"x":0.5,"y":1},"o":{"x":0.33,"y":0},"t":13,"s":[{"i":[[0,0],[0,0]],"o":[[0,0],[0,0]],"v":[[-165.908,-43.791],[-165.908,-31.427]],"c":false}]},{"i":{"x":0.5,"y":1},"o":{"x":0.5,"y":0},"t":29,"s":[{"i":[[0,0],[0,0]],"o":[[0,0],[0,0]],"v":[[-165.908,-52.093],[-165.908,-39.087]],"c":false}]},{"i":{"x":0.67,"y":1},"o":{"x":0.5,"y":0},"t":85,"s":[{"i":[[0,0],[0,0]],"o":[[0,0],[0,0]],"v":[[-165.908,-52.093],[-165.908,-39.087]],"c":false}]},{"i":{"x":0.5,"y":1},"o":{"x":0.33,"y":0},"t":101,"s":[{"i":[[0,0],[0,0]],"o":[[0,0],[0,0]],"v":[[-165.908,-43.791],[-165.908,-31.427]],"c":false}]},{"t":121,"s":[{"i":[[0,0],[0,0]],"o":[[0,0],[0,0]],"v":[[-165.908,-52.093],[-165.908,-39.087]],"c":false}]}],"ix":2},"nm":"Path 8","mn":"ADBE Vector Shape - Group","hd":false},{"ind":8,"ty":"sh","ix":9,"ks":{"a":1,"k":[{"i":{"x":0.67,"y":1},"o":{"x":0.167,"y":0.167},"t":0,"s":[{"i":[[0,0],[0,0]],"o":[[0,0],[0,0]],"v":[[-113.17,-107.178],[-113.17,-94.172]],"c":false}]},{"i":{"x":0.5,"y":1},"o":{"x":0.33,"y":0},"t":13,"s":[{"i":[[0,0],[0,0]],"o":[[0,0],[0,0]],"v":[[-113.17,-96.154],[-113.17,-83.791]],"c":false}]},{"i":{"x":0.5,"y":1},"o":{"x":0.5,"y":0},"t":29,"s":[{"i":[[0,0],[0,0]],"o":[[0,0],[0,0]],"v":[[-113.17,-107.178],[-113.17,-94.172]],"c":false}]},{"i":{"x":0.67,"y":1},"o":{"x":0.5,"y":0},"t":85,"s":[{"i":[[0,0],[0,0]],"o":[[0,0],[0,0]],"v":[[-113.17,-107.178],[-113.17,-94.172]],"c":false}]},{"i":{"x":0.5,"y":1},"o":{"x":0.33,"y":0},"t":101,"s":[{"i":[[0,0],[0,0]],"o":[[0,0],[0,0]],"v":[[-113.17,-96.154],[-113.17,-83.791]],"c":false}]},{"t":121,"s":[{"i":[[0,0],[0,0]],"o":[[0,0],[0,0]],"v":[[-113.17,-107.178],[-113.17,-94.172]],"c":false}]}],"ix":2},"nm":"Path 9","mn":"ADBE Vector Shape - Group","hd":false},{"ind":9,"ty":"sh","ix":10,"ks":{"a":1,"k":[{"i":{"x":0.67,"y":1},"o":{"x":0.167,"y":0.167},"t":0,"s":[{"i":[[0,0],[0,0]],"o":[[0,0],[0,0]],"v":[[-113.17,-52.093],[-113.17,-39.087]],"c":false}]},{"i":{"x":0.5,"y":1},"o":{"x":0.33,"y":0},"t":13,"s":[{"i":[[0,0],[0,0]],"o":[[0,0],[0,0]],"v":[[-113.17,-43.791],[-113.17,-31.427]],"c":false}]},{"i":{"x":0.5,"y":1},"o":{"x":0.5,"y":0},"t":29,"s":[{"i":[[0,0],[0,0]],"o":[[0,0],[0,0]],"v":[[-113.17,-52.093],[-113.17,-39.087]],"c":false}]},{"i":{"x":0.67,"y":1},"o":{"x":0.5,"y":0},"t":85,"s":[{"i":[[0,0],[0,0]],"o":[[0,0],[0,0]],"v":[[-113.17,-52.093],[-113.17,-39.087]],"c":false}]},{"i":{"x":0.5,"y":1},"o":{"x":0.33,"y":0},"t":101,"s":[{"i":[[0,0],[0,0]],"o":[[0,0],[0,0]],"v":[[-113.17,-43.791],[-113.17,-31.427]],"c":false}]},{"t":121,"s":[{"i":[[0,0],[0,0]],"o":[[0,0],[0,0]],"v":[[-113.17,-52.093],[-113.17,-39.087]],"c":false}]}],"ix":2},"nm":"Path 10","mn":"ADBE Vector Shape - Group","hd":false},{"ind":10,"ty":"sh","ix":11,"ks":{"a":1,"k":[{"i":{"x":0.67,"y":1},"o":{"x":0.167,"y":0.167},"t":0,"s":[{"i":[[0,0],[0,0],[0,0],[0,0],[0,0],[0,0]],"o":[[0,0],[0,0],[0,0],[0,0],[0,0],[0,0]],"v":[[-234.508,-148.131],[-326.03,-148.131],[-326.03,115.95],[46.907,115.95],[46.979,-148.131],[-45.226,-148.131]],"c":false}]},{"i":{"x":0.5,"y":1},"o":{"x":0.33,"y":0},"t":13,"s":[{"i":[[0,0],[0,0],[0,0],[0,0],[0,0],[0,0]],"o":[[0,0],[0,0],[0,0],[0,0],[0,0],[0,0]],"v":[[-234.508,-135.085],[-326.03,-135.085],[-326.03,115.95],[46.907,115.95],[46.979,-135.085],[-45.226,-135.085]],"c":false}]},{"i":{"x":0.5,"y":1},"o":{"x":0.5,"y":0},"t":29,"s":[{"i":[[0,0],[0,0],[0,0],[0,0],[0,0],[0,0]],"o":[[0,0],[0,0],[0,0],[0,0],[0,0],[0,0]],"v":[[-234.508,-148.131],[-234.54,-148.262],[-234.54,115.819],[-44.541,115.901],[-44.54,-148.181],[-45.226,-148.131]],"c":false}]},{"i":{"x":0.67,"y":1},"o":{"x":0.5,"y":0},"t":85,"s":[{"i":[[0,0],[0,0],[0,0],[0,0],[0,0],[0,0]],"o":[[0,0],[0,0],[0,0],[0,0],[0,0],[0,0]],"v":[[-234.508,-148.131],[-234.54,-148.262],[-234.54,115.819],[-44.541,115.901],[-44.54,-148.181],[-45.226,-148.131]],"c":false}]},{"i":{"x":0.5,"y":1},"o":{"x":0.33,"y":0},"t":101,"s":[{"i":[[0,0],[0,0],[0,0],[0,0],[0,0],[0,0]],"o":[[0,0],[0,0],[0,0],[0,0],[0,0],[0,0]],"v":[[-234.508,-135.085],[-326.03,-135.085],[-326.03,115.95],[46.907,115.95],[46.979,-135.085],[-45.226,-135.085]],"c":false}]},{"t":121,"s":[{"i":[[0,0],[0,0],[0,0],[0,0],[0,0],[0,0]],"o":[[0,0],[0,0],[0,0],[0,0],[0,0],[0,0]],"v":[[-234.508,-148.131],[-326.03,-148.131],[-326.03,115.95],[46.907,115.95],[46.979,-148.131],[-45.226,-148.131]],"c":false}]}],"ix":2},"nm":"Path 11","mn":"ADBE Vector Shape - Group","hd":false},{"ind":11,"ty":"sh","ix":12,"ks":{"a":1,"k":[{"i":{"x":0.67,"y":1},"o":{"x":0.167,"y":0.167},"t":0,"s":[{"i":[[0,0],[0,0],[0,0],[0,0]],"o":[[0,0],[0,0],[0,0],[0,0]],"v":[[-234.498,115.95],[-234.498,-256.899],[-44.988,-256.899],[-44.988,115.95]],"c":false}]},{"i":{"x":0.5,"y":1},"o":{"x":0.33,"y":0},"t":13,"s":[{"i":[[0,0],[0,0],[0,0],[0,0]],"o":[[0,0],[0,0],[0,0],[0,0]],"v":[[-234.498,115.95],[-234.498,-238.479],[-44.988,-238.479],[-44.988,115.95]],"c":false}]},{"i":{"x":0.5,"y":1},"o":{"x":0.5,"y":0},"t":29,"s":[{"i":[[0,0],[0,0],[0,0],[0,0]],"o":[[0,0],[0,0],[0,0],[0,0]],"v":[[-234.498,115.95],[-234.498,-256.899],[-44.988,-256.899],[-44.988,115.95]],"c":false}]},{"i":{"x":0.67,"y":1},"o":{"x":0.5,"y":0},"t":85,"s":[{"i":[[0,0],[0,0],[0,0],[0,0]],"o":[[0,0],[0,0],[0,0],[0,0]],"v":[[-234.498,115.95],[-234.498,-256.899],[-44.988,-256.899],[-44.988,115.95]],"c":false}]},{"i":{"x":0.5,"y":1},"o":{"x":0.33,"y":0},"t":101,"s":[{"i":[[0,0],[0,0],[0,0],[0,0]],"o":[[0,0],[0,0],[0,0],[0,0]],"v":[[-234.498,115.95],[-234.498,-238.479],[-44.988,-238.479],[-44.988,115.95]],"c":false}]},{"t":121,"s":[{"i":[[0,0],[0,0],[0,0],[0,0]],"o":[[0,0],[0,0],[0,0],[0,0]],"v":[[-234.498,115.95],[-234.498,-256.899],[-44.988,-256.899],[-44.988,115.95]],"c":false}]}],"ix":2},"nm":"Path 12","mn":"ADBE Vector Shape - Group","hd":false},{"ty":"st","c":{"a":0,"k":[0,0,0,1],"ix":3,"x":"var $bm_rt;\n$bm_rt = thisComp.layer('Main Stroke width - Color Ctrl').effect('Base Color')('Color');"},"o":{"a":0,"k":100,"ix":4},"w":{"a":0,"k":22,"ix":5,"x":"var $bm_rt;\n$bm_rt = thisComp.layer('Main Stroke width - Color Ctrl').effect('Stroke width')('Slider');"},"lc":2,"lj":2,"bm":0,"nm":"Stroke 1","mn":"ADBE Vector Graphic - Stroke","hd":false},{"ty":"tr","p":{"a":0,"k":[389.54,320.479],"ix":2},"a":{"a":0,"k":[0,0],"ix":1},"s":{"a":0,"k":[100,100],"ix":3},"r":{"a":0,"k":0,"ix":6},"o":{"a":0,"k":100,"ix":7},"sk":{"a":0,"k":0,"ix":4},"sa":{"a":0,"k":0,"ix":5},"nm":"Transform"}],"nm":"Group 1","np":13,"cix":2,"bm":0,"ix":1,"mn":"ADBE Vector Group","hd":false},{"ty":"gr","it":[{"ind":0,"ty":"sh","ix":1,"ks":{"a":1,"k":[{"i":{"x":0.67,"y":1},"o":{"x":0.167,"y":0.167},"t":0,"s":[{"i":[[0,0],[0,0]],"o":[[0,0],[0,0]],"v":[[-45.772,0],[45.772,0]],"c":false}]},{"i":{"x":0.5,"y":1},"o":{"x":0.33,"y":0},"t":13,"s":[{"i":[[0,0],[0,0]],"o":[[0,0],[0,0]],"v":[[-45.772,3.277],[45.772,3.277]],"c":false}]},{"i":{"x":0.5,"y":1},"o":{"x":0.5,"y":0},"t":29,"s":[{"i":[[0,0],[0,0]],"o":[[0,0],[0,0]],"v":[[-45.772,0],[-45.541,-0.05]],"c":false}]},{"i":{"x":0.67,"y":1},"o":{"x":0.5,"y":0},"t":85,"s":[{"i":[[0,0],[0,0]],"o":[[0,0],[0,0]],"v":[[-45.772,0],[-45.541,-0.05]],"c":false}]},{"i":{"x":0.5,"y":1},"o":{"x":0.33,"y":0},"t":101,"s":[{"i":[[0,0],[0,0]],"o":[[0,0],[0,0]],"v":[[-45.772,3.277],[45.772,3.277]],"c":false}]},{"t":121,"s":[{"i":[[0,0],[0,0]],"o":[[0,0],[0,0]],"v":[[-45.772,0],[45.772,0]],"c":false}]}],"ix":2},"nm":"Path 1","mn":"ADBE Vector Shape - Group","hd":false},{"ind":1,"ty":"sh","ix":2,"ks":{"a":1,"k":[{"i":{"x":0.67,"y":1},"o":{"x":0.167,"y":0.167},"t":0,"s":[{"i":[[0,0],[0,0]],"o":[[0,0],[0,0]],"v":[[-327.041,0],[-235.497,0]],"c":false}]},{"i":{"x":0.5,"y":1},"o":{"x":0.33,"y":0},"t":13,"s":[{"i":[[0,0],[0,0]],"o":[[0,0],[0,0]],"v":[[-327.041,3.277],[-235.497,3.277]],"c":false}]},{"i":{"x":0.5,"y":1},"o":{"x":0.5,"y":0},"t":29,"s":[{"i":[[0,0],[0,0]],"o":[[0,0],[0,0]],"v":[[-235.539,-0.131],[-235.497,0]],"c":false}]},{"i":{"x":0.67,"y":1},"o":{"x":0.5,"y":0},"t":85,"s":[{"i":[[0,0],[0,0]],"o":[[0,0],[0,0]],"v":[[-235.539,-0.131],[-235.497,0]],"c":false}]},{"i":{"x":0.5,"y":1},"o":{"x":0.33,"y":0},"t":101,"s":[{"i":[[0,0],[0,0]],"o":[[0,0],[0,0]],"v":[[-327.041,3.277],[-235.497,3.277]],"c":false}]},{"t":121,"s":[{"i":[[0,0],[0,0]],"o":[[0,0],[0,0]],"v":[[-327.041,0],[-235.497,0]],"c":false}]}],"ix":2},"nm":"Path 2","mn":"ADBE Vector Shape - Group","hd":false},{"ind":2,"ty":"sh","ix":3,"ks":{"a":1,"k":[{"i":{"x":0.67,"y":1},"o":{"x":0.167,"y":0.167},"t":0,"s":[{"i":[[0,0],[0,0]],"o":[[0,0],[0,0]],"v":[[-114.14,-231.345],[-171.576,-231.345]],"c":false}]},{"i":{"x":0.5,"y":1},"o":{"x":0.33,"y":0},"t":13,"s":[{"i":[[0,0],[0,0]],"o":[[0,0],[0,0]],"v":[[-122.828,-196.059],[-162.887,-237.219]],"c":false}]},{"i":{"x":0.5,"y":1},"o":{"x":0.5,"y":0},"t":29,"s":[{"i":[[0,0],[0,0]],"o":[[0,0],[0,0]],"v":[[-142.858,-202.627],[-142.858,-260.063]],"c":false}]},{"i":{"x":0.67,"y":1},"o":{"x":0.5,"y":0},"t":85,"s":[{"i":[[0,0],[0,0]],"o":[[0,0],[0,0]],"v":[[-142.858,-202.627],[-142.858,-260.063]],"c":false}]},{"i":{"x":0.5,"y":1},"o":{"x":0.33,"y":0},"t":101,"s":[{"i":[[0,0],[0,0]],"o":[[0,0],[0,0]],"v":[[-122.828,-196.059],[-162.887,-237.219]],"c":false}]},{"t":121,"s":[{"i":[[0,0],[0,0]],"o":[[0,0],[0,0]],"v":[[-114.14,-231.345],[-171.576,-231.345]],"c":false}]}],"ix":2},"nm":"Path 3","mn":"ADBE Vector Shape - Group","hd":false},{"ind":3,"ty":"sh","ix":4,"ks":{"a":1,"k":[{"i":{"x":0.67,"y":1},"o":{"x":0.167,"y":0.167},"t":0,"s":[{"i":[[0,0],[0,0]],"o":[[0,0],[0,0]],"v":[[-142.858,-260.063],[-142.858,-202.627]],"c":false}]},{"i":{"x":0.5,"y":1},"o":{"x":0.33,"y":0},"t":13,"s":[{"i":[[0,0],[0,0]],"o":[[0,0],[0,0]],"v":[[-123.295,-235.679],[-162.421,-197.599]],"c":false}]},{"i":{"x":0.5,"y":1},"o":{"x":0.5,"y":0},"t":29,"s":[{"i":[[0,0],[0,0]],"o":[[0,0],[0,0]],"v":[[-114.14,-231.345],[-171.576,-231.345]],"c":false}]},{"i":{"x":0.67,"y":1},"o":{"x":0.5,"y":0},"t":85,"s":[{"i":[[0,0],[0,0]],"o":[[0,0],[0,0]],"v":[[-114.14,-231.345],[-171.576,-231.345]],"c":false}]},{"i":{"x":0.5,"y":1},"o":{"x":0.33,"y":0},"t":101,"s":[{"i":[[0,0],[0,0]],"o":[[0,0],[0,0]],"v":[[-123.295,-235.679],[-162.421,-197.599]],"c":false}]},{"t":121,"s":[{"i":[[0,0],[0,0]],"o":[[0,0],[0,0]],"v":[[-142.858,-260.063],[-142.858,-202.627]],"c":false}]}],"ix":2},"nm":"Path 4","mn":"ADBE Vector Shape - Group","hd":false},{"ind":4,"ty":"sh","ix":5,"ks":{"a":1,"k":[{"i":{"x":0.67,"y":1},"o":{"x":0.167,"y":0.167},"t":0,"s":[{"i":[[0,0],[0,0],[0,0],[0,0]],"o":[[0,0],[0,0],[0,0],[0,0]],"v":[[-177.05,66.339],[-177.05,-43.448],[-104.024,-43.448],[-104.024,66.339]],"c":false}]},{"i":{"x":0.5,"y":1},"o":{"x":0.33,"y":0},"t":13,"s":[{"i":[[0,0],[0,0],[0,0],[0,0]],"o":[[0,0],[0,0],[0,0],[0,0]],"v":[[-177.05,66.339],[-177.05,-38.024],[-104.024,-38.024],[-104.024,66.339]],"c":false}]},{"i":{"x":0.5,"y":1},"o":{"x":0.5,"y":0},"t":29,"s":[{"i":[[0,0],[0,0],[0,0],[0,0]],"o":[[0,0],[0,0],[0,0],[0,0]],"v":[[-177.05,66.339],[-177.05,-43.448],[-104.024,-43.448],[-104.024,66.339]],"c":false}]},{"i":{"x":0.67,"y":1},"o":{"x":0.5,"y":0},"t":85,"s":[{"i":[[0,0],[0,0],[0,0],[0,0]],"o":[[0,0],[0,0],[0,0],[0,0]],"v":[[-177.05,66.339],[-177.05,-43.448],[-104.024,-43.448],[-104.024,66.339]],"c":false}]},{"i":{"x":0.5,"y":1},"o":{"x":0.33,"y":0},"t":101,"s":[{"i":[[0,0],[0,0],[0,0],[0,0]],"o":[[0,0],[0,0],[0,0],[0,0]],"v":[[-177.05,66.339],[-177.05,-38.024],[-104.024,-38.024],[-104.024,66.339]],"c":false}]},{"t":121,"s":[{"i":[[0,0],[0,0],[0,0],[0,0]],"o":[[0,0],[0,0],[0,0],[0,0]],"v":[[-177.05,66.339],[-177.05,-43.448],[-104.024,-43.448],[-104.024,66.339]],"c":false}]}],"ix":2},"nm":"Path 5","mn":"ADBE Vector Shape - Group","hd":false},{"ty":"st","c":{"a":0,"k":[0.20000000298,0.800000011921,0.800000011921,1],"ix":3,"x":"var $bm_rt;\n$bm_rt = thisComp.layer('Main Stroke width - Color Ctrl').effect('Highlight')('Color');"},"o":{"a":0,"k":100,"ix":4},"w":{"a":0,"k":22,"ix":5,"x":"var $bm_rt;\n$bm_rt = thisComp.layer('Main Stroke width - Color Ctrl').effect('Stroke width')('Slider');"},"lc":2,"lj":2,"bm":0,"nm":"Stroke 1","mn":"ADBE Vector Graphic - Stroke","hd":false},{"ty":"tr","p":{"a":0,"k":[390.539,370.091],"ix":2},"a":{"a":0,"k":[0,0],"ix":1},"s":{"a":0,"k":[100,100],"ix":3},"r":{"a":0,"k":0,"ix":6},"o":{"a":0,"k":100,"ix":7},"sk":{"a":0,"k":0,"ix":4},"sa":{"a":0,"k":0,"ix":5},"nm":"Transform"}],"nm":"Group 13","np":6,"cix":2,"bm":0,"ix":2,"mn":"ADBE Vector Group","hd":false}],"ip":0,"op":180,"st":0,"bm":0},{"ddd":0,"ind":4,"ty":3,"nm":"Zero | troke width - Color Ctrl","sr":1,"ks":{"o":{"a":0,"k":0,"ix":11},"r":{"a":0,"k":0,"ix":10},"p":{"a":0,"k":[250,250,0],"ix":2,"l":2},"a":{"a":0,"k":[0,0,0],"ix":1,"l":2},"s":{"a":0,"k":[100,100,100],"ix":6,"l":2}},"ao":0,"ip":0,"op":180,"st":0,"bm":0}],"markers":[{"tm":0,"cm":"Zero","dr":0}]}