{"v":"5.7.4","fr":24,"ip":0,"op":72,"w":500,"h":500,"nm":"17-Umbrella","ddd":0,"assets":[],"layers":[{"ddd":0,"ind":1,"ty":3,"nm":"Main Stroke width - Color Ctrl","sr":1,"ks":{"o":{"a":0,"k":100,"ix":11},"r":{"a":0,"k":0,"ix":10},"p":{"a":0,"k":[250,250,0],"ix":2,"l":2},"a":{"a":0,"k":[250,250,0],"ix":1,"l":2},"s":{"a":0,"k":[100,100,100],"ix":6,"l":2}},"ao":0,"ef":[{"ty":5,"nm":"Stroke width","np":3,"mn":"ADBE Slider Control","ix":1,"en":1,"ef":[{"ty":0,"nm":"Slider","mn":"ADBE Slider Control-0001","ix":1,"v":{"a":0,"k":16,"ix":1}}]},{"ty":5,"nm":"Base Color","np":3,"mn":"ADBE Color Control","ix":2,"en":1,"ef":[{"ty":2,"nm":"Color","mn":"ADBE Color Control-0001","ix":1,"v":{"a":0,"k":[0,0,0,1],"ix":1,"x":"var $bm_rt;\n$bm_rt = effect('Base Color')('Color');"}}]},{"ty":5,"nm":"Highlight","np":3,"mn":"ADBE Color Control","ix":3,"en":1,"ef":[{"ty":2,"nm":"Color","mn":"ADBE Color Control-0001","ix":1,"v":{"a":0,"k":[0.20000000298,0.800000011921,0.800000011921,1],"ix":1,"x":"var $bm_rt;\n$bm_rt = effect('Highlight')('Color');"}}]}],"ip":0,"op":72,"st":0,"bm":0},{"ddd":0,"ind":2,"ty":4,"nm":"Cane","sr":1,"ks":{"o":{"a":0,"k":100,"ix":11},"r":{"a":0,"k":0,"ix":10},"p":{"a":0,"k":[272.879,341.049,0],"ix":2,"l":2},"a":{"a":0,"k":[0,0,0],"ix":1,"l":2},"s":{"a":0,"k":[100,100,100],"ix":6,"l":2}},"ao":0,"shapes":[{"ty":"gr","it":[{"ind":0,"ty":"sh","ix":1,"ks":{"a":1,"k":[{"i":{"x":0.25,"y":1},"o":{"x":0.167,"y":0.167},"t":0,"s":[{"i":[[0,0],[0,0],[-12.578,0],[0,0],[0,12.578],[0,0]],"o":[[0,0],[0,12.578],[0,0],[12.578,0],[0,0],[0,0]],"v":[[-22.885,-92.406],[-22.885,69.569],[-0.048,92.406],[0.048,92.406],[22.885,69.569],[22.885,57.395]],"c":false}]},{"i":{"x":0.25,"y":1},"o":{"x":0.167,"y":0.167},"t":4,"s":[{"i":[[0,0],[0,0],[-12.578,0],[0,0],[0,12.578],[0,0]],"o":[[0,0],[0,12.578],[0,0],[12.578,0],[0,0],[0,0]],"v":[[-22.892,-100.656],[-22.885,69.569],[-0.048,92.406],[0.048,92.406],[22.885,69.569],[22.885,57.395]],"c":false}]},{"i":{"x":0.25,"y":1},"o":{"x":0.167,"y":0.167},"t":8,"s":[{"i":[[0,0],[0,0],[-12.578,0],[0,0],[0,12.578],[0,0]],"o":[[0,0],[0,12.578],[0,0],[12.578,0],[0,0],[0,0]],"v":[[-22.892,16.594],[-22.885,69.569],[-0.048,92.406],[0.048,92.406],[22.885,69.569],[22.885,57.395]],"c":false}]},{"i":{"x":0.833,"y":0.833},"o":{"x":0.167,"y":0.167},"t":12,"s":[{"i":[[0,0],[0,0],[-12.578,0],[0,0],[0,12.578],[0,0]],"o":[[0,0],[0,12.578],[0,0],[12.578,0],[0,0],[0,0]],"v":[[-22.892,2.094],[-22.885,69.569],[-0.048,92.406],[0.048,92.406],[22.885,69.569],[22.885,57.395]],"c":false}]},{"i":{"x":0.25,"y":1},"o":{"x":0.167,"y":0.167},"t":37,"s":[{"i":[[0,0],[0,0],[-12.578,0],[0,0],[0,12.578],[0,0]],"o":[[0,0],[0,12.578],[0,0],[12.578,0],[0,0],[0,0]],"v":[[-22.892,2.094],[-22.885,69.569],[-0.048,92.406],[0.048,92.406],[22.885,69.569],[22.885,57.395]],"c":false}]},{"i":{"x":0.25,"y":1},"o":{"x":0.167,"y":0.167},"t":41,"s":[{"i":[[0,0],[0,0],[-12.578,0],[0,0],[0,12.578],[0,0]],"o":[[0,0],[0,12.578],[0,0],[12.578,0],[0,0],[0,0]],"v":[[-22.892,16.594],[-22.885,69.569],[-0.048,92.406],[0.048,92.406],[22.885,69.569],[22.885,57.395]],"c":false}]},{"i":{"x":0.25,"y":1},"o":{"x":0.167,"y":0.167},"t":48,"s":[{"i":[[0,0],[0,0],[-12.578,0],[0,0],[0,12.578],[0,0]],"o":[[0,0],[0,12.578],[0,0],[12.578,0],[0,0],[0,0]],"v":[[-22.892,-100.656],[-22.885,69.569],[-0.048,92.406],[0.048,92.406],[22.885,69.569],[22.885,57.395]],"c":false}]},{"t":56,"s":[{"i":[[0,0],[0,0],[-12.578,0],[0,0],[0,12.578],[0,0]],"o":[[0,0],[0,12.578],[0,0],[12.578,0],[0,0],[0,0]],"v":[[-22.885,-92.406],[-22.885,69.569],[-0.048,92.406],[0.048,92.406],[22.885,69.569],[22.885,57.395]],"c":false}]}],"ix":2},"nm":"Path 1","mn":"ADBE Vector Shape - Group","hd":false},{"ty":"st","c":{"a":0,"k":[0,0,0,1],"ix":3,"x":"var $bm_rt;\n$bm_rt = thisComp.layer('Main Stroke width - Color Ctrl').effect('Base Color')('Color');"},"o":{"a":0,"k":100,"ix":4},"w":{"a":0,"k":22,"ix":5,"x":"var $bm_rt;\n$bm_rt = thisComp.layer('Main Stroke width - Color Ctrl').effect('Stroke width')('Slider');"},"lc":2,"lj":2,"bm":0,"nm":"Stroke 1","mn":"ADBE Vector Graphic - Stroke","hd":false},{"ty":"tr","p":{"a":0,"k":[0,0],"ix":2},"a":{"a":0,"k":[0,0],"ix":1},"s":{"a":0,"k":[100,100],"ix":3},"r":{"a":0,"k":0,"ix":6},"o":{"a":0,"k":100,"ix":7},"sk":{"a":0,"k":0,"ix":4},"sa":{"a":0,"k":0,"ix":5},"nm":"Transform"}],"nm":"Group 1","np":2,"cix":2,"bm":0,"ix":1,"mn":"ADBE Vector Group","hd":false}],"ip":0,"op":72,"st":0,"bm":0},{"ddd":0,"ind":3,"ty":4,"nm":"Shpae","sr":1,"ks":{"o":{"a":0,"k":100,"ix":11},"r":{"a":0,"k":0,"ix":10},"p":{"a":0,"k":[250,179.961,0],"ix":2,"l":2},"a":{"a":0,"k":[0,0,0],"ix":1,"l":2},"s":{"a":0,"k":[100,100,100],"ix":6,"l":2}},"ao":0,"shapes":[{"ty":"gr","it":[{"ind":0,"ty":"sh","ix":1,"ks":{"a":1,"k":[{"i":{"x":0.25,"y":1},"o":{"x":0.167,"y":0.167},"t":0,"s":[{"i":[[-87.519,0],[-0.2,-87.859],[9.114,0],[19.929,-10.966],[23.875,0],[20.739,-12.149],[25.221,0],[6.538,-0.965]],"o":[[87.906,0],[-8.655,-1.723],[-23.875,0],[-19.93,-10.964],[-25.223,0],[-20.736,-12.149],[-6.782,0],[0.82,-87.326]],"v":[[-0.007,-87.72],[159.38,71.303],[132.693,68.671],[66.346,85.82],[0,68.671],[-69.698,87.72],[-139.387,68.671],[-159.38,70.146]],"c":true}]},{"i":{"x":0.25,"y":1},"o":{"x":0.167,"y":0.167},"t":4,"s":[{"i":[[-60.993,0],[-0.209,-87.859],[9.55,0],[20.882,-10.966],[25.016,0],[21.731,-12.149],[26.427,0],[6.851,-0.965]],"o":[[60.993,0],[-9.069,-1.723],[-25.017,0],[-20.883,-10.964],[-26.429,0],[-21.728,-12.149],[-7.107,0],[0.859,-87.326]],"v":[[-0.007,-87.72],[167,62.803],[139.037,60.171],[69.518,77.32],[0,60.171],[-73.03,79.22],[-146.052,60.171],[-167,61.646]],"c":true}]},{"i":{"x":0.25,"y":1},"o":{"x":0.167,"y":0.167},"t":8,"s":[{"i":[[-16.993,122.26],[-9.6,-86.038],[1.651,0],[3.611,-13.333],[4.326,0],[3.758,-14.772],[4.57,0],[1.185,-1.173]],"o":[[16.007,121.26],[-1.568,-2.095],[-4.326,0],[-3.611,-13.331],[-4.57,0],[-3.757,-14.771],[-1.229,0],[7.439,-78.553]],"v":[[-0.007,-87.72],[28.759,181.078],[23.924,177.878],[11.902,198.729],[-0.12,177.878],[-12.75,201.039],[-25.377,177.878],[-29,179.672]],"c":true}]},{"i":{"x":0.833,"y":0.833},"o":{"x":0.167,"y":0.167},"t":12,"s":[{"i":[[-16.993,122.26],[-12.259,-70.763],[2.109,0],[4.611,-10.966],[5.524,0],[4.799,-12.149],[5.836,0],[1.513,-0.965]],"o":[[16.007,121.26],[-2.003,-1.723],[-5.525,0],[-4.612,-10.964],[-5.836,0],[-4.798,-12.149],[-1.569,0],[9.5,-64.607]],"v":[[-0.007,-87.72],[36.759,165.803],[30.584,163.171],[15.232,180.32],[-0.12,163.171],[-16.248,182.22],[-32.374,163.171],[-37,164.646]],"c":true}]},{"i":{"x":0.25,"y":1},"o":{"x":0.167,"y":0.167},"t":37,"s":[{"i":[[-16.993,122.26],[-12.259,-70.763],[2.109,0],[4.611,-10.966],[5.524,0],[4.799,-12.149],[5.836,0],[1.513,-0.965]],"o":[[16.007,121.26],[-2.003,-1.723],[-5.525,0],[-4.612,-10.964],[-5.836,0],[-4.798,-12.149],[-1.569,0],[9.5,-64.607]],"v":[[-0.007,-87.72],[36.759,165.803],[30.584,163.171],[15.232,180.32],[-0.12,163.171],[-16.248,182.22],[-32.374,163.171],[-37,164.646]],"c":true}]},{"i":{"x":0.25,"y":1},"o":{"x":0.167,"y":0.167},"t":41,"s":[{"i":[[-16.993,122.26],[-9.6,-86.038],[1.651,0],[3.611,-13.333],[4.326,0],[3.758,-14.772],[4.57,0],[1.185,-1.173]],"o":[[16.007,121.26],[-1.568,-2.095],[-4.326,0],[-3.611,-13.331],[-4.57,0],[-3.757,-14.771],[-1.229,0],[7.439,-78.553]],"v":[[-0.007,-87.72],[28.759,181.078],[23.924,177.878],[11.902,198.729],[-0.12,177.878],[-12.75,201.039],[-25.377,177.878],[-29,179.672]],"c":true}]},{"i":{"x":0.25,"y":1},"o":{"x":0.167,"y":0.167},"t":48,"s":[{"i":[[-60.993,0],[-0.209,-87.859],[9.55,0],[20.882,-10.966],[25.016,0],[21.731,-12.149],[26.427,0],[6.851,-0.965]],"o":[[60.993,0],[-9.069,-1.723],[-25.017,0],[-20.883,-10.964],[-26.429,0],[-21.728,-12.149],[-7.107,0],[0.859,-87.326]],"v":[[-0.007,-87.72],[167,62.803],[139.037,60.171],[69.518,77.32],[0,60.171],[-73.03,79.22],[-146.052,60.171],[-167,61.646]],"c":true}]},{"t":56,"s":[{"i":[[-87.519,0],[-0.2,-87.859],[9.114,0],[19.929,-10.966],[23.875,0],[20.739,-12.149],[25.221,0],[6.538,-0.965]],"o":[[87.906,0],[-8.655,-1.723],[-23.875,0],[-19.93,-10.964],[-25.223,0],[-20.736,-12.149],[-6.782,0],[0.82,-87.326]],"v":[[-0.007,-87.72],[159.38,71.303],[132.693,68.671],[66.346,85.82],[0,68.671],[-69.698,87.72],[-139.387,68.671],[-159.38,70.146]],"c":true}]}],"ix":2},"nm":"Path 1","mn":"ADBE Vector Shape - Group","hd":false},{"ty":"st","c":{"a":0,"k":[0,0,0,1],"ix":3,"x":"var $bm_rt;\n$bm_rt = thisComp.layer('Main Stroke width - Color Ctrl').effect('Base Color')('Color');"},"o":{"a":0,"k":100,"ix":4},"w":{"a":0,"k":22,"ix":5,"x":"var $bm_rt;\n$bm_rt = thisComp.layer('Main Stroke width - Color Ctrl').effect('Stroke width')('Slider');"},"lc":1,"lj":2,"bm":0,"nm":"Stroke 1","mn":"ADBE Vector Graphic - Stroke","hd":false},{"ty":"tr","p":{"a":0,"k":[0,0],"ix":2},"a":{"a":0,"k":[0,0],"ix":1},"s":{"a":0,"k":[100,100],"ix":3},"r":{"a":0,"k":0,"ix":6},"o":{"a":0,"k":100,"ix":7},"sk":{"a":0,"k":0,"ix":4},"sa":{"a":0,"k":0,"ix":5},"nm":"Transform"}],"nm":"Group 1","np":2,"cix":2,"bm":0,"ix":1,"mn":"ADBE Vector Group","hd":false}],"ip":0,"op":72,"st":0,"bm":0},{"ddd":0,"ind":4,"ty":4,"nm":"Top","sr":1,"ks":{"o":{"a":0,"k":100,"ix":11},"r":{"a":0,"k":0,"ix":10},"p":{"a":0,"k":[249.993,79.241,0],"ix":2,"l":2},"a":{"a":0,"k":[0,0,0],"ix":1,"l":2},"s":{"a":0,"k":[100,100,100],"ix":6,"l":2}},"ao":0,"shapes":[{"ty":"gr","it":[{"ind":0,"ty":"sh","ix":1,"ks":{"a":1,"k":[{"i":{"x":0.25,"y":1},"o":{"x":0.167,"y":0.167},"t":0,"s":[{"i":[[0,0],[0,0]],"o":[[0,0],[0,0]],"v":[[0,-12.697],[0,12.697]],"c":false}]},{"i":{"x":0.25,"y":1},"o":{"x":0.167,"y":0.167},"t":4,"s":[{"i":[[0,0],[0,0]],"o":[[0,0],[0,0]],"v":[[0,-12.697],[0,12.697]],"c":false}]},{"i":{"x":0.25,"y":1},"o":{"x":0.167,"y":0.167},"t":8,"s":[{"i":[[0,0],[0,0]],"o":[[0,0],[0,0]],"v":[[0,-12.697],[0,12.697]],"c":false}]},{"i":{"x":0.833,"y":0.833},"o":{"x":0.167,"y":0.167},"t":12,"s":[{"i":[[0,0],[0,0]],"o":[[0,0],[0,0]],"v":[[0,-12.697],[0,12.697]],"c":false}]},{"i":{"x":0.25,"y":1},"o":{"x":0.167,"y":0.167},"t":37,"s":[{"i":[[0,0],[0,0]],"o":[[0,0],[0,0]],"v":[[0,-12.697],[0,12.697]],"c":false}]},{"i":{"x":0.25,"y":1},"o":{"x":0.167,"y":0.167},"t":41,"s":[{"i":[[0,0],[0,0]],"o":[[0,0],[0,0]],"v":[[0,-12.697],[0,12.697]],"c":false}]},{"i":{"x":0.25,"y":1},"o":{"x":0.167,"y":0.167},"t":48,"s":[{"i":[[0,0],[0,0]],"o":[[0,0],[0,0]],"v":[[0,-12.697],[0,12.697]],"c":false}]},{"t":56,"s":[{"i":[[0,0],[0,0]],"o":[[0,0],[0,0]],"v":[[0,-12.697],[0,12.697]],"c":false}]}],"ix":2},"nm":"Path 1","mn":"ADBE Vector Shape - Group","hd":false},{"ty":"st","c":{"a":0,"k":[0,0,0,1],"ix":3,"x":"var $bm_rt;\n$bm_rt = thisComp.layer('Main Stroke width - Color Ctrl').effect('Base Color')('Color');"},"o":{"a":0,"k":100,"ix":4},"w":{"a":0,"k":22,"ix":5,"x":"var $bm_rt;\n$bm_rt = thisComp.layer('Main Stroke width - Color Ctrl').effect('Stroke width')('Slider');"},"lc":2,"lj":2,"bm":0,"nm":"Stroke 1","mn":"ADBE Vector Graphic - Stroke","hd":false},{"ty":"tr","p":{"a":0,"k":[0,0],"ix":2},"a":{"a":0,"k":[0,0],"ix":1},"s":{"a":0,"k":[100,100],"ix":3},"r":{"a":0,"k":0,"ix":6},"o":{"a":0,"k":100,"ix":7},"sk":{"a":0,"k":0,"ix":4},"sa":{"a":0,"k":0,"ix":5},"nm":"Transform"}],"nm":"Group 1","np":2,"cix":2,"bm":0,"ix":1,"mn":"ADBE Vector Group","hd":false}],"ip":0,"op":72,"st":0,"bm":0},{"ddd":0,"ind":5,"ty":4,"nm":"Lines","sr":1,"ks":{"o":{"a":0,"k":100,"ix":11},"r":{"a":0,"k":0,"ix":10},"p":{"a":0,"k":[248.475,179.874,0],"ix":2,"l":2},"a":{"a":0,"k":[0,0,0],"ix":1,"l":2},"s":{"a":0,"k":[100,100,100],"ix":6,"l":2}},"ao":0,"shapes":[{"ty":"gr","it":[{"ind":0,"ty":"sh","ix":1,"ks":{"a":1,"k":[{"i":{"x":0.25,"y":1},"o":{"x":0.167,"y":0.167},"t":0,"s":[{"i":[[0,0],[37.234,0],[0,-94.017]],"o":[[0,-94.017],[-37.234,0],[0,0]],"v":[[68.029,85.857],[1.525,-87.634],[-68.029,87.634]],"c":false}]},{"i":{"x":0.25,"y":1},"o":{"x":0.167,"y":0.167},"t":4,"s":[{"i":[[0,0],[37.234,0],[0,-94.017]],"o":[[0,-94.017],[-37.234,0],[0,0]],"v":[[71.779,77.607],[1.525,-87.634],[-71.279,79.134]],"c":false}]},{"i":{"x":0.25,"y":1},"o":{"x":0.167,"y":0.167},"t":8,"s":[{"i":[[0,0],[0,149.26],[0,-94.017]],"o":[[0,-94.017],[-1.5,132.51],[0,0]],"v":[[13.279,197.107],[1.525,-87.634],[-11.279,199.384]],"c":false}]},{"i":{"x":0.833,"y":0.833},"o":{"x":0.167,"y":0.167},"t":12,"s":[{"i":[[0,0],[2,130.26],[5.304,-88.008]],"o":[[-3.504,-71.731],[-1.5,132.51],[0,0]],"v":[[17.029,179.607],[1.525,-87.634],[-14.779,180.634]],"c":false}]},{"i":{"x":0.25,"y":1},"o":{"x":0.167,"y":0.167},"t":37,"s":[{"i":[[0,0],[2,130.26],[5.304,-88.008]],"o":[[-3.504,-71.731],[-1.5,132.51],[0,0]],"v":[[17.029,179.607],[1.525,-87.634],[-14.779,180.634]],"c":false}]},{"i":{"x":0.25,"y":1},"o":{"x":0.167,"y":0.167},"t":41,"s":[{"i":[[0,0],[0,149.26],[0,-94.017]],"o":[[0,-94.017],[-1.5,132.51],[0,0]],"v":[[13.279,197.107],[1.525,-87.634],[-11.279,199.384]],"c":false}]},{"i":{"x":0.25,"y":1},"o":{"x":0.167,"y":0.167},"t":48,"s":[{"i":[[0,0],[37.234,0],[0,-94.017]],"o":[[0,-94.017],[-37.234,0],[0,0]],"v":[[71.779,77.607],[1.525,-87.634],[-71.279,79.134]],"c":false}]},{"t":56,"s":[{"i":[[0,0],[37.234,0],[0,-94.017]],"o":[[0,-94.017],[-37.234,0],[0,0]],"v":[[68.029,85.857],[1.525,-87.634],[-68.029,87.634]],"c":false}]}],"ix":2},"nm":"Path 1","mn":"ADBE Vector Shape - Group","hd":false},{"ty":"st","c":{"a":0,"k":[0.20000000298,0.800000011921,0.800000011921,1],"ix":3,"x":"var $bm_rt;\n$bm_rt = thisComp.layer('Main Stroke width - Color Ctrl').effect('Highlight')('Color');"},"o":{"a":0,"k":100,"ix":4},"w":{"a":0,"k":22,"ix":5,"x":"var $bm_rt;\n$bm_rt = thisComp.layer('Main Stroke width - Color Ctrl').effect('Stroke width')('Slider');"},"lc":1,"lj":2,"bm":0,"nm":"Stroke 1","mn":"ADBE Vector Graphic - Stroke","hd":false},{"ty":"tr","p":{"a":0,"k":[0,0],"ix":2},"a":{"a":0,"k":[0,0],"ix":1},"s":{"a":0,"k":[100,100],"ix":3},"r":{"a":0,"k":0,"ix":6},"o":{"a":0,"k":100,"ix":7},"sk":{"a":0,"k":0,"ix":4},"sa":{"a":0,"k":0,"ix":5},"nm":"Transform"}],"nm":"Group 1","np":2,"cix":2,"bm":0,"ix":1,"mn":"ADBE Vector Group","hd":false}],"ip":0,"op":72,"st":0,"bm":0}],"markers":[]}