{"v":"5.7.4","fr":24,"ip":0,"op":49,"w":500,"h":500,"nm":"22-Shield verified","ddd":0,"assets":[],"layers":[{"ddd":0,"ind":1,"ty":3,"nm":"Main Stroke width - Color Ctrl","sr":1,"ks":{"o":{"a":0,"k":100,"ix":11},"r":{"a":0,"k":0,"ix":10},"p":{"a":0,"k":[250,250,0],"ix":2,"l":2},"a":{"a":0,"k":[250,250,0],"ix":1,"l":2},"s":{"a":0,"k":[100,100,100],"ix":6,"l":2}},"ao":0,"ef":[{"ty":5,"nm":"Stroke width","np":3,"mn":"ADBE Slider Control","ix":1,"en":1,"ef":[{"ty":0,"nm":"Slider","mn":"ADBE Slider Control-0001","ix":1,"v":{"a":0,"k":16,"ix":1}}]},{"ty":5,"nm":"Base Color","np":3,"mn":"ADBE Color Control","ix":2,"en":1,"ef":[{"ty":2,"nm":"Color","mn":"ADBE Color Control-0001","ix":1,"v":{"a":0,"k":[0,0,0,1],"ix":1,"x":"var $bm_rt;\n$bm_rt = effect('Base Color')('Color');"}}]},{"ty":5,"nm":"Highlight","np":3,"mn":"ADBE Color Control","ix":3,"en":1,"ef":[{"ty":2,"nm":"Color","mn":"ADBE Color Control-0001","ix":1,"v":{"a":0,"k":[0.20000000298,0.800000011921,0.800000011921,1],"ix":1,"x":"var $bm_rt;\n$bm_rt = effect('Highlight')('Color');"}}]}],"ip":0,"op":49,"st":0,"bm":0},{"ddd":0,"ind":2,"ty":4,"nm":"Verification Sign 2","sr":1,"ks":{"o":{"a":0,"k":100,"ix":11},"r":{"a":0,"k":0,"ix":10},"p":{"a":0,"k":[292.165,188.756,0],"ix":2,"l":2},"a":{"a":0,"k":[0,0,0],"ix":1,"l":2},"s":{"a":0,"k":[100,100,100],"ix":6,"l":2}},"ao":0,"shapes":[{"ty":"gr","it":[{"ind":0,"ty":"sh","ix":1,"ks":{"a":1,"k":[{"i":{"x":0.833,"y":0.833},"o":{"x":0.167,"y":0.167},"t":30,"s":[{"i":[[3.84,3.944],[6.659,5.567],[0,0],[0,0],[8.28,-7.306],[-7.611,-8.266],[-26.475,-26.475],[0,0],[-1.709,1.734]],"o":[[-3.461,-3.556],[0,0],[0,0],[-7.779,-8.109],[-8.279,7.306],[0,0],[26.475,26.475],[2.181,-1.379],[8.222,-8.343]],"v":[[-121.005,-10.201],[-136.121,-25.278],[-144.237,-33.862],[-181.392,-69.847],[-209.233,-71.114],[-211.443,-43.333],[-165.579,5.207],[-127.096,19.623],[-122.207,15.26]],"c":true}]},{"i":{"x":0.5,"y":1},"o":{"x":0.167,"y":0.167},"t":33,"s":[{"i":[[5.642,-0.028],[3.753,-3.791],[0,0],[0,0],[8.28,-7.306],[-7.611,-8.266],[-26.475,-26.475],[0,0],[7.847,7.769]],"o":[[-4.962,0.025],[0,0],[0,0],[-7.779,-8.109],[-8.279,7.306],[0,0],[12.757,-11.056],[7.906,-7.986],[-3.961,-3.922]],"v":[[-47.407,46.2],[-61.075,51.926],[-61.487,51.638],[-149.733,-38.006],[-177.574,-39.273],[-179.784,-11.491],[-63.173,110.3],[-32.596,80.123],[-33.207,52.26]],"c":true}]},{"t":43,"s":[{"i":[[5.642,-0.028],[3.753,-3.791],[0,0],[0,0],[8.28,-7.306],[-7.611,-8.266],[0,0],[0,0],[7.847,7.769]],"o":[[-4.962,0.025],[0,0],[0,0],[-7.779,-8.109],[-8.279,7.306],[0,0],[0,0],[7.906,-7.986],[-3.961,-3.922]],"v":[[106.843,-110.3],[93.175,-104.574],[-61.487,51.638],[-92.279,19.539],[-120.119,18.272],[-122.329,46.054],[-63.173,110.3],[121.654,-76.377],[121.043,-104.24]],"c":true}]}],"ix":2},"nm":"Path 1","mn":"ADBE Vector Shape - Group","hd":false},{"ty":"st","c":{"a":0,"k":[0.20000000298,0.800000011921,0.800000011921,1],"ix":3,"x":"var $bm_rt;\n$bm_rt = thisComp.layer('Main Stroke width - Color Ctrl').effect('Highlight')('Color');"},"o":{"a":0,"k":100,"ix":4},"w":{"a":0,"k":22,"ix":5,"x":"var $bm_rt;\n$bm_rt = thisComp.layer('Main Stroke width - Color Ctrl').effect('Stroke width')('Slider');"},"lc":1,"lj":2,"bm":0,"nm":"Stroke 1","mn":"ADBE Vector Graphic - Stroke","hd":false},{"ty":"tr","p":{"a":0,"k":[0,0],"ix":2},"a":{"a":0,"k":[0,0],"ix":1},"s":{"a":0,"k":[100,100],"ix":3},"r":{"a":0,"k":0,"ix":6},"o":{"a":0,"k":100,"ix":7},"sk":{"a":0,"k":0,"ix":4},"sa":{"a":0,"k":0,"ix":5},"nm":"Transform"}],"nm":"Group 1","np":2,"cix":2,"bm":0,"ix":1,"mn":"ADBE Vector Group","hd":false}],"ip":30,"op":49,"st":0,"bm":0},{"ddd":0,"ind":3,"ty":4,"nm":"MASK 2","td":1,"sr":1,"ks":{"o":{"a":0,"k":100,"ix":11},"r":{"a":0,"k":0,"ix":10},"p":{"a":0,"k":[292.165,188.756,0],"ix":2,"l":2},"a":{"a":0,"k":[0,0,0],"ix":1,"l":2},"s":{"a":0,"k":[100,100,100],"ix":6,"l":2}},"ao":0,"shapes":[{"ty":"gr","it":[{"ind":0,"ty":"sh","ix":1,"ks":{"a":0,"k":{"i":[[5.642,-0.028],[3.753,-3.791],[0,0],[0,0],[8.28,-7.306],[-7.611,-8.266],[0,0],[0,0],[7.847,7.769]],"o":[[-4.962,0.025],[0,0],[0,0],[-7.779,-8.109],[-8.279,7.306],[0,0],[0,0],[7.906,-7.986],[-3.961,-3.922]],"v":[[106.843,-110.3],[93.175,-104.574],[-61.487,51.638],[-92.279,19.539],[-120.119,18.272],[-122.329,46.054],[-63.173,110.3],[121.654,-76.377],[121.043,-104.24]],"c":true},"ix":2,"x":"var $bm_rt;\n$bm_rt = thisComp.layer('Verification Sign 2').content('Group 1').content('Path 1').path;"},"nm":"Path 1","mn":"ADBE Vector Shape - Group","hd":false},{"ty":"tr","p":{"a":0,"k":[0,0],"ix":2},"a":{"a":0,"k":[0,0],"ix":1},"s":{"a":0,"k":[100,100],"ix":3},"r":{"a":0,"k":0,"ix":6},"o":{"a":0,"k":100,"ix":7},"sk":{"a":0,"k":0,"ix":4},"sa":{"a":0,"k":0,"ix":5},"nm":"Transform"}],"nm":"Group 1","np":1,"cix":2,"bm":0,"ix":1,"mn":"ADBE Vector Group","hd":false},{"ty":"fl","c":{"a":0,"k":[1,0,0,1],"ix":4},"o":{"a":0,"k":100,"ix":5},"r":1,"bm":0,"nm":"Fill 1","mn":"ADBE Vector Graphic - Fill","hd":false}],"ip":30,"op":49,"st":0,"bm":0},{"ddd":0,"ind":4,"ty":4,"nm":"Shield 2","tt":2,"sr":1,"ks":{"o":{"a":0,"k":100,"ix":11},"r":{"a":1,"k":[{"i":{"x":[0.5],"y":[1]},"o":{"x":[0.167],"y":[0.167]},"t":0,"s":[0]},{"i":{"x":[0.833],"y":[0.833]},"o":{"x":[0.5],"y":[0]},"t":14,"s":[-2]},{"i":{"x":[0.5],"y":[1]},"o":{"x":[0.167],"y":[0.167]},"t":22,"s":[9]},{"i":{"x":[0.5],"y":[1]},"o":{"x":[0.5],"y":[0]},"t":31,"s":[-2]},{"t":44,"s":[0]}],"ix":10},"p":{"a":1,"k":[{"i":{"x":0.5,"y":1},"o":{"x":0.167,"y":0.167},"t":0,"s":[229.547,250.375,0],"to":[3.333,-4.167,0],"ti":[-3.333,0,0]},{"i":{"x":0.833,"y":0.833},"o":{"x":0.5,"y":0},"t":14,"s":[249.547,225.375,0],"to":[1.8,0,0],"ti":[0.144,-6.244,0]},{"i":{"x":0.5,"y":1},"o":{"x":0.167,"y":0.167},"t":22,"s":[249.107,270.691,0],"to":[-0.122,5.321,0],"ti":[1.534,-1.917,0]},{"i":{"x":0.5,"y":1},"o":{"x":0.5,"y":0},"t":31,"s":[249.547,232.375,0],"to":[-3.333,4.167,0],"ti":[3.333,-3,0]},{"t":44,"s":[229.547,250.375,0]}],"ix":2,"l":2},"a":{"a":0,"k":[229.547,250.375,0],"ix":1,"l":2},"s":{"a":1,"k":[{"i":{"x":[0.5,0.5,0.5],"y":[1,1,1]},"o":{"x":[0.167,0.167,0.167],"y":[0.167,0.167,-0.198]},"t":0,"s":[100,100,100]},{"i":{"x":[0.5,0.5,0.5],"y":[1,1,1]},"o":{"x":[0.5,0.5,0.5],"y":[0,0,0]},"t":14,"s":[83,83,100]},{"i":{"x":[0.5,0.5,0.5],"y":[1,1,1]},"o":{"x":[0.5,0.5,0.5],"y":[0,0,0]},"t":31,"s":[83,83,100]},{"t":44,"s":[100,100,100]}],"ix":6,"l":2}},"ao":0,"shapes":[{"ty":"gr","it":[{"ind":0,"ty":"sh","ix":1,"ks":{"a":0,"k":{"i":[[67.511,-39.557],[0,-34.696],[-23.712,-17.924],[0,0],[0,0],[0,29.816],[-0.049,16.635]],"o":[[0,34.696],[0,29.836],[0,0],[0,0],[23.689,-17.924],[0,0],[-70.299,-48.115]],"v":[[-106.564,-101.81],[-106.564,2.187],[-74.714,78.617],[0.05,135.132],[74.75,78.611],[106.564,2.216],[106.502,-101.091]],"c":true},"ix":2},"nm":"Path 1","mn":"ADBE Vector Shape - Group","hd":false},{"ty":"st","c":{"a":0,"k":[0,0,0,1],"ix":3},"o":{"a":0,"k":100,"ix":4},"w":{"a":0,"k":22,"ix":5},"lc":1,"lj":2,"bm":0,"nm":"Stroke 1","mn":"ADBE Vector Graphic - Stroke","hd":false},{"ty":"tr","p":{"a":0,"k":[229.547,246.456],"ix":2},"a":{"a":0,"k":[0,0],"ix":1},"s":{"a":0,"k":[100,100],"ix":3},"r":{"a":0,"k":0,"ix":6},"o":{"a":0,"k":100,"ix":7},"sk":{"a":0,"k":0,"ix":4},"sa":{"a":0,"k":0,"ix":5},"nm":"Transform"}],"nm":"Group 1","np":2,"cix":2,"bm":0,"ix":1,"mn":"ADBE Vector Group","hd":false},{"ty":"gr","it":[{"ind":0,"ty":"sh","ix":1,"ks":{"a":0,"k":{"i":[[94.242,-55.22],[0,-48.506],[-33.149,-25.058],[0,0],[0,0],[0,41.684],[-0.503,21.975]],"o":[[0,48.506],[0,41.71],[0,0],[0,0],[33.117,-25.058],[0,0],[-96.003,-67.775]],"v":[[-148.978,-137.032],[-148.978,-2.308],[-104.452,104.542],[0.07,183.552],[104.502,104.534],[148.978,-2.267],[148.956,-136.85]],"c":true},"ix":2},"nm":"Path 1","mn":"ADBE Vector Shape - Group","hd":false},{"ty":"st","c":{"a":0,"k":[0,0,0,1],"ix":3},"o":{"a":0,"k":100,"ix":4},"w":{"a":0,"k":22,"ix":5},"lc":1,"lj":2,"bm":0,"nm":"Stroke 1","mn":"ADBE Vector Graphic - Stroke","hd":false},{"ty":"tr","p":{"a":0,"k":[229.547,250.375],"ix":2},"a":{"a":0,"k":[0,0],"ix":1},"s":{"a":0,"k":[100,100],"ix":3},"r":{"a":0,"k":0,"ix":6},"o":{"a":0,"k":100,"ix":7},"sk":{"a":0,"k":0,"ix":4},"sa":{"a":0,"k":0,"ix":5},"nm":"Transform"}],"nm":"Group 2","np":2,"cix":2,"bm":0,"ix":2,"mn":"ADBE Vector Group","hd":false}],"ip":8,"op":49,"st":0,"bm":0},{"ddd":0,"ind":5,"ty":4,"nm":"Verification Sign","sr":1,"ks":{"o":{"a":0,"k":100,"ix":11},"r":{"a":0,"k":0,"ix":10},"p":{"a":0,"k":[292.165,188.756,0],"ix":2,"l":2},"a":{"a":0,"k":[0,0,0],"ix":1,"l":2},"s":{"a":0,"k":[100,100,100],"ix":6,"l":2}},"ao":0,"shapes":[{"ty":"gr","it":[{"ind":0,"ty":"sh","ix":1,"ks":{"a":1,"k":[{"i":{"x":0.833,"y":0.833},"o":{"x":0.5,"y":0},"t":0,"s":[{"i":[[5.642,-0.028],[3.753,-3.791],[0,0],[0,0],[8.28,-7.306],[-7.611,-8.266],[0,0],[0,0],[7.847,7.769]],"o":[[-4.962,0.025],[0,0],[0,0],[-7.779,-8.109],[-8.279,7.306],[0,0],[0,0],[7.906,-7.986],[-3.961,-3.922]],"v":[[106.843,-110.3],[93.175,-104.574],[-61.487,51.638],[-92.279,19.539],[-120.119,18.272],[-122.329,46.054],[-63.173,110.3],[121.654,-76.377],[121.043,-104.24]],"c":true}]},{"i":{"x":0.833,"y":0.833},"o":{"x":0.167,"y":0.167},"t":5,"s":[{"i":[[5.642,-0.028],[3.753,-3.791],[0,0],[0,0],[8.28,-7.306],[-7.611,-8.266],[-26.475,-26.475],[0,0],[7.847,7.769]],"o":[[-4.962,0.025],[0,0],[0,0],[-7.779,-8.109],[-8.279,7.306],[0,0],[12.757,-11.056],[7.906,-7.986],[-3.961,-3.922]],"v":[[-47.407,46.2],[-61.075,51.926],[-61.487,51.638],[-149.733,-38.006],[-177.574,-39.273],[-179.784,-11.491],[-63.173,110.3],[-32.596,80.123],[-33.207,52.26]],"c":true}]},{"t":7,"s":[{"i":[[3.84,3.944],[6.659,5.567],[0,0],[0,0],[8.28,-7.306],[-7.611,-8.266],[-26.475,-26.475],[0,0],[-1.709,1.734]],"o":[[-3.461,-3.556],[0,0],[0,0],[-7.779,-8.109],[-8.279,7.306],[0,0],[26.475,26.475],[2.181,-1.379],[8.222,-8.343]],"v":[[-121.005,-10.201],[-136.121,-25.278],[-144.237,-33.862],[-181.392,-69.847],[-209.233,-71.114],[-211.443,-43.333],[-165.579,5.207],[-127.096,19.623],[-122.207,15.26]],"c":true}]}],"ix":2},"nm":"Path 1","mn":"ADBE Vector Shape - Group","hd":false},{"ty":"st","c":{"a":0,"k":[0.20000000298,0.800000011921,0.800000011921,1],"ix":3,"x":"var $bm_rt;\n$bm_rt = thisComp.layer('Main Stroke width - Color Ctrl').effect('Highlight')('Color');"},"o":{"a":0,"k":100,"ix":4},"w":{"a":0,"k":22,"ix":5,"x":"var $bm_rt;\n$bm_rt = thisComp.layer('Main Stroke width - Color Ctrl').effect('Stroke width')('Slider');"},"lc":1,"lj":2,"bm":0,"nm":"Stroke 1","mn":"ADBE Vector Graphic - Stroke","hd":false},{"ty":"tr","p":{"a":0,"k":[0,0],"ix":2},"a":{"a":0,"k":[0,0],"ix":1},"s":{"a":0,"k":[100,100],"ix":3},"r":{"a":0,"k":0,"ix":6},"o":{"a":0,"k":100,"ix":7},"sk":{"a":0,"k":0,"ix":4},"sa":{"a":0,"k":0,"ix":5},"nm":"Transform"}],"nm":"Group 1","np":2,"cix":2,"bm":0,"ix":1,"mn":"ADBE Vector Group","hd":false}],"ip":0,"op":8,"st":0,"bm":0},{"ddd":0,"ind":6,"ty":4,"nm":"MASK","td":1,"sr":1,"ks":{"o":{"a":0,"k":100,"ix":11},"r":{"a":0,"k":0,"ix":10},"p":{"a":0,"k":[292.165,188.756,0],"ix":2,"l":2},"a":{"a":0,"k":[0,0,0],"ix":1,"l":2},"s":{"a":0,"k":[100,100,100],"ix":6,"l":2}},"ao":0,"shapes":[{"ty":"gr","it":[{"ind":0,"ty":"sh","ix":1,"ks":{"a":0,"k":{"i":[[5.642,-0.028],[3.753,-3.791],[0,0],[0,0],[8.28,-7.306],[-7.611,-8.266],[0,0],[0,0],[7.847,7.769]],"o":[[-4.962,0.025],[0,0],[0,0],[-7.779,-8.109],[-8.279,7.306],[0,0],[0,0],[7.906,-7.986],[-3.961,-3.922]],"v":[[106.843,-110.3],[93.175,-104.574],[-61.487,51.638],[-92.279,19.539],[-120.119,18.272],[-122.329,46.054],[-63.173,110.3],[121.654,-76.377],[121.043,-104.24]],"c":true},"ix":2,"x":"var $bm_rt;\n$bm_rt = thisComp.layer('Verification Sign').content('Group 1').content('Path 1').path;"},"nm":"Path 1","mn":"ADBE Vector Shape - Group","hd":false},{"ty":"tr","p":{"a":0,"k":[0,0],"ix":2},"a":{"a":0,"k":[0,0],"ix":1},"s":{"a":0,"k":[100,100],"ix":3},"r":{"a":0,"k":0,"ix":6},"o":{"a":0,"k":100,"ix":7},"sk":{"a":0,"k":0,"ix":4},"sa":{"a":0,"k":0,"ix":5},"nm":"Transform"}],"nm":"Group 1","np":1,"cix":2,"bm":0,"ix":1,"mn":"ADBE Vector Group","hd":false},{"ty":"fl","c":{"a":0,"k":[1,0,0,1],"ix":4},"o":{"a":0,"k":100,"ix":5},"r":1,"bm":0,"nm":"Fill 1","mn":"ADBE Vector Graphic - Fill","hd":false}],"ip":0,"op":8,"st":0,"bm":0},{"ddd":0,"ind":7,"ty":4,"nm":"Shield","parent":4,"tt":2,"sr":1,"ks":{"o":{"a":0,"k":100,"ix":11},"r":{"a":0,"k":0,"ix":10},"p":{"a":0,"k":[229.547,250.375,0],"ix":2,"l":2},"a":{"a":0,"k":[229.547,250.375,0],"ix":1,"l":2},"s":{"a":0,"k":[100,100,100],"ix":6,"l":2}},"ao":0,"shapes":[{"ty":"gr","it":[{"ind":0,"ty":"sh","ix":1,"ks":{"a":0,"k":{"i":[[67.511,-39.557],[0,-34.696],[-23.712,-17.924],[0,0],[0,0],[0,29.816],[-0.049,16.635]],"o":[[0,34.696],[0,29.836],[0,0],[0,0],[23.689,-17.924],[0,0],[-70.299,-48.115]],"v":[[-106.564,-101.81],[-106.564,2.187],[-74.714,78.617],[0.05,135.132],[74.75,78.611],[106.564,2.216],[106.502,-101.091]],"c":true},"ix":2},"nm":"Path 1","mn":"ADBE Vector Shape - Group","hd":false},{"ty":"st","c":{"a":0,"k":[0,0,0,1],"ix":3},"o":{"a":0,"k":100,"ix":4},"w":{"a":0,"k":22,"ix":5},"lc":1,"lj":2,"bm":0,"nm":"Stroke 1","mn":"ADBE Vector Graphic - Stroke","hd":false},{"ty":"tr","p":{"a":0,"k":[229.547,246.456],"ix":2},"a":{"a":0,"k":[0,0],"ix":1},"s":{"a":0,"k":[100,100],"ix":3},"r":{"a":0,"k":0,"ix":6},"o":{"a":0,"k":100,"ix":7},"sk":{"a":0,"k":0,"ix":4},"sa":{"a":0,"k":0,"ix":5},"nm":"Transform"}],"nm":"Group 1","np":2,"cix":2,"bm":0,"ix":1,"mn":"ADBE Vector Group","hd":false},{"ty":"gr","it":[{"ind":0,"ty":"sh","ix":1,"ks":{"a":0,"k":{"i":[[94.242,-55.22],[0,-48.506],[-33.149,-25.058],[0,0],[0,0],[0,41.684],[-0.503,21.975]],"o":[[0,48.506],[0,41.71],[0,0],[0,0],[33.117,-25.058],[0,0],[-96.003,-67.775]],"v":[[-148.978,-137.032],[-148.978,-2.308],[-104.452,104.542],[0.07,183.552],[104.502,104.534],[148.978,-2.267],[148.956,-136.85]],"c":true},"ix":2},"nm":"Path 1","mn":"ADBE Vector Shape - Group","hd":false},{"ty":"st","c":{"a":0,"k":[0,0,0,1],"ix":3},"o":{"a":0,"k":100,"ix":4},"w":{"a":0,"k":22,"ix":5},"lc":1,"lj":2,"bm":0,"nm":"Stroke 1","mn":"ADBE Vector Graphic - Stroke","hd":false},{"ty":"tr","p":{"a":0,"k":[229.547,250.375],"ix":2},"a":{"a":0,"k":[0,0],"ix":1},"s":{"a":0,"k":[100,100],"ix":3},"r":{"a":0,"k":0,"ix":6},"o":{"a":0,"k":100,"ix":7},"sk":{"a":0,"k":0,"ix":4},"sa":{"a":0,"k":0,"ix":5},"nm":"Transform"}],"nm":"Group 2","np":2,"cix":2,"bm":0,"ix":2,"mn":"ADBE Vector Group","hd":false}],"ip":0,"op":8,"st":0,"bm":0},{"ddd":0,"ind":8,"ty":4,"nm":"MASK 3","parent":4,"td":1,"sr":1,"ks":{"o":{"a":0,"k":100,"ix":11},"r":{"a":0,"k":0,"ix":10},"p":{"a":0,"k":[230,250,0],"ix":2,"l":2},"a":{"a":0,"k":[250,250,0],"ix":1,"l":2},"s":{"a":0,"k":[100,100,100],"ix":6,"l":2}},"ao":0,"shapes":[{"ty":"gr","it":[{"ind":0,"ty":"sh","ix":1,"ks":{"a":0,"k":{"i":[[-23.364,35.047],[0,0],[0,0],[-16.417,-26.447],[-0.724,-23.133],[44.603,-12.753],[27.661,-27.661],[45.953,13.139],[-1.452,46.367],[-9.56,15.401],[13.921,27.842],[0,0],[0,0],[-29.784,29.784],[0,0],[0,0]],"o":[[0,0],[0,0],[-13.921,27.842],[9.56,15.401],[1.452,46.367],[-45.953,13.139],[-27.661,-27.661],[-44.603,-12.753],[0.724,-23.133],[16.417,-26.447],[0,0],[0,0],[23.364,35.047],[0,0],[0,0],[29.784,29.784]],"v":[[112.908,-181.405],[158.071,-158.824],[136.281,-115.245],[140.036,-27.096],[158.015,28.752],[76.473,136.221],[0,181.405],[-76.473,136.221],[-158.015,28.752],[-140.036,-27.096],[-136.281,-115.245],[-158.071,-158.824],[-112.908,-181.405],[-10.173,-171.232],[0,-181.405],[10.173,-171.232]],"c":true},"ix":2,"x":"var $bm_rt;\n$bm_rt = thisComp.layer('Shield 2').content('Group 2').content('Path 1').path;"},"nm":"Path 1","mn":"ADBE Vector Shape - Group","hd":false},{"ty":"tr","p":{"a":0,"k":[250,250],"ix":2},"a":{"a":0,"k":[0,0],"ix":1},"s":{"a":0,"k":[100,100],"ix":3},"r":{"a":0,"k":0,"ix":6},"o":{"a":0,"k":100,"ix":7},"sk":{"a":0,"k":0,"ix":4},"sa":{"a":0,"k":0,"ix":5},"nm":"Transform"}],"nm":"Shield Shape","np":2,"cix":2,"bm":0,"ix":1,"mn":"ADBE Vector Group","hd":false},{"ty":"fl","c":{"a":0,"k":[1,0,0,1],"ix":4},"o":{"a":0,"k":100,"ix":5},"r":1,"bm":0,"nm":"Fill 1","mn":"ADBE Vector Graphic - Fill","hd":false}],"ip":12,"op":37,"st":0,"bm":0},{"ddd":0,"ind":9,"ty":4,"nm":"Shine","tt":1,"sr":1,"ks":{"o":{"a":0,"k":100,"ix":11},"r":{"a":0,"k":0,"ix":10},"p":{"a":0,"k":[111.75,236.75,0],"ix":2,"l":2},"a":{"a":0,"k":[-138.25,-13.25,0],"ix":1,"l":2},"s":{"a":0,"k":[100,100,100],"ix":6,"l":2}},"ao":0,"shapes":[{"ty":"gr","it":[{"ind":0,"ty":"sh","ix":1,"ks":{"a":1,"k":[{"i":{"x":0.833,"y":0.833},"o":{"x":0.75,"y":0},"t":17.069,"s":[{"i":[[0,0],[0,0],[0,0],[0,0]],"o":[[0,0],[0,0],[0,0],[0,0]],"v":[[-0.25,-222],[-99.75,220.75],[-111.25,220.75],[-11.75,-222]],"c":true}]},{"i":{"x":0.25,"y":1},"o":{"x":0.167,"y":0.167},"t":27.303,"s":[{"i":[[0,0],[0,0],[0,0],[0,0]],"o":[[0,0],[0,0],[0,0],[0,0]],"v":[[233.818,-222],[134.318,220.75],[21.858,220.73],[121.358,-222.02]],"c":true}]},{"t":36,"s":[{"i":[[0,0],[0,0],[0,0],[0,0]],"o":[[0,0],[0,0],[0,0],[0,0]],"v":[[383.75,-222],[284.25,220.75],[273.75,220.5],[373.25,-222.25]],"c":true}]}],"ix":2},"nm":"Path 1","mn":"ADBE Vector Shape - Group","hd":false},{"ind":1,"ty":"sh","ix":2,"ks":{"a":1,"k":[{"i":{"x":0.833,"y":0.833},"o":{"x":0.75,"y":0},"t":14,"s":[{"i":[[0,0],[0,0],[0,0],[0,0]],"o":[[0,0],[0,0],[0,0],[0,0]],"v":[[-0.25,-222],[-99.75,220.75],[-111.25,220.75],[-11.75,-222]],"c":true}]},{"i":{"x":0.25,"y":1},"o":{"x":0.167,"y":0.167},"t":24.232,"s":[{"i":[[0,0],[0,0],[0,0],[0,0]],"o":[[0,0],[0,0],[0,0],[0,0]],"v":[[233.818,-222],[134.318,220.75],[21.858,220.73],[121.358,-222.02]],"c":true}]},{"t":32.9306640625,"s":[{"i":[[0,0],[0,0],[0,0],[0,0]],"o":[[0,0],[0,0],[0,0],[0,0]],"v":[[383.75,-222],[284.25,220.75],[273.75,220.5],[373.25,-222.25]],"c":true}]}],"ix":2},"nm":"Path 2","mn":"ADBE Vector Shape - Group","hd":false},{"ty":"fl","c":{"a":0,"k":[1,0,0,1],"ix":4,"x":"var $bm_rt;\n$bm_rt = thisComp.layer('Main Stroke width - Color Ctrl').effect('Highlight')('Color');"},"o":{"a":0,"k":100,"ix":5},"r":1,"bm":0,"nm":"Fill 1","mn":"ADBE Vector Graphic - Fill","hd":false},{"ty":"tr","p":{"a":0,"k":[-138.25,-13.25],"ix":2},"a":{"a":0,"k":[0,0],"ix":1},"s":{"a":0,"k":[100,100],"ix":3},"r":{"a":0,"k":0,"ix":6},"o":{"a":0,"k":100,"ix":7},"sk":{"a":0,"k":0,"ix":4},"sa":{"a":0,"k":0,"ix":5},"nm":"Transform"}],"nm":"Rectangle 1","np":3,"cix":2,"bm":0,"ix":1,"mn":"ADBE Vector Group","hd":false}],"ip":12,"op":37,"st":12,"bm":0}],"markers":[]}