{"v":"5.9.6","fr":25,"ip":0,"op":37,"w":500,"h":500,"nm":"20 loan","ddd":0,"assets":[],"layers":[{"ddd":0,"ind":1,"ty":3,"nm":"Main Stroke width - Color Ctrl","parent":6,"sr":1,"ks":{"o":{"a":0,"k":0,"ix":11},"r":{"a":0,"k":0,"ix":10},"p":{"a":0,"k":[0,0,0],"ix":2,"l":2},"a":{"a":0,"k":[50,50,0],"ix":1,"l":2},"s":{"a":0,"k":[100,100,100],"ix":6,"l":2}},"ao":0,"ef":[{"ty":5,"nm":"Stroke width","np":3,"mn":"ADBE Slider Control","ix":1,"en":1,"ef":[{"ty":0,"nm":"Slider","mn":"ADBE Slider Control-0001","ix":1,"v":{"a":0,"k":16,"ix":1}}]},{"ty":5,"nm":"color","np":3,"mn":"ADBE Color Control","ix":2,"en":1,"ef":[{"ty":2,"nm":"Color","mn":"ADBE Color Control-0001","ix":1,"v":{"a":0,"k":[0.019607843831,0.164705887437,0.458823531866,1],"ix":1}}]}],"ip":0,"op":37,"st":0,"bm":0},{"ddd":0,"ind":2,"ty":4,"nm":"Pop","parent":1,"sr":1,"ks":{"o":{"a":0,"k":100,"ix":11},"r":{"a":1,"k":[{"i":{"x":[0.667],"y":[1]},"o":{"x":[0.333],"y":[0]},"t":15,"s":[0]},{"i":{"x":[0.667],"y":[1]},"o":{"x":[0.333],"y":[0]},"t":21,"s":[9]},{"i":{"x":[0.667],"y":[1]},"o":{"x":[0.333],"y":[0]},"t":27,"s":[-12]},{"t":35,"s":[0]}],"ix":10},"p":{"a":1,"k":[{"i":{"x":0.667,"y":1},"o":{"x":0.333,"y":0},"t":15,"s":[136.324,-36.324,0],"to":[0,3.5,0],"ti":[0,5,0]},{"i":{"x":0.667,"y":1},"o":{"x":0.333,"y":0},"t":21,"s":[136.324,-15.324,0],"to":[0,-5,0],"ti":[0,3.5,0]},{"i":{"x":0.667,"y":1},"o":{"x":0.333,"y":0},"t":27,"s":[136.324,-66.324,0],"to":[0,-3.5,0],"ti":[0,-5,0]},{"t":35,"s":[136.324,-36.324,0]}],"ix":2,"l":2},"a":{"a":0,"k":[336.324,163.676,0],"ix":1,"l":2},"s":{"a":0,"k":[100,100,100],"ix":6,"l":2}},"ao":0,"shapes":[{"ty":"gr","it":[{"ty":"gr","it":[{"ind":0,"ty":"sh","ix":1,"ks":{"a":1,"k":[{"i":{"x":0.667,"y":1},"o":{"x":0.333,"y":0},"t":15,"s":[{"i":[[0,0],[0,0]],"o":[[0,0],[0,0]],"v":[[0,-8.3],[0,8.3]],"c":false}]},{"i":{"x":0.667,"y":1},"o":{"x":0.333,"y":0},"t":21,"s":[{"i":[[0,0],[0,0]],"o":[[0,0],[0,0]],"v":[[0,-8.3],[0,2.8]],"c":false}]},{"i":{"x":0.667,"y":1},"o":{"x":0.333,"y":0},"t":27,"s":[{"i":[[0,0],[0,0]],"o":[[0,0],[0,0]],"v":[[0,-8.3],[0,14.3]],"c":false}]},{"t":35,"s":[{"i":[[0,0],[0,0]],"o":[[0,0],[0,0]],"v":[[0,-8.3],[0,8.3]],"c":false}]}],"ix":2},"nm":"Path 1","mn":"ADBE Vector Shape - Group","hd":false},{"ty":"st","c":{"a":0,"k":[1,1,1,1],"ix":3},"o":{"a":0,"k":100,"ix":4},"w":{"a":0,"k":16,"ix":5,"x":"var $bm_rt;\n$bm_rt = thisComp.layer('Main Stroke width - Color Ctrl').effect('Stroke width')('Slider');"},"lc":2,"lj":2,"bm":0,"nm":"Stroke 1","mn":"ADBE Vector Graphic - Stroke","hd":false},{"ty":"tr","p":{"a":0,"k":[343.213,195.417],"ix":2},"a":{"a":0,"k":[0,0],"ix":1},"s":{"a":0,"k":[100,100],"ix":3},"r":{"a":0,"k":0,"ix":6},"o":{"a":0,"k":100,"ix":7},"sk":{"a":0,"k":0,"ix":4},"sa":{"a":0,"k":0,"ix":5},"nm":"Transform"}],"nm":"Group 1","np":2,"cix":2,"bm":0,"ix":1,"mn":"ADBE Vector Group","hd":false},{"ty":"gr","it":[{"ind":0,"ty":"sh","ix":1,"ks":{"a":1,"k":[{"i":{"x":0.667,"y":1},"o":{"x":0.333,"y":0},"t":15,"s":[{"i":[[0,0],[0,0]],"o":[[0,0],[0,0]],"v":[[0,-8.3],[0,8.3]],"c":false}]},{"i":{"x":0.667,"y":1},"o":{"x":0.333,"y":0},"t":21,"s":[{"i":[[0,0],[0,0]],"o":[[0,0],[0,0]],"v":[[0,-3.8],[0,8.3]],"c":false}]},{"i":{"x":0.667,"y":1},"o":{"x":0.333,"y":0},"t":27,"s":[{"i":[[0,0],[0,0]],"o":[[0,0],[0,0]],"v":[[0,-19.3],[0,8.3]],"c":false}]},{"t":35,"s":[{"i":[[0,0],[0,0]],"o":[[0,0],[0,0]],"v":[[0,-8.3],[0,8.3]],"c":false}]}],"ix":2},"nm":"Path 1","mn":"ADBE Vector Shape - Group","hd":false},{"ty":"st","c":{"a":0,"k":[1,1,1,1],"ix":3},"o":{"a":0,"k":100,"ix":4},"w":{"a":0,"k":16,"ix":5,"x":"var $bm_rt;\n$bm_rt = thisComp.layer('Main Stroke width - Color Ctrl').effect('Stroke width')('Slider');"},"lc":2,"lj":2,"bm":0,"nm":"Stroke 1","mn":"ADBE Vector Graphic - Stroke","hd":false},{"ty":"tr","p":{"a":0,"k":[343.213,110.372],"ix":2},"a":{"a":0,"k":[0,0],"ix":1},"s":{"a":0,"k":[100,100],"ix":3},"r":{"a":0,"k":0,"ix":6},"o":{"a":0,"k":100,"ix":7},"sk":{"a":0,"k":0,"ix":4},"sa":{"a":0,"k":0,"ix":5},"nm":"Transform"}],"nm":"Group 2","np":2,"cix":2,"bm":0,"ix":2,"mn":"ADBE Vector Group","hd":false},{"ty":"tr","p":{"a":0,"k":[343.213,110.372],"ix":2},"a":{"a":0,"k":[343.213,110.372],"ix":1},"s":{"a":0,"k":[100,100],"ix":3},"r":{"a":0,"k":0,"ix":6},"o":{"a":0,"k":100,"ix":7},"sk":{"a":0,"k":0,"ix":4},"sa":{"a":0,"k":0,"ix":5},"nm":"Transform"}],"nm":"Group 1","np":2,"cix":2,"bm":0,"ix":1,"mn":"ADBE Vector Group","hd":false},{"ty":"gr","it":[{"ty":"gr","it":[{"ind":0,"ty":"sh","ix":1,"ks":{"a":1,"k":[{"i":{"x":0.667,"y":1},"o":{"x":0.333,"y":0},"t":15,"s":[{"i":[[0,0],[-4.3,-0.032],[0,0],[0,9.5],[0,0],[9.45,0],[0,0],[0,9.45],[0,0],[-9.499,-0.07],[0,0],[-3.922,-4.185]],"o":[[3.462,2.402],[0,0],[9.499,0.07],[0,0],[0,-9.45],[0,0],[-9.45,0],[0,0],[0,-9.5],[0,0],[5.847,0.043],[0,0]],"v":[[-22.446,30.302],[-10.545,34.222],[9.401,34.222],[26.638,17.111],[26.638,17.111],[9.527,0],[-9.527,0],[-26.638,-17.111],[-26.638,-17.111],[-9.401,-34.222],[8.883,-34.222],[24.157,-27.401]],"c":false}]},{"i":{"x":0.667,"y":1},"o":{"x":0.333,"y":0},"t":21,"s":[{"i":[[0,0],[-4.3,-0.032],[0,0],[0,9.5],[0,0],[9.45,0],[0,0],[0,9.45],[0,0],[-9.499,-0.07],[0,0],[-3.922,-4.185]],"o":[[3.462,2.402],[0,0],[9.499,0.07],[0,0],[0,-9.45],[0,0],[-9.45,0],[0,0],[0,-9.5],[0,0],[5.847,0.043],[0,0]],"v":[[-16.398,30.626],[-4.498,34.546],[2.853,34.23],[20.091,17.119],[20.091,17.119],[2.979,0.008],[-3.479,0.324],[-20.591,-16.787],[-20.591,-16.787],[-3.353,-33.897],[2.335,-34.213],[17.61,-27.393]],"c":false}]},{"i":{"x":0.667,"y":1},"o":{"x":0.333,"y":0},"t":27,"s":[{"i":[[0,0],[-4.3,-0.032],[0,0],[0,9.5],[0,0],[9.45,0],[0,0],[0,9.45],[0,0],[-9.499,-0.07],[0,0],[-3.922,-4.185]],"o":[[3.462,2.402],[0,0],[9.499,0.07],[0,0],[0,-9.45],[0,0],[-9.45,0],[0,0],[0,-9.5],[0,0],[5.847,0.043],[0,0]],"v":[[-26.629,31.24],[-14.729,35.16],[8.491,34.223],[28.228,17.279],[28.228,17.279],[8.617,0.001],[-10.027,0.443],[-30.821,-16.173],[-30.821,-16.173],[-13.584,-33.283],[7.973,-34.221],[25.748,-27.234]],"c":false}]},{"t":35,"s":[{"i":[[0,0],[-4.3,-0.032],[0,0],[0,9.5],[0,0],[9.45,0],[0,0],[0,9.45],[0,0],[-9.499,-0.07],[0,0],[-3.922,-4.185]],"o":[[3.462,2.402],[0,0],[9.499,0.07],[0,0],[0,-9.45],[0,0],[-9.45,0],[0,0],[0,-9.5],[0,0],[5.847,0.043],[0,0]],"v":[[-22.446,30.302],[-10.545,34.222],[9.401,34.222],[26.638,17.111],[26.638,17.111],[9.527,0],[-9.527,0],[-26.638,-17.111],[-26.638,-17.111],[-9.401,-34.222],[8.883,-34.222],[24.157,-27.401]],"c":false}]}],"ix":2},"nm":"Path 1","mn":"ADBE Vector Shape - Group","hd":false},{"ty":"st","c":{"a":0,"k":[1,1,1,1],"ix":3},"o":{"a":0,"k":100,"ix":4},"w":{"a":0,"k":16,"ix":5,"x":"var $bm_rt;\n$bm_rt = thisComp.layer('Main Stroke width - Color Ctrl').effect('Stroke width')('Slider');"},"lc":2,"lj":2,"bm":0,"nm":"Stroke 1","mn":"ADBE Vector Graphic - Stroke","hd":false},{"ty":"tr","p":{"a":0,"k":[0,0],"ix":2},"a":{"a":0,"k":[0,0],"ix":1},"s":{"a":0,"k":[100,100],"ix":3},"r":{"a":0,"k":0,"ix":6},"o":{"a":0,"k":100,"ix":7},"sk":{"a":0,"k":0,"ix":4},"sa":{"a":0,"k":0,"ix":5},"nm":"Transform"}],"nm":"Group 1","np":2,"cix":2,"bm":0,"ix":1,"mn":"ADBE Vector Group","hd":false},{"ty":"tr","p":{"a":0,"k":[343.213,152.894],"ix":2},"a":{"a":0,"k":[0,0],"ix":1},"s":{"a":0,"k":[100,100],"ix":3},"r":{"a":0,"k":0,"ix":6},"o":{"a":0,"k":100,"ix":7},"sk":{"a":0,"k":0,"ix":4},"sa":{"a":0,"k":0,"ix":5},"nm":"Transform"}],"nm":"Group 2","np":1,"cix":2,"bm":0,"ix":2,"mn":"ADBE Vector Group","hd":false},{"ty":"gr","it":[{"ind":0,"ty":"sh","ix":1,"ks":{"a":1,"k":[{"i":{"x":0.667,"y":1},"o":{"x":0.333,"y":0},"t":15,"s":[{"i":[[51.541,0],[0,-51.541],[-5.167,-11.594],[0,0],[0,0],[-13.304,0],[0,51.541]],"o":[[-51.541,0],[0,13.513],[0,0],[0,0],[11.453,5.017],[51.541,0],[0,-51.541]],"v":[[7.777,-101.101],[-85.547,-7.777],[-77.447,30.139],[-101.101,101.101],[-29.609,77.702],[7.777,85.547],[101.101,-7.777]],"c":true}]},{"i":{"x":0.667,"y":1},"o":{"x":0.333,"y":0},"t":21,"s":[{"i":[[51.541,0],[0,-51.541],[-9.426,-14.026],[0,0],[0,0],[-13.304,0],[0,51.541]],"o":[[-51.541,0],[0,13.513],[0,0],[0,0],[13.265,9.756],[51.541,0],[0,-51.541]],"v":[[7.777,-101.101],[-85.547,-7.777],[-73.467,36.09],[-87.009,106.969],[-32.054,75.052],[7.777,85.547],[101.101,-7.777]],"c":true}]},{"i":{"x":0.667,"y":1},"o":{"x":0.333,"y":0},"t":27,"s":[{"i":[[51.541,0],[0,-51.541],[-5.167,-11.594],[0,0],[0,0],[-13.304,0],[0,51.541]],"o":[[-51.541,0],[0,13.513],[0,0],[0,0],[12.396,8.937],[51.541,0],[0,-51.541]],"v":[[7.777,-101.101],[-85.547,-7.777],[-72.691,34.217],[-101.736,92.081],[-32.69,72.958],[7.777,85.547],[101.101,-7.777]],"c":true}]},{"t":35,"s":[{"i":[[51.541,0],[0,-51.541],[-5.167,-11.594],[0,0],[0,0],[-13.304,0],[0,51.541]],"o":[[-51.541,0],[0,13.513],[0,0],[0,0],[11.453,5.017],[51.541,0],[0,-51.541]],"v":[[7.777,-101.101],[-85.547,-7.777],[-77.447,30.139],[-101.101,101.101],[-29.609,77.702],[7.777,85.547],[101.101,-7.777]],"c":true}]}],"ix":2},"nm":"Path 1","mn":"ADBE Vector Shape - Group","hd":false},{"ty":"st","c":{"a":0,"k":[0.019607843831,0.164705887437,0.458823531866,1],"ix":3,"x":"var $bm_rt;\n$bm_rt = thisComp.layer('Main Stroke width - Color Ctrl').effect('color')('Color');"},"o":{"a":0,"k":100,"ix":4},"w":{"a":0,"k":16,"ix":5,"x":"var $bm_rt;\n$bm_rt = thisComp.layer('Main Stroke width - Color Ctrl').effect('Stroke width')('Slider');"},"lc":2,"lj":2,"bm":0,"nm":"Stroke 1","mn":"ADBE Vector Graphic - Stroke","hd":false},{"ty":"tr","p":{"a":0,"k":[235.625,265.976],"ix":2},"a":{"a":0,"k":[-100.699,102.301],"ix":1},"s":{"a":0,"k":[100,100],"ix":3},"r":{"a":0,"k":0,"ix":6},"o":{"a":0,"k":100,"ix":7},"sk":{"a":0,"k":0,"ix":4},"sa":{"a":0,"k":0,"ix":5},"nm":"Transform"}],"nm":"Group 3","np":2,"cix":2,"bm":0,"ix":3,"mn":"ADBE Vector Group","hd":false}],"ip":0,"op":37,"st":0,"ct":1,"bm":0},{"ddd":0,"ind":3,"ty":4,"nm":"Phone","parent":1,"sr":1,"ks":{"o":{"a":0,"k":100,"ix":11},"r":{"a":1,"k":[{"i":{"x":[0.667],"y":[1]},"o":{"x":[0.333],"y":[0]},"t":3,"s":[0]},{"i":{"x":[0.667],"y":[1]},"o":{"x":[0.333],"y":[0]},"t":6,"s":[-7]},{"i":{"x":[0.667],"y":[1]},"o":{"x":[0.333],"y":[0]},"t":9,"s":[8]},{"i":{"x":[0.667],"y":[1]},"o":{"x":[0.333],"y":[0]},"t":12,"s":[-4]},{"i":{"x":[0.667],"y":[1]},"o":{"x":[0.333],"y":[0]},"t":15,"s":[2]},{"i":{"x":[0.667],"y":[1]},"o":{"x":[0.167],"y":[0]},"t":18,"s":[0]},{"i":{"x":[0.667],"y":[1]},"o":{"x":[0.333],"y":[0]},"t":21,"s":[2]},{"i":{"x":[0.667],"y":[1]},"o":{"x":[0.167],"y":[0]},"t":24,"s":[0]},{"t":27,"s":[0]}],"ix":10},"p":{"a":0,"k":[-8.514,115.514,0],"ix":2,"l":2},"a":{"a":0,"k":[191.486,315.514,0],"ix":1,"l":2},"s":{"a":0,"k":[100,100,100],"ix":6,"l":2}},"ao":0,"shapes":[{"ty":"gr","it":[{"ind":0,"ty":"sh","ix":1,"ks":{"a":0,"k":{"i":[[0,0],[10.788,2.935],[24.217,24.217],[5.03,18.486],[-7.906,7.906],[0,0],[9.111,9.111],[0,0],[9.111,-9.111],[0,0],[-5.91,-21.646],[-48.317,-48.317],[-36.965,-10.093],[-15.866,15.867],[0,0],[9.111,9.111],[0,0],[9.111,-9.111]],"o":[[-7.906,7.906],[-18.486,-5.03],[-24.217,-24.217],[-2.935,-10.788],[0,0],[9.111,-9.111],[0,0],[-9.111,-9.111],[0,0],[-15.867,15.866],[10.093,36.965],[48.317,48.317],[21.646,5.91],[0,0],[9.111,-9.111],[0,0],[-9.111,-9.111],[0,0]],"v":[[63.433,68.547],[33.245,76.577],[-36.393,36.393],[-76.577,-33.245],[-68.547,-63.433],[-41.892,-90.088],[-41.892,-123.083],[-74.887,-156.078],[-107.882,-156.078],[-144.709,-119.251],[-160.682,-58.622],[-80.386,80.386],[58.622,160.682],[119.251,144.709],[156.078,107.882],[156.078,74.887],[123.083,41.892],[90.088,41.892]],"c":true},"ix":2},"nm":"Path 1","mn":"ADBE Vector Shape - Group","hd":false},{"ty":"st","c":{"a":0,"k":[0.019607843831,0.164705887437,0.458823531866,1],"ix":3,"x":"var $bm_rt;\n$bm_rt = thisComp.layer('Main Stroke width - Color Ctrl').effect('color')('Color');"},"o":{"a":0,"k":100,"ix":4},"w":{"a":0,"k":16,"ix":5,"x":"var $bm_rt;\n$bm_rt = thisComp.layer('Main Stroke width - Color Ctrl').effect('Stroke width')('Slider');"},"lc":2,"lj":2,"bm":0,"nm":"Stroke 1","mn":"ADBE Vector Graphic - Stroke","hd":false},{"ty":"tr","p":{"a":0,"k":[225.486,274.514],"ix":2},"a":{"a":0,"k":[0,0],"ix":1},"s":{"a":0,"k":[100,100],"ix":3},"r":{"a":0,"k":0,"ix":6},"o":{"a":0,"k":100,"ix":7},"sk":{"a":0,"k":0,"ix":4},"sa":{"a":0,"k":0,"ix":5},"nm":"Transform"}],"nm":"Group 1","np":2,"cix":2,"bm":0,"ix":1,"mn":"ADBE Vector Group","hd":false}],"ip":0,"op":37,"st":0,"ct":1,"bm":0},{"ddd":0,"ind":4,"ty":4,"nm":"fill 2","parent":2,"sr":1,"ks":{"o":{"a":0,"k":100,"ix":11},"r":{"a":0,"k":0,"ix":10},"p":{"a":0,"k":[336.324,163.676,0],"ix":2,"l":2},"a":{"a":0,"k":[336.324,163.676,0],"ix":1,"l":2},"s":{"a":0,"k":[100,100,100],"ix":6,"l":2}},"ao":0,"shapes":[{"ty":"gr","it":[{"ind":0,"ty":"sh","ix":1,"ks":{"a":1,"k":[{"i":{"x":0.833,"y":1},"o":{"x":0.167,"y":0},"t":15,"s":[{"i":[[-11.597,4.628],[32.727,0],[11.452,5.018],[0,0],[0,0],[0,13.517],[-22.843,17.006],[0,-11.062],[-55.998,0]],"o":[[-16.654,25.497],[-13.303,0],[0,0],[0,0],[-5.171,-11.597],[0,-30.669],[-3.274,9.96],[0,55.99],[13.25,0]],"v":[[93.521,33.993],[15.354,76.336],[-22.032,68.486],[-93.521,91.888],[-69.868,20.926],[-77.969,-16.994],[-40.331,-91.888],[-45.372,-60.225],[56.013,41.161]],"c":true}]},{"i":{"x":0.833,"y":1},"o":{"x":0.167,"y":0},"t":21,"s":[{"i":[[-11.597,4.628],[32.727,0],[11.452,5.018],[0,0],[0,0],[0,13.517],[-22.843,17.006],[0,-11.062],[-55.998,0]],"o":[[-16.654,25.497],[-13.303,0],[0,0],[0,0],[-5.171,-11.597],[0,-30.669],[-3.274,9.96],[0,55.99],[13.25,0]],"v":[[93.521,33.993],[15.354,76.336],[-22.032,68.486],[-78.339,95.052],[-69.868,20.926],[-77.969,-16.994],[-40.331,-91.888],[-45.372,-60.225],[56.013,41.161]],"c":true}]},{"i":{"x":0.833,"y":1},"o":{"x":0.167,"y":0},"t":27,"s":[{"i":[[-11.597,4.628],[32.727,0],[11.452,5.018],[0,0],[0,0],[0,13.517],[-22.843,17.006],[0,-11.062],[-55.998,0]],"o":[[-16.654,25.497],[-13.303,0],[0,0],[0,0],[-5.171,-11.597],[0,-30.669],[-3.274,9.96],[0,55.99],[13.25,0]],"v":[[93.521,33.993],[15.354,76.336],[-22.032,68.486],[-89.435,79.914],[-69.868,20.926],[-77.969,-16.994],[-40.331,-91.888],[-45.372,-60.225],[56.013,41.161]],"c":true}]},{"t":35,"s":[{"i":[[-11.597,4.628],[32.727,0],[11.452,5.018],[0,0],[0,0],[0,13.517],[-22.843,17.006],[0,-11.062],[-55.998,0]],"o":[[-16.654,25.497],[-13.303,0],[0,0],[0,0],[-5.171,-11.597],[0,-30.669],[-3.274,9.96],[0,55.99],[13.25,0]],"v":[[93.521,33.993],[15.354,76.336],[-22.032,68.486],[-93.521,91.888],[-69.868,20.926],[-77.969,-16.994],[-40.331,-91.888],[-45.372,-60.225],[56.013,41.161]],"c":true}]}],"ix":2},"nm":"Path 1","mn":"ADBE Vector Shape - Group","hd":false},{"ty":"fl","c":{"a":0,"k":[0.992156863213,0.560784339905,0.003921568859,1],"ix":4},"o":{"a":0,"k":100,"ix":5},"r":1,"bm":0,"nm":"Fill 1","mn":"ADBE Vector Graphic - Fill","hd":false},{"ty":"tr","p":{"a":0,"k":[328.748,172.889],"ix":2},"a":{"a":0,"k":[0,0],"ix":1},"s":{"a":0,"k":[100,100],"ix":3},"r":{"a":0,"k":0,"ix":6},"o":{"a":0,"k":100,"ix":7},"sk":{"a":0,"k":0,"ix":4},"sa":{"a":0,"k":0,"ix":5},"nm":"Transform"}],"nm":"Group 1","np":2,"cix":2,"bm":0,"ix":1,"mn":"ADBE Vector Group","hd":false},{"ty":"gr","it":[{"ind":0,"ty":"sh","ix":1,"ks":{"a":1,"k":[{"i":{"x":0.833,"y":1},"o":{"x":0.167,"y":0},"t":15,"s":[{"i":[[51.542,0],[0,-51.542],[-5.167,-11.594],[0,0],[0,0],[-13.304,0],[0,51.541]],"o":[[-51.541,0],[0,13.513],[0,0],[0,0],[11.453,5.017],[51.542,0],[0,-51.542]],"v":[[7.777,-101.101],[-85.547,-7.777],[-77.447,30.139],[-101.101,101.101],[-29.609,77.702],[7.777,85.547],[101.101,-7.777]],"c":true}]},{"i":{"x":0.833,"y":1},"o":{"x":0.167,"y":0},"t":21,"s":[{"i":[[51.541,0],[0,-51.542],[-5.167,-11.594],[0,0],[0,0],[-13.304,0],[0,51.541]],"o":[[-51.541,0],[0,13.513],[0,0],[0,0],[11.453,5.017],[51.541,0],[0,-51.542]],"v":[[7.777,-101.101],[-85.547,-7.777],[-77.447,30.139],[-85.919,104.265],[-29.609,77.702],[7.777,85.547],[101.101,-7.777]],"c":true}]},{"i":{"x":0.833,"y":1},"o":{"x":0.167,"y":0},"t":27,"s":[{"i":[[51.541,0],[0,-51.542],[-5.167,-11.594],[0,0],[0,0],[-13.304,0],[0,51.541]],"o":[[-51.541,0],[0,13.513],[0,0],[0,0],[11.453,5.017],[51.541,0],[0,-51.542]],"v":[[7.777,-101.101],[-85.547,-7.777],[-77.447,30.139],[-97.014,89.127],[-29.609,77.702],[7.777,85.547],[101.101,-7.777]],"c":true}]},{"t":35,"s":[{"i":[[51.542,0],[0,-51.542],[-5.167,-11.594],[0,0],[0,0],[-13.304,0],[0,51.541]],"o":[[-51.541,0],[0,13.513],[0,0],[0,0],[11.453,5.017],[51.542,0],[0,-51.542]],"v":[[7.777,-101.101],[-85.547,-7.777],[-77.447,30.139],[-101.101,101.101],[-29.609,77.702],[7.777,85.547],[101.101,-7.777]],"c":true}]}],"ix":2},"nm":"Path 1","mn":"ADBE Vector Shape - Group","hd":false},{"ty":"fl","c":{"a":0,"k":[0.992156863213,0.796078443527,0.313725501299,1],"ix":4},"o":{"a":0,"k":100,"ix":5},"r":1,"bm":0,"nm":"Fill 1","mn":"ADBE Vector Graphic - Fill","hd":false},{"ty":"tr","p":{"a":0,"k":[336.324,163.675],"ix":2},"a":{"a":0,"k":[0,0],"ix":1},"s":{"a":0,"k":[100,100],"ix":3},"r":{"a":0,"k":0,"ix":6},"o":{"a":0,"k":100,"ix":7},"sk":{"a":0,"k":0,"ix":4},"sa":{"a":0,"k":0,"ix":5},"nm":"Transform"}],"nm":"Group 2","np":2,"cix":2,"bm":0,"ix":2,"mn":"ADBE Vector Group","hd":false}],"ip":0,"op":37,"st":0,"ct":1,"bm":0},{"ddd":0,"ind":5,"ty":4,"nm":"fill 1","parent":3,"sr":1,"ks":{"o":{"a":0,"k":100,"ix":11},"r":{"a":0,"k":0,"ix":10},"p":{"a":0,"k":[225.487,274.514,0],"ix":2,"l":2},"a":{"a":0,"k":[225.487,274.514,0],"ix":1,"l":2},"s":{"a":0,"k":[100,100,100],"ix":6,"l":2}},"ao":0,"shapes":[{"ty":"gr","it":[{"ind":0,"ty":"sh","ix":1,"ks":{"a":0,"k":{"i":[[9.111,-9.111],[0,0],[0,0],[0,0],[0,0],[-9.111,-9.111],[0,0]],"o":[[0,0],[0,0],[0,0],[0,0],[9.111,-9.111],[0,0],[9.111,9.111]],"v":[[37.828,28.168],[21.335,44.662],[21.32,44.662],[-44.662,-21.32],[-28.161,-37.828],[4.834,-37.828],[37.828,-4.826]],"c":true},"ix":2},"nm":"Path 1","mn":"ADBE Vector Shape - Group","hd":false},{"ty":"fl","c":{"a":0,"k":[0.407843142748,0.392156869173,0.96862745285,1],"ix":4},"o":{"a":0,"k":100,"ix":5},"r":1,"bm":0,"nm":"Fill 1","mn":"ADBE Vector Graphic - Fill","hd":false},{"ty":"tr","p":{"a":0,"k":[343.736,354.23],"ix":2},"a":{"a":0,"k":[0,0],"ix":1},"s":{"a":0,"k":[100,100],"ix":3},"r":{"a":0,"k":0,"ix":6},"o":{"a":0,"k":100,"ix":7},"sk":{"a":0,"k":0,"ix":4},"sa":{"a":0,"k":0,"ix":5},"nm":"Transform"}],"nm":"Group 1","np":2,"cix":2,"bm":0,"ix":1,"mn":"ADBE Vector Group","hd":false},{"ty":"gr","it":[{"ind":0,"ty":"sh","ix":1,"ks":{"a":0,"k":{"i":[[9.111,-9.111],[0,0],[0,0],[0,0],[0,0],[-9.111,-9.111],[0,0]],"o":[[0,0],[0,0],[0,0],[0,0],[9.111,-9.111],[0,0],[9.111,9.111]],"v":[[37.836,28.195],[21.564,44.467],[21.243,44.627],[-44.669,-21.285],[-28.161,-37.794],[4.834,-37.794],[37.836,-4.799]],"c":true},"ix":2},"nm":"Path 1","mn":"ADBE Vector Shape - Group","hd":false},{"ty":"fl","c":{"a":0,"k":[0.407843142748,0.392156869173,0.96862745285,1],"ix":4},"o":{"a":0,"k":100,"ix":5},"r":1,"bm":0,"nm":"Fill 1","mn":"ADBE Vector Graphic - Fill","hd":false},{"ty":"tr","p":{"a":0,"k":[145.762,156.229],"ix":2},"a":{"a":0,"k":[0,0],"ix":1},"s":{"a":0,"k":[100,100],"ix":3},"r":{"a":0,"k":0,"ix":6},"o":{"a":0,"k":100,"ix":7},"sk":{"a":0,"k":0,"ix":4},"sa":{"a":0,"k":0,"ix":5},"nm":"Transform"}],"nm":"Group 2","np":2,"cix":2,"bm":0,"ix":2,"mn":"ADBE Vector Group","hd":false},{"ty":"gr","it":[{"ind":0,"ty":"sh","ix":1,"ks":{"a":0,"k":{"i":[[9.111,-9.111],[0,0],[21.642,5.906],[48.318,48.317],[6.388,7.841],[-34.303,0],[-12.653,2.463],[-0.727,-0.199],[-7.902,7.902],[0,0],[0,0],[-8.316,-3.152],[-2.417,-2.417],[0,0]],"o":[[0,0],[-15.866,15.866],[-36.965,-10.098],[-7.658,-7.658],[26.79,14.32],[13.564,0],[0.75,0.214],[10.794,2.938],[0,0],[0,0],[6.694,-6.694],[3.006,1.117],[0,0],[9.111,9.111]],"v":[[125.337,8.899],[88.51,45.726],[27.883,61.699],[-111.125,-18.603],[-132.17,-41.904],[-39.131,-19.268],[0.29,-23.032],[2.501,-22.412],[32.688,-30.437],[35.663,-33.413],[59.348,-57.098],[84.103,-62.414],[92.342,-57.098],[125.337,-24.095]],"c":true},"ix":2},"nm":"Path 1","mn":"ADBE Vector Shape - Group","hd":false},{"ty":"fl","c":{"a":0,"k":[0.152941182256,0.635294139385,0.800000011921,1],"ix":4},"o":{"a":0,"k":100,"ix":5},"r":1,"bm":0,"nm":"Fill 1","mn":"ADBE Vector Graphic - Fill","hd":false},{"ty":"tr","p":{"a":0,"k":[256.228,373.499],"ix":2},"a":{"a":0,"k":[0,0],"ix":1},"s":{"a":0,"k":[100,100],"ix":3},"r":{"a":0,"k":0,"ix":6},"o":{"a":0,"k":100,"ix":7},"sk":{"a":0,"k":0,"ix":4},"sa":{"a":0,"k":0,"ix":5},"nm":"Transform"}],"nm":"Group 3","np":2,"cix":2,"bm":0,"ix":3,"mn":"ADBE Vector Group","hd":false},{"ty":"gr","it":[{"ind":0,"ty":"sh","ix":1,"ks":{"a":0,"k":{"i":[[0,0],[10.788,2.935],[24.217,24.217],[5.03,18.486],[-7.906,7.906],[0,0],[9.111,9.111],[0,0],[9.111,-9.111],[0,0],[-5.91,-21.646],[-48.317,-48.317],[-36.965,-10.093],[-15.866,15.867],[0,0],[9.111,9.111],[0,0],[9.111,-9.111]],"o":[[-7.906,7.906],[-18.486,-5.03],[-24.217,-24.217],[-2.935,-10.788],[0,0],[9.111,-9.111],[0,0],[-9.111,-9.111],[0,0],[-15.867,15.866],[10.093,36.965],[48.317,48.317],[21.646,5.91],[0,0],[9.111,-9.111],[0,0],[-9.111,-9.111],[0,0]],"v":[[63.433,68.547],[33.245,76.577],[-36.393,36.393],[-76.577,-33.245],[-68.547,-63.433],[-41.892,-90.088],[-41.892,-123.083],[-74.887,-156.078],[-107.882,-156.078],[-144.709,-119.251],[-160.682,-58.622],[-80.386,80.386],[58.622,160.682],[119.251,144.709],[156.078,107.882],[156.078,74.887],[123.083,41.892],[90.088,41.892]],"c":true},"ix":2},"nm":"Path 1","mn":"ADBE Vector Shape - Group","hd":false},{"ty":"fl","c":{"a":0,"k":[0.403921574354,0.800000011921,0.819607853889,1],"ix":4},"o":{"a":0,"k":100,"ix":5},"r":1,"bm":0,"nm":"Fill 1","mn":"ADBE Vector Graphic - Fill","hd":false},{"ty":"tr","p":{"a":0,"k":[225.486,274.514],"ix":2},"a":{"a":0,"k":[0,0],"ix":1},"s":{"a":0,"k":[100,100],"ix":3},"r":{"a":0,"k":0,"ix":6},"o":{"a":0,"k":100,"ix":7},"sk":{"a":0,"k":0,"ix":4},"sa":{"a":0,"k":0,"ix":5},"nm":"Transform"}],"nm":"Group 4","np":2,"cix":2,"bm":0,"ix":4,"mn":"ADBE Vector Group","hd":false}],"ip":0,"op":37,"st":0,"ct":1,"bm":0},{"ddd":0,"ind":6,"ty":3,"nm":"Zero | troke width - Color Ctrl","sr":1,"ks":{"o":{"a":0,"k":0,"ix":11},"r":{"a":0,"k":0,"ix":10},"p":{"a":0,"k":[250,250,0],"ix":2,"l":2},"a":{"a":0,"k":[0,0,0],"ix":1,"l":2},"s":{"a":0,"k":[100,100,100],"ix":6,"l":2}},"ao":0,"ip":0,"op":37,"st":0,"bm":0}],"markers":[]}