{"v":"4.8.0","meta":{"g":"LottieFiles AE 3.5.3","a":"","k":"","d":"","tc":""},"fr":60,"ip":0,"op":102,"w":500,"h":500,"nm":"10 Discount bag","ddd":0,"assets":[],"layers":[{"ddd":0,"ind":1,"ty":3,"nm":"Main Stroke width - Color Ctrl","parent":6,"sr":1,"ks":{"o":{"a":0,"k":0,"ix":11},"r":{"a":0,"k":0,"ix":10},"p":{"a":0,"k":[-3,-6,0],"ix":2},"a":{"a":0,"k":[50,50,0],"ix":1},"s":{"a":0,"k":[100,100,100],"ix":6}},"ao":0,"ef":[{"ty":5,"nm":"Stroke width","np":3,"mn":"ADBE Slider Control","ix":1,"en":1,"ef":[{"ty":0,"nm":"Slider","mn":"ADBE Slider Control-0001","ix":1,"v":{"a":0,"k":16,"ix":1}}]},{"ty":5,"nm":"Base Color","np":3,"mn":"ADBE Color Control","ix":2,"en":1,"ef":[{"ty":2,"nm":"Color","mn":"ADBE Color Control-0001","ix":1,"v":{"a":0,"k":[0.019607843831,0.164705887437,0.458823531866,1],"ix":1}}]},{"ty":5,"nm":"Highlight","np":3,"mn":"ADBE Color Control","ix":3,"en":1,"ef":[{"ty":2,"nm":"Color","mn":"ADBE Color Control-0001","ix":1,"v":{"a":0,"k":[0.403921574354,0.800000011921,0.819607853889,1],"ix":1}}]}],"ip":0,"op":102,"st":0,"bm":0},{"ddd":0,"ind":2,"ty":4,"nm":"Expression","sr":1,"ks":{"o":{"a":0,"k":100,"ix":11},"r":{"a":0,"k":0,"ix":10},"p":{"a":0,"k":[250,250,0],"ix":2},"a":{"a":0,"k":[0,0,0],"ix":1},"s":{"a":0,"k":[100,100,100],"ix":6}},"ao":0,"shapes":[{"ty":"gr","it":[{"ind":0,"ty":"sh","ix":1,"ks":{"a":0,"k":{"i":[[0,0],[0,0]],"o":[[0,0],[0,0]],"v":[[173.066,-76.676],[85.862,-76.676]],"c":false},"ix":2},"nm":"Path 1","mn":"ADBE Vector Shape - Group","hd":false},{"ty":"st","c":{"a":0,"k":[0.858824008119,0.431372997808,0.188234994926,1],"ix":3,"x":"var $bm_rt;\n$bm_rt = thisComp.layer('Main Stroke width - Color Ctrl').effect('Highlight')('Color');"},"o":{"a":0,"k":100,"ix":4},"w":{"a":0,"k":16,"ix":5,"x":"var $bm_rt;\n$bm_rt = thisComp.layer('Main Stroke width - Color Ctrl').effect('Stroke width')('Slider');"},"lc":2,"lj":1,"ml":4,"bm":0,"nm":"Stroke 1","mn":"ADBE Vector Graphic - Stroke","hd":false},{"ty":"tr","p":{"a":0,"k":[-280,0],"ix":2},"a":{"a":0,"k":[0,0],"ix":1},"s":{"a":0,"k":[100,100],"ix":3},"r":{"a":0,"k":0,"ix":6},"o":{"a":0,"k":100,"ix":7},"sk":{"a":0,"k":0,"ix":4},"sa":{"a":0,"k":0,"ix":5},"nm":"Transform"}],"nm":"Shape 4","np":2,"cix":2,"bm":0,"ix":1,"mn":"ADBE Vector Group","hd":false},{"ty":"gr","it":[{"ind":0,"ty":"sh","ix":1,"ks":{"a":0,"k":{"i":[[0,0],[0,0]],"o":[[0,0],[0,0]],"v":[[180.295,-95.844],[118.633,-157.507]],"c":false},"ix":2},"nm":"Path 1","mn":"ADBE Vector Shape - Group","hd":false},{"ty":"st","c":{"a":0,"k":[0.858824008119,0.431372997808,0.188234994926,1],"ix":3,"x":"var $bm_rt;\n$bm_rt = thisComp.layer('Main Stroke width - Color Ctrl').effect('Highlight')('Color');"},"o":{"a":0,"k":100,"ix":4},"w":{"a":0,"k":16,"ix":5,"x":"var $bm_rt;\n$bm_rt = thisComp.layer('Main Stroke width - Color Ctrl').effect('Stroke width')('Slider');"},"lc":2,"lj":1,"ml":4,"bm":0,"nm":"Stroke 1","mn":"ADBE Vector Graphic - Stroke","hd":false},{"ty":"tr","p":{"a":0,"k":[-280,0],"ix":2},"a":{"a":0,"k":[0,0],"ix":1},"s":{"a":0,"k":[100,100],"ix":3},"r":{"a":0,"k":0,"ix":6},"o":{"a":0,"k":100,"ix":7},"sk":{"a":0,"k":0,"ix":4},"sa":{"a":0,"k":0,"ix":5},"nm":"Transform"}],"nm":"Shape 3","np":2,"cix":2,"bm":0,"ix":2,"mn":"ADBE Vector Group","hd":false},{"ty":"gr","it":[{"ind":0,"ty":"sh","ix":1,"ks":{"a":0,"k":{"i":[[0,0],[0,0]],"o":[[0,0],[0,0]],"v":[[120.607,-73.056],[207.811,-73.056]],"c":false},"ix":2},"nm":"Path 1","mn":"ADBE Vector Shape - Group","hd":false},{"ty":"st","c":{"a":0,"k":[0.858824008119,0.431372997808,0.188234994926,1],"ix":3,"x":"var $bm_rt;\n$bm_rt = thisComp.layer('Main Stroke width - Color Ctrl').effect('Highlight')('Color');"},"o":{"a":0,"k":100,"ix":4},"w":{"a":0,"k":16,"ix":5,"x":"var $bm_rt;\n$bm_rt = thisComp.layer('Main Stroke width - Color Ctrl').effect('Stroke width')('Slider');"},"lc":2,"lj":1,"ml":4,"bm":0,"nm":"Stroke 1","mn":"ADBE Vector Graphic - Stroke","hd":false},{"ty":"tr","p":{"a":0,"k":[0,0],"ix":2},"a":{"a":0,"k":[0,0],"ix":1},"s":{"a":0,"k":[100,100],"ix":3},"r":{"a":0,"k":0,"ix":6},"o":{"a":0,"k":100,"ix":7},"sk":{"a":0,"k":0,"ix":4},"sa":{"a":0,"k":0,"ix":5},"nm":"Transform"}],"nm":"Shape 2","np":2,"cix":2,"bm":0,"ix":3,"mn":"ADBE Vector Group","hd":false},{"ty":"gr","it":[{"ind":0,"ty":"sh","ix":1,"ks":{"a":0,"k":{"i":[[0,0],[0,0]],"o":[[0,0],[0,0]],"v":[[118.633,-95.844],[180.295,-157.507]],"c":false},"ix":2},"nm":"Path 1","mn":"ADBE Vector Shape - Group","hd":false},{"ty":"st","c":{"a":0,"k":[0.858824008119,0.431372997808,0.188234994926,1],"ix":3,"x":"var $bm_rt;\n$bm_rt = thisComp.layer('Main Stroke width - Color Ctrl').effect('Highlight')('Color');"},"o":{"a":0,"k":100,"ix":4},"w":{"a":0,"k":16,"ix":5,"x":"var $bm_rt;\n$bm_rt = thisComp.layer('Main Stroke width - Color Ctrl').effect('Stroke width')('Slider');"},"lc":2,"lj":1,"ml":4,"bm":0,"nm":"Stroke 1","mn":"ADBE Vector Graphic - Stroke","hd":false},{"ty":"tr","p":{"a":0,"k":[0,0],"ix":2},"a":{"a":0,"k":[0,0],"ix":1},"s":{"a":0,"k":[100,100],"ix":3},"r":{"a":0,"k":0,"ix":6},"o":{"a":0,"k":100,"ix":7},"sk":{"a":0,"k":0,"ix":4},"sa":{"a":0,"k":0,"ix":5},"nm":"Transform"}],"nm":"Shape 1","np":2,"cix":2,"bm":0,"ix":4,"mn":"ADBE Vector Group","hd":false},{"ty":"tm","s":{"a":1,"k":[{"i":{"x":[0.667],"y":[1]},"o":{"x":[0.333],"y":[0]},"t":81,"s":[0]},{"t":101,"s":[100]}],"ix":1},"e":{"a":1,"k":[{"i":{"x":[0.667],"y":[1]},"o":{"x":[0.333],"y":[0]},"t":71,"s":[0]},{"t":91,"s":[100]}],"ix":2},"o":{"a":0,"k":0,"ix":3},"m":1,"ix":5,"nm":"Trim Paths 1","mn":"ADBE Vector Filter - Trim","hd":false}],"ip":71,"op":102,"st":71,"bm":0},{"ddd":0,"ind":3,"ty":4,"nm":"Circle ","parent":5,"sr":1,"ks":{"o":{"a":0,"k":100,"ix":11},"r":{"a":0,"k":0,"ix":10},"p":{"a":1,"k":[{"i":{"x":0.034,"y":1},"o":{"x":0.048,"y":0},"t":10,"s":[296.867,318.501,0],"to":[-3.572,-1.063,0],"ti":[0,0,0]},{"i":{"x":0.986,"y":1},"o":{"x":0.753,"y":0},"t":30,"s":[275.434,312.126,0],"to":[0,0,0],"ti":[-3.572,-1.063,0]},{"t":60,"s":[296.867,318.501,0]}],"ix":2},"a":{"a":0,"k":[158.265,158.265,0],"ix":1},"s":{"a":0,"k":[100,100,100],"ix":6}},"ao":0,"shapes":[{"ty":"gr","it":[{"ind":0,"ty":"sh","ix":1,"ks":{"a":1,"k":[{"i":{"x":0.667,"y":1},"o":{"x":0.333,"y":0},"t":0,"s":[{"i":[[0,0],[0,0]],"o":[[0,0],[0,0]],"v":[[175.76,189.765],[175.765,189.765]],"c":false}]},{"i":{"x":0.258,"y":1},"o":{"x":0.032,"y":0},"t":10,"s":[{"i":[[0,0],[0,0]],"o":[[0,0],[0,0]],"v":[[177.297,193.323],[177.303,193.323]],"c":false}]},{"i":{"x":0.986,"y":1},"o":{"x":0.753,"y":0},"t":30,"s":[{"i":[[0,0],[0,0]],"o":[[0,0],[0,0]],"v":[[172.423,183.522],[172.428,183.522]],"c":false}]},{"i":{"x":0.667,"y":1},"o":{"x":0.333,"y":0},"t":60,"s":[{"i":[[0,0],[0,0]],"o":[[0,0],[0,0]],"v":[[178.35,202.966],[178.356,202.966]],"c":false}]},{"t":80,"s":[{"i":[[0,0],[0,0]],"o":[[0,0],[0,0]],"v":[[175.76,189.765],[175.765,189.765]],"c":false}]}],"ix":2},"nm":"Path 1","mn":"ADBE Vector Shape - Group","hd":false},{"ty":"st","c":{"a":0,"k":[1,1,1,1],"ix":3},"o":{"a":0,"k":100,"ix":4},"w":{"a":0,"k":15.4,"ix":5,"x":"var $bm_rt;\n$bm_rt = thisComp.layer('Main Stroke width - Color Ctrl').effect('Stroke width')('Slider');"},"lc":2,"lj":2,"bm":0,"nm":"Stroke 1","mn":"ADBE Vector Graphic - Stroke","hd":false},{"ty":"tr","p":{"a":0,"k":[0,0],"ix":2},"a":{"a":0,"k":[0,0],"ix":1},"s":{"a":0,"k":[100,100],"ix":3},"r":{"a":0,"k":0,"ix":6},"o":{"a":0,"k":100,"ix":7},"sk":{"a":0,"k":0,"ix":4},"sa":{"a":0,"k":0,"ix":5},"nm":"Transform"}],"nm":"Group 1","np":2,"cix":2,"bm":0,"ix":1,"mn":"ADBE Vector Group","hd":false},{"ty":"gr","it":[{"ind":0,"ty":"sh","ix":1,"ks":{"a":1,"k":[{"i":{"x":0.667,"y":1},"o":{"x":0.333,"y":0},"t":0,"s":[{"i":[[0,0],[0,0]],"o":[[0,0],[0,0]],"v":[[140.765,126.766],[140.77,126.766]],"c":false}]},{"i":{"x":0.258,"y":1},"o":{"x":0.032,"y":0},"t":10,"s":[{"i":[[0,0],[0,0]],"o":[[0,0],[0,0]],"v":[[139.688,136.145],[139.693,136.145]],"c":false}]},{"i":{"x":0.986,"y":1},"o":{"x":0.753,"y":0},"t":30,"s":[{"i":[[0,0],[0,0]],"o":[[0,0],[0,0]],"v":[[142.536,113.581],[142.54,113.581]],"c":false}]},{"i":{"x":0.667,"y":1},"o":{"x":0.333,"y":0},"t":60,"s":[{"i":[[0,0],[0,0]],"o":[[0,0],[0,0]],"v":[[136.72,161.568],[136.726,161.568]],"c":false}]},{"t":80,"s":[{"i":[[0,0],[0,0]],"o":[[0,0],[0,0]],"v":[[140.765,126.766],[140.77,126.766]],"c":false}]}],"ix":2},"nm":"Path 1","mn":"ADBE Vector Shape - Group","hd":false},{"ty":"st","c":{"a":0,"k":[1,1,1,1],"ix":3},"o":{"a":0,"k":100,"ix":4},"w":{"a":0,"k":15.4,"ix":5,"x":"var $bm_rt;\n$bm_rt = thisComp.layer('Main Stroke width - Color Ctrl').effect('Stroke width')('Slider');"},"lc":2,"lj":2,"bm":0,"nm":"Stroke 1","mn":"ADBE Vector Graphic - Stroke","hd":false},{"ty":"tr","p":{"a":0,"k":[0,0],"ix":2},"a":{"a":0,"k":[0,0],"ix":1},"s":{"a":0,"k":[100,100],"ix":3},"r":{"a":0,"k":0,"ix":6},"o":{"a":0,"k":100,"ix":7},"sk":{"a":0,"k":0,"ix":4},"sa":{"a":0,"k":0,"ix":5},"nm":"Transform"}],"nm":"Group 2","np":2,"cix":2,"bm":0,"ix":2,"mn":"ADBE Vector Group","hd":false},{"ty":"gr","it":[{"ind":0,"ty":"sh","ix":1,"ks":{"a":1,"k":[{"i":{"x":0.667,"y":1},"o":{"x":0.333,"y":0},"t":0,"s":[{"i":[[0,0],[0,0]],"o":[[0,0],[0,0]],"v":[[17.5,-31.5],[-17.5,31.5]],"c":false}]},{"i":{"x":0.258,"y":1},"o":{"x":0.032,"y":0},"t":10,"s":[{"i":[[0,0],[0,0]],"o":[[0,0],[0,0]],"v":[[19.038,-22.121],[-18.577,35.058]],"c":false}]},{"i":{"x":0.986,"y":1},"o":{"x":0.753,"y":0},"t":30,"s":[{"i":[[0,0],[0,0]],"o":[[0,0],[0,0]],"v":[[14.163,-44.685],[-15.728,25.257]],"c":false}]},{"i":{"x":0.667,"y":1},"o":{"x":0.333,"y":0},"t":60,"s":[{"i":[[0,0],[0,0]],"o":[[0,0],[0,0]],"v":[[20.092,3.303],[-21.545,44.701]],"c":false}]},{"t":80,"s":[{"i":[[0,0],[0,0]],"o":[[0,0],[0,0]],"v":[[17.5,-31.5],[-17.5,31.5]],"c":false}]}],"ix":2},"nm":"Path 1","mn":"ADBE Vector Shape - Group","hd":false},{"ty":"st","c":{"a":0,"k":[1,1,1,1],"ix":3},"o":{"a":0,"k":100,"ix":4},"w":{"a":0,"k":15.4,"ix":5,"x":"var $bm_rt;\n$bm_rt = thisComp.layer('Main Stroke width - Color Ctrl').effect('Stroke width')('Slider');"},"lc":2,"lj":2,"bm":0,"nm":"Stroke 1","mn":"ADBE Vector Graphic - Stroke","hd":false},{"ty":"tr","p":{"a":0,"k":[158.265,158.265],"ix":2},"a":{"a":0,"k":[0,0],"ix":1},"s":{"a":0,"k":[100,100],"ix":3},"r":{"a":0,"k":0,"ix":6},"o":{"a":0,"k":100,"ix":7},"sk":{"a":0,"k":0,"ix":4},"sa":{"a":0,"k":0,"ix":5},"nm":"Transform"}],"nm":"Group 3","np":2,"cix":2,"bm":0,"ix":3,"mn":"ADBE Vector Group","hd":false},{"ty":"gr","it":[{"ind":0,"ty":"sh","ix":1,"ks":{"a":1,"k":[{"i":{"x":0.667,"y":1},"o":{"x":0.333,"y":0},"t":0,"s":[{"i":[[-38.555,0],[0,38.555],[38.554,0],[0,-38.554]],"o":[[38.554,0],[0,-38.554],[-38.555,0],[0,38.555]],"v":[[0,70],[70,0],[0,-70],[-70,0]],"c":true}]},{"i":{"x":0.258,"y":1},"o":{"x":0.032,"y":0},"t":10,"s":[{"i":[[-41.436,0],[0,34.992],[41.435,0],[0,-34.991]],"o":[[41.435,0],[0,-34.991],[-41.436,0],[0,34.992]],"v":[[0.231,70],[75.461,6.469],[0.231,-57.063],[-75,6.469]],"c":true}]},{"i":{"x":0.986,"y":1},"o":{"x":0.753,"y":0},"t":30,"s":[{"i":[[-32.927,0],[0,42.804],[32.927,0],[0,-42.803]],"o":[[32.927,0],[0,-42.803],[-32.927,0],[0,42.804]],"v":[[-0.783,68],[59,-9.714],[-0.783,-87.427],[-60.565,-9.714]],"c":true}]},{"i":{"x":0.667,"y":1},"o":{"x":0.333,"y":0},"t":60,"s":[{"i":[[-45.866,0],[0,25.335],[45.865,0],[0,-25.334]],"o":[[45.865,0],[0,-25.334],[-45.866,0],[0,25.335]],"v":[[-0.726,70],[82.547,24.002],[-0.726,-21.996],[-84,24.002]],"c":true}]},{"t":80,"s":[{"i":[[-38.555,0],[0,38.555],[38.554,0],[0,-38.554]],"o":[[38.554,0],[0,-38.554],[-38.555,0],[0,38.555]],"v":[[0,70],[70,0],[0,-70],[-70,0]],"c":true}]}],"ix":2},"nm":"Path 1","mn":"ADBE Vector Shape - Group","hd":false},{"ty":"fl","c":{"a":0,"k":[0.992156922583,0.376470618154,0.313725490196,1],"ix":4},"o":{"a":0,"k":100,"ix":5},"r":1,"bm":0,"nm":"Fill 1","mn":"ADBE Vector Graphic - Fill","hd":false},{"ty":"tr","p":{"a":0,"k":[158.265,158.265],"ix":2},"a":{"a":0,"k":[0,0],"ix":1},"s":{"a":0,"k":[100,100],"ix":3},"r":{"a":0,"k":0,"ix":6},"o":{"a":0,"k":100,"ix":7},"sk":{"a":0,"k":0,"ix":4},"sa":{"a":0,"k":0,"ix":5},"nm":"Transform"}],"nm":"Group 4","np":2,"cix":2,"bm":0,"ix":4,"mn":"ADBE Vector Group","hd":false},{"ty":"gr","it":[{"ty":"rc","d":1,"s":{"a":0,"k":[500,500],"ix":2},"p":{"a":0,"k":[0,0],"ix":3},"r":{"a":0,"k":0,"ix":4},"nm":"Rectangle Path 1","mn":"ADBE Vector Shape - Rect","hd":false},{"ty":"fl","c":{"a":0,"k":[1,1,1,1],"ix":4},"o":{"a":0,"k":100,"ix":5},"r":1,"bm":0,"nm":"Fill 1","mn":"ADBE Vector Graphic - Fill","hd":false},{"ty":"tr","p":{"a":0,"k":[153.914,91.659],"ix":2},"a":{"a":0,"k":[0,0],"ix":1},"s":{"a":0,"k":[100,100],"ix":3},"r":{"a":0,"k":0,"ix":6},"o":{"a":0,"k":0,"ix":7},"sk":{"a":0,"k":0,"ix":4},"sa":{"a":0,"k":0,"ix":5},"nm":"Transform"}],"nm":"Rectangle 1","np":2,"cix":2,"bm":0,"ix":5,"mn":"ADBE Vector Group","hd":false}],"ip":0,"op":102,"st":0,"bm":0},{"ddd":0,"ind":4,"ty":4,"nm":"Shadow","sr":1,"ks":{"o":{"a":0,"k":100,"ix":11},"r":{"a":0,"k":0,"ix":10},"p":{"a":0,"k":[133.819,311.568,0],"ix":2},"a":{"a":0,"k":[75.108,110.355,0],"ix":1},"s":{"a":0,"k":[100,100,100],"ix":6}},"ao":0,"shapes":[],"ip":0,"op":181,"st":0,"bm":0},{"ddd":0,"ind":5,"ty":4,"nm":"Discount bag","sr":1,"ks":{"o":{"a":0,"k":100,"ix":11},"r":{"a":1,"k":[{"i":{"x":[0],"y":[1]},"o":{"x":[0.007],"y":[0]},"t":10,"s":[0]},{"i":{"x":[0.931],"y":[1]},"o":{"x":[1],"y":[0]},"t":30,"s":[10]},{"t":60,"s":[0]}],"ix":10},"p":{"a":1,"k":[{"i":{"x":0.667,"y":0.667},"o":{"x":0.333,"y":0.333},"t":0,"s":[255.999,177.948,0],"to":[0,0,0],"ti":[0,0,0]},{"i":{"x":0.258,"y":1},"o":{"x":0.032,"y":0},"t":10,"s":[255.999,177.948,0],"to":[0,-5,0],"ti":[0,-3.333,0]},{"i":{"x":0.986,"y":1},"o":{"x":0.753,"y":0},"t":30,"s":[255.999,147.948,0],"to":[0,3.333,0],"ti":[0,-5,0]},{"i":{"x":0.667,"y":1},"o":{"x":0.333,"y":0},"t":60,"s":[255.999,197.948,0],"to":[0,5,0],"ti":[0,3.333,0]},{"t":80,"s":[255.999,177.948,0]}],"ix":2},"a":{"a":0,"k":[296.866,182.014,0],"ix":1},"s":{"a":0,"k":[100,100,100],"ix":6}},"ao":0,"shapes":[{"ty":"gr","it":[{"ind":0,"ty":"sh","ix":1,"ks":{"a":1,"k":[{"i":{"x":0.667,"y":1},"o":{"x":0.333,"y":0},"t":0,"s":[{"i":[[-22.087,4.293],[-1.993,-10.424],[10.423,-1.993],[24.471,0],[24.02,4.669],[-1.994,10.423],[-10.424,-1.993],[-22.498,0]],"o":[[10.424,-1.993],[1.994,10.423],[-24.02,4.669],[-24.47,0],[-10.423,-1.993],[1.993,-10.424],[22.087,4.293],[22.499,0]],"v":[[66.391,-21.436],[88.873,-6.171],[73.609,16.312],[-0.001,23.428],[-73.609,16.312],[-88.874,-6.171],[-66.391,-21.436],[-0.001,-15.072]],"c":true}]},{"i":{"x":0.258,"y":1},"o":{"x":0.032,"y":0},"t":10,"s":[{"i":[[-22.609,4.072],[-2.041,-9.887],[10.669,-1.89],[25.05,0],[24.588,4.428],[-2.04,9.886],[-10.67,-1.89],[-23.03,0]],"o":[[10.67,-1.89],[2.041,9.886],[-24.588,4.428],[-25.049,0],[-10.669,-1.89],[2.04,-9.887],[22.609,4.072],[23.031,0]],"v":[[67.028,-7.867],[90.043,6.611],[74.418,27.935],[-0.933,34.685],[-76.282,27.935],[-91.907,6.611],[-68.893,-7.867],[-0.933,-1.831]],"c":true}]},{"i":{"x":0.986,"y":1},"o":{"x":0.753,"y":0},"t":30,"s":[{"i":[[-20.693,4.602],[-1.868,-11.175],[9.765,-2.137],[22.927,0],[22.504,5.005],[-1.867,11.174],[-9.766,-2.137],[-21.078,0]],"o":[[9.766,-2.137],[1.868,11.174],[-22.504,5.005],[-22.926,0],[-9.765,-2.137],[1.867,-11.175],[20.693,4.602],[21.079,0]],"v":[[62.365,-40.401],[83.429,-24.037],[69.128,0.066],[0.164,7.695],[-68.8,0.066],[-83.101,-24.037],[-62.037,-40.401],[0.164,-33.579]],"c":true}]},{"i":{"x":0.667,"y":1},"o":{"x":0.333,"y":0},"t":60,"s":[{"i":[[-23.823,3.264],[-2.151,-7.925],[11.242,-1.515],[26.395,0],[25.908,3.55],[-2.15,7.924],[-11.243,-1.515],[-24.266,0]],"o":[[11.243,-1.515],[2.151,7.924],[-25.908,3.55],[-26.393,0],[-11.242,-1.515],[2.15,-7.925],[23.823,3.264],[24.268,0]],"v":[[71.335,41.685],[95.586,53.29],[79.122,70.383],[-0.275,75.793],[-79.67,70.383],[-96.134,53.29],[-71.883,41.685],[-0.275,46.523]],"c":true}]},{"t":80,"s":[{"i":[[-22.087,4.293],[-1.993,-10.424],[10.423,-1.993],[24.471,0],[24.02,4.669],[-1.994,10.423],[-10.424,-1.993],[-22.498,0]],"o":[[10.424,-1.993],[1.994,10.423],[-24.02,4.669],[-24.47,0],[-10.423,-1.993],[1.993,-10.424],[22.087,4.293],[22.499,0]],"v":[[66.391,-21.436],[88.873,-6.171],[73.609,16.312],[-0.001,23.428],[-73.609,16.312],[-88.874,-6.171],[-66.391,-21.436],[-0.001,-15.072]],"c":true}]}],"ix":2},"nm":"Path 1","mn":"ADBE Vector Shape - Group","hd":false},{"ty":"st","c":{"a":0,"k":[0,0,0,1],"ix":3,"x":"var $bm_rt;\n$bm_rt = thisComp.layer('Main Stroke width - Color Ctrl').effect('Base Color')('Color');"},"o":{"a":0,"k":100,"ix":4},"w":{"a":0,"k":15.4,"ix":5,"x":"var $bm_rt;\n$bm_rt = thisComp.layer('Main Stroke width - Color Ctrl').effect('Stroke width')('Slider');"},"lc":2,"lj":2,"bm":0,"nm":"Stroke 1","mn":"ADBE Vector Graphic - Stroke","hd":false},{"ty":"fl","c":{"a":0,"k":[0.992156862745,0.376470588235,0.313725490196,1],"ix":4},"o":{"a":0,"k":100,"ix":5},"r":1,"bm":0,"nm":"Fill 1","mn":"ADBE Vector Graphic - Fill","hd":false},{"ty":"tr","p":{"a":0,"k":[296.866,189.425],"ix":2},"a":{"a":0,"k":[0,0],"ix":1},"s":{"a":0,"k":[100,100],"ix":3},"r":{"a":0,"k":0,"ix":6},"o":{"a":0,"k":100,"ix":7},"sk":{"a":0,"k":0,"ix":4},"sa":{"a":0,"k":0,"ix":5},"nm":"Transform"}],"nm":"Group 3","np":3,"cix":2,"bm":0,"ix":1,"mn":"ADBE Vector Group","hd":false},{"ty":"gr","it":[{"ind":0,"ty":"sh","ix":1,"ks":{"a":1,"k":[{"i":{"x":0.667,"y":1},"o":{"x":0.333,"y":0},"t":0,"s":[{"i":[[0,0],[0,0]],"o":[[0,0],[0,0]],"v":[[5.853,-13.169],[-5.853,13.169]],"c":false}]},{"i":{"x":0.258,"y":1},"o":{"x":0.032,"y":0},"t":10,"s":[{"i":[[0,0],[0,0]],"o":[[0,0],[0,0]],"v":[[5.678,1.541],[-6.305,26.521]],"c":false}]},{"i":{"x":0.986,"y":1},"o":{"x":0.753,"y":0},"t":30,"s":[{"i":[[0,0],[0,0]],"o":[[0,0],[0,0]],"v":[[-9.182,-36.483],[-20.149,-8.249]],"c":false}]},{"i":{"x":0.667,"y":1},"o":{"x":0.333,"y":0},"t":60,"s":[{"i":[[0,0],[0,0]],"o":[[0,0],[0,0]],"v":[[8.096,55.262],[-4.53,75.285]],"c":false}]},{"t":80,"s":[{"i":[[0,0],[0,0]],"o":[[0,0],[0,0]],"v":[[5.853,-13.169],[-5.853,13.169]],"c":false}]}],"ix":2},"nm":"Path 1","mn":"ADBE Vector Shape - Group","hd":false},{"ty":"st","c":{"a":0,"k":[0.96862745098,0.690196078431,0.450980392157,1],"ix":3},"o":{"a":0,"k":100,"ix":4},"w":{"a":0,"k":15.4,"ix":5,"x":"var $bm_rt;\n$bm_rt = thisComp.layer('Main Stroke width - Color Ctrl').effect('Stroke width')('Slider');"},"lc":2,"lj":2,"bm":0,"nm":"Stroke 1","mn":"ADBE Vector Graphic - Stroke","hd":false},{"ty":"tr","p":{"a":0,"k":[323.031,159.009],"ix":2},"a":{"a":0,"k":[0,0],"ix":1},"s":{"a":0,"k":[100,100],"ix":3},"r":{"a":0,"k":0,"ix":6},"o":{"a":0,"k":100,"ix":7},"sk":{"a":0,"k":0,"ix":4},"sa":{"a":0,"k":0,"ix":5},"nm":"Transform"}],"nm":"Group 4","np":2,"cix":2,"bm":0,"ix":2,"mn":"ADBE Vector Group","hd":false},{"ty":"gr","it":[{"ind":0,"ty":"sh","ix":1,"ks":{"a":1,"k":[{"i":{"x":0.667,"y":1},"o":{"x":0.333,"y":0},"t":0,"s":[{"i":[[0,0],[0,0]],"o":[[0,0],[0,0]],"v":[[-5.853,-13.169],[5.853,13.169]],"c":false}]},{"i":{"x":0.258,"y":1},"o":{"x":0.032,"y":0},"t":10,"s":[{"i":[[0,0],[0,0]],"o":[[0,0],[0,0]],"v":[[-7.542,1.541],[4.44,26.521]],"c":false}]},{"i":{"x":0.986,"y":1},"o":{"x":0.753,"y":0},"t":30,"s":[{"i":[[0,0],[0,0]],"o":[[0,0],[0,0]],"v":[[-13.255,-39.148],[-5.879,-8.249]],"c":false}]},{"i":{"x":0.667,"y":1},"o":{"x":0.333,"y":0},"t":60,"s":[{"i":[[0,0],[0,0]],"o":[[0,0],[0,0]],"v":[[-8.644,55.262],[3.982,75.285]],"c":false}]},{"t":80,"s":[{"i":[[0,0],[0,0]],"o":[[0,0],[0,0]],"v":[[-5.853,-13.169],[5.853,13.169]],"c":false}]}],"ix":2},"nm":"Path 1","mn":"ADBE Vector Shape - Group","hd":false},{"ty":"st","c":{"a":0,"k":[0.96862745098,0.690196078431,0.450980392157,1],"ix":3},"o":{"a":0,"k":100,"ix":4},"w":{"a":0,"k":15.4,"ix":5,"x":"var $bm_rt;\n$bm_rt = thisComp.layer('Main Stroke width - Color Ctrl').effect('Stroke width')('Slider');"},"lc":2,"lj":2,"bm":0,"nm":"Stroke 1","mn":"ADBE Vector Graphic - Stroke","hd":false},{"ty":"tr","p":{"a":0,"k":[270.701,159.009],"ix":2},"a":{"a":0,"k":[0,0],"ix":1},"s":{"a":0,"k":[100,100],"ix":3},"r":{"a":0,"k":0,"ix":6},"o":{"a":0,"k":100,"ix":7},"sk":{"a":0,"k":0,"ix":4},"sa":{"a":0,"k":0,"ix":5},"nm":"Transform"}],"nm":"Group 5","np":2,"cix":2,"bm":0,"ix":3,"mn":"ADBE Vector Group","hd":false},{"ty":"gr","it":[{"ind":0,"ty":"sh","ix":1,"ks":{"a":1,"k":[{"i":{"x":0.667,"y":1},"o":{"x":0.333,"y":0},"t":0,"s":[{"i":[[0,0],[-12.108,7.678],[-11.89,3.186],[-22.749,0],[-11.89,-3.186],[-12.108,-7.677],[26.234,-26.234]],"o":[[-26.234,-26.234],[12.108,-7.677],[11.89,-3.186],[22.75,0],[11.89,3.186],[12.108,7.678],[0,0]],"v":[[-66.39,39.862],[-76.474,-17.287],[-37.799,-17.812],[0,-39.862],[37.799,-17.812],[76.475,-17.287],[66.391,39.862]],"c":false}]},{"i":{"x":0.258,"y":1},"o":{"x":0.032,"y":0},"t":10,"s":[{"i":[[0,0],[-12.395,7.282],[-12.171,3.022],[-23.287,0],[-12.171,-3.022],[-12.394,-7.282],[26.854,-24.882]],"o":[[-26.854,-24.882],[12.394,-7.281],[12.171,-3.022],[23.288,0],[12.171,3.022],[12.394,7.282],[0,0]],"v":[[-68.893,53.43],[-79.215,-0.773],[-39.626,-1.271],[-0.933,-22.185],[37.761,-1.271],[77.35,-0.773],[67.028,53.43]],"c":false}]},{"i":{"x":0.986,"y":1},"o":{"x":0.753,"y":0},"t":30,"s":[{"i":[[0,0],[-11.344,8.23],[-11.14,3.416],[-21.313,0],[-11.14,-3.416],[-11.343,-8.231],[24.578,-28.124]],"o":[[-24.578,-28.124],[11.344,-8.23],[11.14,-3.416],[21.314,0],[11.14,3.416],[11.344,8.231],[0,0]],"v":[[-62.037,20.896],[-71.484,-40.37],[-35.25,-40.933],[0.164,-64.571],[35.578,-40.933],[71.813,-40.37],[62.365,20.896]],"c":false}]},{"i":{"x":0.667,"y":1},"o":{"x":0.333,"y":0},"t":60,"s":[{"i":[[0,0],[-13.06,5.837],[-12.825,2.422],[-24.537,0],[-12.825,-2.422],[-13.059,-5.837],[28.296,-19.944]],"o":[[-28.296,-19.944],[13.06,-5.836],[12.825,-2.422],[24.538,0],[12.825,2.422],[13.06,5.837],[0,0]],"v":[[-71.883,102.983],[-82.76,59.535],[-41.045,59.136],[-0.275,42.373],[40.497,59.136],[82.212,59.535],[71.335,102.983]],"c":false}]},{"t":80,"s":[{"i":[[0,0],[-12.108,7.678],[-11.89,3.186],[-22.749,0],[-11.89,-3.186],[-12.108,-7.677],[26.234,-26.234]],"o":[[-26.234,-26.234],[12.108,-7.677],[11.89,-3.186],[22.75,0],[11.89,3.186],[12.108,7.678],[0,0]],"v":[[-66.39,39.862],[-76.474,-17.287],[-37.799,-17.812],[0,-39.862],[37.799,-17.812],[76.475,-17.287],[66.391,39.862]],"c":false}]}],"ix":2},"nm":"Path 1","mn":"ADBE Vector Shape - Group","hd":false},{"ty":"st","c":{"a":0,"k":[0,0,0,1],"ix":3,"x":"var $bm_rt;\n$bm_rt = thisComp.layer('Main Stroke width - Color Ctrl').effect('Base Color')('Color');"},"o":{"a":0,"k":100,"ix":4},"w":{"a":0,"k":15.4,"ix":5,"x":"var $bm_rt;\n$bm_rt = thisComp.layer('Main Stroke width - Color Ctrl').effect('Stroke width')('Slider');"},"lc":2,"lj":2,"bm":0,"nm":"Stroke 1","mn":"ADBE Vector Graphic - Stroke","hd":false},{"ty":"fl","c":{"a":0,"k":[0.992156862745,0.878431372549,0.745098039216,1],"ix":4},"o":{"a":0,"k":100,"ix":5},"r":1,"bm":0,"nm":"Fill 1","mn":"ADBE Vector Graphic - Fill","hd":false},{"ty":"tr","p":{"a":0,"k":[296.866,128.127],"ix":2},"a":{"a":0,"k":[0,0],"ix":1},"s":{"a":0,"k":[100,100],"ix":3},"r":{"a":0,"k":0,"ix":6},"o":{"a":0,"k":100,"ix":7},"sk":{"a":0,"k":0,"ix":4},"sa":{"a":0,"k":0,"ix":5},"nm":"Transform"}],"nm":"Group 2","np":3,"cix":2,"bm":0,"ix":4,"mn":"ADBE Vector Group","hd":false},{"ty":"gr","it":[{"ind":0,"ty":"sh","ix":1,"ks":{"a":1,"k":[{"i":{"x":0.667,"y":1},"o":{"x":0.333,"y":0},"t":0,"s":[{"i":[[0,0],[-208.601,0],[84.668,48.883]],"o":[[-84.667,48.883],[208.601,0],[0,0]],"v":[[-73.609,-112.764],[0,112.764],[73.609,-112.764]],"c":false}]},{"i":{"x":0.258,"y":1},"o":{"x":0.032,"y":0},"t":10,"s":[{"i":[[0,0],[-213.533,0],[86.67,46.364]],"o":[[-86.669,46.364],[213.533,0],[0,0]],"v":[[-76.282,-101.141],[-0.932,112.764],[74.417,-101.141]],"c":false}]},{"i":{"x":0.986,"y":1},"o":{"x":0.753,"y":0},"t":30,"s":[{"i":[[0,0],[-195.437,0],[79.325,52.404]],"o":[[-79.324,52.404],[195.437,0],[0,0]],"v":[[-68.8,-129.011],[0.164,112.764],[69.128,-129.011]],"c":false}]},{"i":{"x":0.667,"y":1},"o":{"x":0.333,"y":0},"t":60,"s":[{"i":[[0,0],[-224.999,0],[91.324,37.163]],"o":[[-91.322,37.163],[224.999,0],[0,0]],"v":[[-79.669,-58.693],[-0.274,112.764],[79.121,-58.693]],"c":false}]},{"t":80,"s":[{"i":[[0,0],[-208.601,0],[84.668,48.883]],"o":[[-84.667,48.883],[208.601,0],[0,0]],"v":[[-73.609,-112.764],[0,112.764],[73.609,-112.764]],"c":false}]}],"ix":2},"nm":"Path 1","mn":"ADBE Vector Shape - Group","hd":false},{"ty":"st","c":{"a":0,"k":[0,0,0,1],"ix":3,"x":"var $bm_rt;\n$bm_rt = thisComp.layer('Main Stroke width - Color Ctrl').effect('Base Color')('Color');"},"o":{"a":0,"k":100,"ix":4},"w":{"a":0,"k":15.4,"ix":5,"x":"var $bm_rt;\n$bm_rt = thisComp.layer('Main Stroke width - Color Ctrl').effect('Stroke width')('Slider');"},"lc":2,"lj":2,"bm":0,"nm":"Stroke 1","mn":"ADBE Vector Graphic - Stroke","hd":false},{"ty":"tr","p":{"a":0,"k":[296.866,318.501],"ix":2},"a":{"a":0,"k":[0,0],"ix":1},"s":{"a":0,"k":[100,100],"ix":3},"r":{"a":0,"k":0,"ix":6},"o":{"a":0,"k":100,"ix":7},"sk":{"a":0,"k":0,"ix":4},"sa":{"a":0,"k":0,"ix":5},"nm":"Transform"}],"nm":"Group 7","np":2,"cix":2,"bm":0,"ix":5,"mn":"ADBE Vector Group","hd":false},{"ty":"gr","it":[{"ind":0,"ty":"sh","ix":1,"ks":{"a":1,"k":[{"i":{"x":0.667,"y":1},"o":{"x":0.333,"y":0},"t":0,"s":[{"i":[[-149.717,-25.418],[0,50.793],[-9.962,26.07]],"o":[[-27.377,-38.447],[0,-29.571],[-75.812,46.57]],"v":[[74.859,110.105],[31.38,-26.168],[46.799,-110.105]],"c":true}]},{"i":{"x":0.052,"y":1},"o":{"x":0.071,"y":0},"t":10,"s":[{"i":[[-149.717,-23.708],[0,47.376],[-9.962,24.316]],"o":[[-27.377,-35.86],[0,-27.582],[-75.812,43.437]],"v":[[74.859,110.105],[31.38,-17],[46.799,-95.29]],"c":true}]},{"i":{"x":0.936,"y":1},"o":{"x":0.88,"y":0},"t":30,"s":[{"i":[[-160.736,-27.767],[0,55.487],[-10.695,28.479]],"o":[[-29.392,-42],[0,-32.304],[-81.392,50.873]],"v":[[85.878,110.105],[39.2,-38.761],[55.754,-130.454]],"c":true}]},{"i":{"x":0.667,"y":1},"o":{"x":0.333,"y":0},"t":60,"s":[{"i":[[-152.1,-19.322],[0,38.611],[-10.121,19.817]],"o":[[-27.813,-29.226],[0,-22.479],[-77.019,35.401]],"v":[[61.858,114.105],[17.688,10.516],[33.353,-53.29]],"c":true}]},{"t":80,"s":[{"i":[[-149.717,-25.418],[0,50.793],[-9.962,26.07]],"o":[[-27.377,-38.447],[0,-29.571],[-75.812,46.57]],"v":[[74.858,110.105],[31.38,-26.168],[46.799,-110.105]],"c":true}]}],"ix":2},"nm":"Path 1","mn":"ADBE Vector Shape - Group","hd":false},{"ty":"fl","c":{"a":0,"k":[0.968627510819,0.690196078431,0.450980422076,1],"ix":4},"o":{"a":0,"k":100,"ix":5},"r":1,"bm":0,"nm":"Fill 1","mn":"ADBE Vector Graphic - Fill","hd":false},{"ty":"tr","p":{"a":0,"k":[176.108,314.355],"ix":2},"a":{"a":0,"k":[0,0],"ix":1},"s":{"a":0,"k":[100,100],"ix":3},"r":{"a":0,"k":0,"ix":6},"o":{"a":0,"k":100,"ix":7},"sk":{"a":0,"k":0,"ix":4},"sa":{"a":0,"k":0,"ix":5},"nm":"Transform"}],"nm":"Group 6","np":2,"cix":2,"bm":0,"ix":6,"mn":"ADBE Vector Group","hd":false},{"ty":"gr","it":[{"ind":0,"ty":"sh","ix":1,"ks":{"a":1,"k":[{"i":{"x":0.667,"y":1},"o":{"x":0.333,"y":0},"t":0,"s":[{"i":[[0,0],[-208.601,0],[84.668,48.883]],"o":[[-84.667,48.883],[208.601,0],[0,0]],"v":[[-73.609,-112.764],[0,112.764],[73.609,-112.764]],"c":false}]},{"i":{"x":0.258,"y":1},"o":{"x":0.032,"y":0},"t":10,"s":[{"i":[[0,0],[-213.533,0],[86.67,46.364]],"o":[[-86.669,46.364],[213.533,0],[0,0]],"v":[[-76.282,-101.141],[-0.932,112.764],[74.417,-101.141]],"c":false}]},{"i":{"x":0.986,"y":1},"o":{"x":0.753,"y":0},"t":30,"s":[{"i":[[0,0],[-195.437,0],[79.325,52.404]],"o":[[-79.324,52.404],[195.437,0],[0,0]],"v":[[-68.8,-129.011],[0.164,112.764],[69.128,-129.011]],"c":false}]},{"i":{"x":0.667,"y":1},"o":{"x":0.333,"y":0},"t":60,"s":[{"i":[[0,0],[-224.999,0],[91.324,37.163]],"o":[[-91.322,37.163],[224.999,0],[0,0]],"v":[[-79.669,-58.693],[-0.274,112.764],[79.121,-58.693]],"c":false}]},{"t":80,"s":[{"i":[[0,0],[-208.601,0],[84.668,48.883]],"o":[[-84.667,48.883],[208.601,0],[0,0]],"v":[[-73.609,-112.764],[0,112.764],[73.609,-112.764]],"c":false}]}],"ix":2},"nm":"Path 1","mn":"ADBE Vector Shape - Group","hd":false},{"ty":"fl","c":{"a":0,"k":[0.992156862745,0.878431372549,0.745098039216,1],"ix":4},"o":{"a":0,"k":100,"ix":5},"r":1,"bm":0,"nm":"Fill 1","mn":"ADBE Vector Graphic - Fill","hd":false},{"ty":"tr","p":{"a":0,"k":[296.866,318.501],"ix":2},"a":{"a":0,"k":[0,0],"ix":1},"s":{"a":0,"k":[100,100],"ix":3},"r":{"a":0,"k":0,"ix":6},"o":{"a":0,"k":100,"ix":7},"sk":{"a":0,"k":0,"ix":4},"sa":{"a":0,"k":0,"ix":5},"nm":"Transform"}],"nm":"Group 1","np":2,"cix":2,"bm":0,"ix":7,"mn":"ADBE Vector Group","hd":false},{"ty":"gr","it":[{"ty":"rc","d":1,"s":{"a":0,"k":[500,500],"ix":2},"p":{"a":0,"k":[0,0],"ix":3},"r":{"a":0,"k":0,"ix":4},"nm":"Rectangle Path 1","mn":"ADBE Vector Shape - Rect","hd":false},{"ty":"fl","c":{"a":0,"k":[1,1,1,1],"ix":4},"o":{"a":0,"k":100,"ix":5},"r":1,"bm":0,"nm":"Fill 1","mn":"ADBE Vector Graphic - Fill","hd":false},{"ty":"tr","p":{"a":0,"k":[288.53,252.373],"ix":2},"a":{"a":0,"k":[0,0],"ix":1},"s":{"a":0,"k":[100,100],"ix":3},"r":{"a":0,"k":0,"ix":6},"o":{"a":0,"k":0,"ix":7},"sk":{"a":0,"k":0,"ix":4},"sa":{"a":0,"k":0,"ix":5},"nm":"Transform"}],"nm":"Rectangle 1","np":2,"cix":2,"bm":0,"ix":8,"mn":"ADBE Vector Group","hd":false}],"ip":0,"op":102,"st":0,"bm":0},{"ddd":0,"ind":6,"ty":3,"nm":"Zero | troke width - Color Ctrl","sr":1,"ks":{"o":{"a":0,"k":0,"ix":11},"r":{"a":0,"k":0,"ix":10},"p":{"a":0,"k":[250,250,0],"ix":2},"a":{"a":0,"k":[0,0,0],"ix":1},"s":{"a":0,"k":[100,100,100],"ix":6}},"ao":0,"ip":0,"op":102,"st":0,"bm":0}],"markers":[]}