{"v":"5.9.0","fr":25,"ip":0,"op":37,"w":500,"h":500,"nm":"08-Vertical scroll","ddd":0,"assets":[],"layers":[{"ddd":0,"ind":1,"ty":3,"nm":"Main Stroke width - Color Ctrl","parent":4,"sr":1,"ks":{"o":{"a":0,"k":0,"ix":11},"r":{"a":0,"k":0,"ix":10},"p":{"a":0,"k":[0,0,0],"ix":2,"l":2},"a":{"a":0,"k":[50,50,0],"ix":1,"l":2},"s":{"a":0,"k":[100,100,100],"ix":6,"l":2}},"ao":0,"ef":[{"ty":5,"nm":"Stroke width","np":3,"mn":"ADBE Slider Control","ix":1,"en":1,"ef":[{"ty":0,"nm":"Slider","mn":"ADBE Slider Control-0001","ix":1,"v":{"a":0,"k":16,"ix":1}}]}],"ip":0,"op":37,"st":0,"bm":0},{"ddd":0,"ind":2,"ty":4,"nm":"Arrow","parent":1,"sr":1,"ks":{"o":{"a":0,"k":100,"ix":11},"r":{"a":0,"k":0,"ix":10},"p":{"a":0,"k":[-66.713,-78.709,0],"ix":2,"l":2},"a":{"a":0,"k":[0,0,0],"ix":1,"l":2},"s":{"a":0,"k":[100,100,100],"ix":6,"l":2}},"ao":0,"shapes":[{"ty":"gr","it":[{"ind":0,"ty":"sh","ix":1,"ks":{"a":1,"k":[{"i":{"x":0.667,"y":1},"o":{"x":0.333,"y":0},"t":1,"s":[{"i":[[0,0],[0,0],[0,0]],"o":[[0,0],[0,0],[0,0]],"v":[[-23.331,34.608],[0.123,58.716],[23.331,34.608]],"c":false}]},{"i":{"x":0.667,"y":1},"o":{"x":0.333,"y":0},"t":12,"s":[{"i":[[0,0],[0,0],[0,0]],"o":[[0,0],[0,0],[0,0]],"v":[[-23.421,67.108],[0.033,91.216],[23.241,67.108]],"c":false}]},{"i":{"x":0.667,"y":1},"o":{"x":0.333,"y":0},"t":15,"s":[{"i":[[0,0],[0,0],[0,0]],"o":[[0,0],[0,0],[0,0]],"v":[[-23.421,67.108],[0.033,91.216],[23.241,67.108]],"c":false}]},{"i":{"x":0.667,"y":1},"o":{"x":0.333,"y":0},"t":21,"s":[{"i":[[0,0],[0,0],[0,0]],"o":[[0,0],[0,0],[0,0]],"v":[[-23.331,34.608],[0.123,58.716],[23.331,34.608]],"c":false}]},{"i":{"x":0.667,"y":1},"o":{"x":0.333,"y":0},"t":29,"s":[{"i":[[0,0],[0,0],[0,0]],"o":[[0,0],[0,0],[0,0]],"v":[[-23.331,34.608],[0.123,58.716],[23.331,34.608]],"c":false}]},{"t":35,"s":[{"i":[[0,0],[0,0],[0,0]],"o":[[0,0],[0,0],[0,0]],"v":[[-23.331,34.608],[0.123,58.716],[23.331,34.608]],"c":false}]}],"ix":2},"nm":"Path 1","mn":"ADBE Vector Shape - Group","hd":false},{"ind":1,"ty":"sh","ix":2,"ks":{"a":1,"k":[{"i":{"x":0.667,"y":1},"o":{"x":0.333,"y":0},"t":1,"s":[{"i":[[0,0],[0,0],[0,0]],"o":[[0,0],[0,0],[0,0]],"v":[[23.331,-34.607],[-0.123,-58.716],[-23.331,-34.607]],"c":false}]},{"i":{"x":0.667,"y":1},"o":{"x":0.333,"y":0},"t":21,"s":[{"i":[[0,0],[0,0],[0,0]],"o":[[0,0],[0,0],[0,0]],"v":[[23.331,-34.607],[-0.123,-58.716],[-23.331,-34.607]],"c":false}]},{"i":{"x":0.667,"y":1},"o":{"x":0.333,"y":0},"t":29,"s":[{"i":[[0,0],[0,0],[0,0]],"o":[[0,0],[0,0],[0,0]],"v":[[23.449,-66.107],[-0.005,-90.216],[-23.213,-66.107]],"c":false}]},{"t":35,"s":[{"i":[[0,0],[0,0],[0,0]],"o":[[0,0],[0,0],[0,0]],"v":[[23.331,-34.607],[-0.123,-58.716],[-23.331,-34.607]],"c":false}]}],"ix":2},"nm":"Path 2","mn":"ADBE Vector Shape - Group","hd":false},{"ind":2,"ty":"sh","ix":3,"ks":{"a":1,"k":[{"i":{"x":0.667,"y":1},"o":{"x":0.333,"y":0},"t":1,"s":[{"i":[[0,0],[0,0]],"o":[[0,0],[0,0]],"v":[[-0.123,-56.927],[-0.123,57.161]],"c":false}]},{"i":{"x":0.667,"y":1},"o":{"x":0.333,"y":0},"t":12,"s":[{"i":[[0,0],[0,0]],"o":[[0,0],[0,0]],"v":[[-0.123,-56.927],[-0.213,89.661]],"c":false}]},{"i":{"x":0.667,"y":1},"o":{"x":0.333,"y":0},"t":15,"s":[{"i":[[0,0],[0,0]],"o":[[0,0],[0,0]],"v":[[-0.123,-56.927],[-0.213,89.661]],"c":false}]},{"i":{"x":0.667,"y":1},"o":{"x":0.333,"y":0},"t":21,"s":[{"i":[[0,0],[0,0]],"o":[[0,0],[0,0]],"v":[[-0.123,-56.927],[-0.123,57.161]],"c":false}]},{"i":{"x":0.667,"y":1},"o":{"x":0.333,"y":0},"t":29,"s":[{"i":[[0,0],[0,0]],"o":[[0,0],[0,0]],"v":[[-0.005,-88.427],[-0.123,57.161]],"c":false}]},{"t":35,"s":[{"i":[[0,0],[0,0]],"o":[[0,0],[0,0]],"v":[[-0.123,-56.927],[-0.123,57.161]],"c":false}]}],"ix":2},"nm":"Path 3","mn":"ADBE Vector Shape - Group","hd":false},{"ty":"st","c":{"a":0,"k":[0.20000000298,0.800000011921,0.800000011921,1],"ix":3,"x":"var $bm_rt;\n$bm_rt = thisComp.layer('Main Stroke width - Color Ctrl').effect('highlight')('Color');"},"o":{"a":0,"k":100,"ix":4},"w":{"a":0,"k":16,"ix":5,"x":"var $bm_rt;\n$bm_rt = thisComp.layer('Main Stroke width - Color Ctrl').effect('Stroke width')('Slider');"},"lc":2,"lj":2,"bm":0,"nm":"Stroke 1","mn":"ADBE Vector Graphic - Stroke","hd":false},{"ty":"tr","p":{"a":0,"k":[0,0],"ix":2},"a":{"a":0,"k":[0,0],"ix":1},"s":{"a":0,"k":[100,100],"ix":3},"r":{"a":0,"k":0,"ix":6},"o":{"a":0,"k":100,"ix":7},"sk":{"a":0,"k":0,"ix":4},"sa":{"a":0,"k":0,"ix":5},"nm":"Transform"}],"nm":"Group 1","np":4,"cix":2,"bm":0,"ix":1,"mn":"ADBE Vector Group","hd":false}],"ip":0,"op":37,"st":0,"bm":0},{"ddd":0,"ind":3,"ty":4,"nm":"Hand","parent":1,"sr":1,"ks":{"o":{"a":0,"k":100,"ix":11},"r":{"a":0,"k":0,"ix":10},"p":{"a":1,"k":[{"i":{"x":0.667,"y":1},"o":{"x":0.333,"y":0},"t":1,"s":[73.385,50,0],"to":[0,6.667,0],"ti":[0,0,0]},{"i":{"x":0.667,"y":1},"o":{"x":0.333,"y":0},"t":12,"s":[73.385,90,0],"to":[0,0,0],"ti":[0,12.5,0]},{"i":{"x":0.667,"y":1},"o":{"x":0.167,"y":0},"t":18,"s":[73.385,50,0],"to":[0,-12.5,0],"ti":[0,0,0]},{"i":{"x":0.667,"y":1},"o":{"x":0.167,"y":0},"t":29,"s":[73.385,15,0],"to":[0,0,0],"ti":[0,-5.833,0]},{"t":35,"s":[73.385,50,0]}],"ix":2,"l":2},"a":{"a":0,"k":[273.385,250,0],"ix":1,"l":2},"s":{"a":0,"k":[100,100,100],"ix":6,"l":2}},"ao":0,"shapes":[{"ty":"gr","it":[{"ind":0,"ty":"sh","ix":1,"ks":{"a":1,"k":[{"i":{"x":0.667,"y":1},"o":{"x":0.333,"y":0},"t":1,"s":[{"i":[[0,0],[0,0],[0,0],[-0.125,-25.734],[0,0],[-28.489,-14.73],[0,0],[0,0],[-21.475,0],[0,0],[0,21.476],[0,0],[0,0],[0,22.558],[0,0],[12.885,0],[0,0],[0,-12.886],[0,0],[0,0]],"o":[[0,0],[0,0],[-25.734,0],[0,0],[0.118,32.071],[0,0],[0,0],[0,21.476],[0,0],[21.476,0],[0,0],[0,0],[16.955,-14.879],[0,0],[0,-12.885],[0,0],[-12.885,0],[0,0],[0,0],[0,0]],"v":[[-70.223,-49.007],[-70.223,-107.335],[-70.223,-107.335],[-116.658,-60.673],[-116.533,-34.943],[-69.989,41.205],[-69.989,41.205],[-69.989,87.089],[-31.104,125.974],[51.098,125.974],[89.983,87.089],[89.983,33.481],[89.983,33.481],[116.658,-25.419],[116.658,-102.643],[93.328,-125.974],[93.327,-125.974],[69.997,-102.643],[69.997,-102.643],[69.997,-94.832]],"c":false}]},{"i":{"x":0.667,"y":1},"o":{"x":0.333,"y":0},"t":12,"s":[{"i":[[0,0],[0,0],[0,0],[-0.125,-25.734],[0,0],[-28.489,-14.73],[0,0],[0,0],[-21.475,0],[0,0],[0,21.476],[0,0],[0,0],[0,22.558],[0,0],[12.885,0],[0,0],[0,-12.886],[0,0],[0,0]],"o":[[0,0],[0,0],[-25.734,0],[0,0],[0.118,32.071],[0,0],[0,0],[0,21.476],[0,0],[21.476,0],[0,0],[0,0],[16.955,-14.879],[0,0],[0,-12.885],[0,0],[-12.885,0],[0,0],[0,0],[0,0]],"v":[[-70.223,-49.007],[-70.223,-107.335],[-70.223,-107.335],[-116.658,-60.673],[-116.533,-34.943],[-69.989,41.205],[-69.989,41.205],[-69.989,87.09],[-31.104,125.974],[51.098,125.974],[89.983,87.09],[89.983,33.481],[89.983,33.481],[116.659,-25.419],[116.659,-102.643],[93.328,-125.974],[93.328,-125.974],[69.997,-102.643],[69.997,-102.643],[69.997,-94.832]],"c":false}]},{"i":{"x":0.667,"y":1},"o":{"x":0.167,"y":0},"t":18,"s":[{"i":[[0,0],[0,0],[0,0],[-0.125,-25.734],[0,0],[-28.489,-14.73],[0,0],[0,0],[-21.475,0],[0,0],[0,21.476],[0,0],[0,0],[0,22.558],[0,0],[12.885,0],[0,0],[0,-12.886],[0,0],[0,0]],"o":[[0,0],[0,0],[-25.734,0],[0,0],[0.118,32.071],[0,0],[0,0],[0,21.476],[0,0],[21.476,0],[0,0],[0,0],[16.955,-14.879],[0,0],[0,-12.885],[0,0],[-12.885,0],[0,0],[0,0],[0,0]],"v":[[-70.223,-49.007],[-70.223,-107.335],[-70.223,-107.335],[-116.658,-60.673],[-116.533,-34.943],[-69.989,41.205],[-69.989,41.205],[-69.989,87.09],[-31.104,125.974],[51.098,125.974],[89.983,87.09],[89.983,33.481],[89.983,33.481],[116.659,-25.419],[116.659,-102.643],[93.328,-125.974],[93.328,-125.974],[69.997,-102.643],[69.997,-102.643],[69.997,-94.832]],"c":false}]},{"i":{"x":0.667,"y":1},"o":{"x":0.167,"y":0},"t":29,"s":[{"i":[[0,0],[0,0],[0,0],[-0.125,-25.734],[0,0],[-28.489,-14.73],[0,0],[0,0],[-21.475,0],[0,0],[0,21.476],[0,0],[0,0],[0,22.558],[0,0],[12.885,0],[0,0],[0,-12.886],[0,0],[0,0]],"o":[[0,0],[0,0],[-25.734,0],[0,0],[0.118,32.071],[0,0],[0,0],[0,21.476],[0,0],[21.476,0],[0,0],[0,0],[16.955,-14.879],[0,0],[0,-12.885],[0,0],[-12.885,0],[0,0],[0,0],[0,0]],"v":[[-70.223,-49.007],[-70.223,-107.335],[-70.223,-107.335],[-116.658,-60.673],[-116.533,-34.943],[-69.989,41.205],[-69.989,41.205],[-69.989,87.09],[-31.104,125.974],[51.098,125.974],[89.983,87.09],[89.983,33.481],[89.983,33.481],[116.659,-25.419],[116.659,-102.643],[93.328,-125.974],[93.328,-125.974],[69.997,-102.643],[69.997,-102.643],[69.997,-94.832]],"c":false}]},{"t":35,"s":[{"i":[[0,0],[0,0],[0,0],[-0.125,-25.734],[0,0],[-28.489,-14.73],[0,0],[0,0],[-21.475,0],[0,0],[0,21.476],[0,0],[0,0],[0,22.558],[0,0],[12.885,0],[0,0],[0,-12.886],[0,0],[0,0]],"o":[[0,0],[0,0],[-25.734,0],[0,0],[0.118,32.071],[0,0],[0,0],[0,21.476],[0,0],[21.476,0],[0,0],[0,0],[16.955,-14.879],[0,0],[0,-12.885],[0,0],[-12.885,0],[0,0],[0,0],[0,0]],"v":[[-70.223,-49.007],[-70.223,-107.335],[-70.223,-107.335],[-116.658,-60.673],[-116.533,-34.943],[-69.989,41.205],[-69.989,41.205],[-69.989,87.09],[-31.104,125.974],[51.098,125.974],[89.983,87.09],[89.983,33.481],[89.983,33.481],[116.659,-25.419],[116.659,-102.643],[93.328,-125.974],[93.328,-125.974],[69.997,-102.643],[69.997,-102.643],[69.997,-94.832]],"c":false}]}],"ix":2},"nm":"Path 1","mn":"ADBE Vector Shape - Group","hd":false},{"ty":"st","c":{"a":0,"k":[0,0,0,1],"ix":3,"x":"var $bm_rt;\n$bm_rt = thisComp.layer('Main Stroke width - Color Ctrl').effect('color')('Color');"},"o":{"a":0,"k":100,"ix":4},"w":{"a":0,"k":16,"ix":5,"x":"var $bm_rt;\n$bm_rt = thisComp.layer('Main Stroke width - Color Ctrl').effect('Stroke width')('Slider');"},"lc":2,"lj":2,"bm":0,"nm":"Stroke 1","mn":"ADBE Vector Graphic - Stroke","hd":false},{"ty":"tr","p":{"a":0,"k":[273.385,311.451],"ix":2},"a":{"a":0,"k":[0,0],"ix":1},"s":{"a":0,"k":[100,100],"ix":3},"r":{"a":0,"k":0,"ix":6},"o":{"a":0,"k":100,"ix":7},"sk":{"a":0,"k":0,"ix":4},"sa":{"a":0,"k":0,"ix":5},"nm":"Transform"}],"nm":"Group 1","np":2,"cix":2,"bm":0,"ix":1,"mn":"ADBE Vector Group","hd":false},{"ty":"gr","it":[{"ty":"gr","it":[{"ind":0,"ty":"sh","ix":1,"ks":{"a":1,"k":[{"i":{"x":0.667,"y":1},"o":{"x":0.333,"y":0},"t":1,"s":[{"i":[[0,0],[0,0],[12.885,0],[0,0],[0,-12.885],[0,0]],"o":[[0,0],[0,-12.885],[0,0],[-12.885,0],[0,0],[0,0]],"v":[[23.331,15.542],[23.331,7.789],[0,-15.542],[0,-15.542],[-23.331,7.789],[-23.331,15.542]],"c":false}]},{"i":{"x":0.667,"y":1},"o":{"x":0.333,"y":0},"t":12,"s":[{"i":[[0,0],[0,0],[12.885,0],[0,0],[0,-12.885],[0,0]],"o":[[0,0],[0,-12.885],[0,0],[-12.885,0],[0,0],[0,0]],"v":[[23.331,15.542],[23.331,7.789],[0,-15.542],[0,-15.542],[-23.331,7.789],[-23.331,15.542]],"c":false}]},{"i":{"x":0.667,"y":1},"o":{"x":0.167,"y":0},"t":18,"s":[{"i":[[0,0],[0,0],[12.885,0],[0,0],[0,-12.885],[0,0]],"o":[[0,0],[0,-12.885],[0,0],[-12.885,0],[0,0],[0,0]],"v":[[23.331,15.542],[23.331,7.789],[0,-15.542],[0,-15.542],[-23.331,7.789],[-23.331,15.542]],"c":false}]},{"i":{"x":0.667,"y":1},"o":{"x":0.167,"y":0},"t":29,"s":[{"i":[[0,0],[0,0],[12.885,0],[0,0],[0,-12.885],[0,0]],"o":[[0,0],[0,-12.885],[0,0],[-12.885,0],[0,0],[0,0]],"v":[[23.331,15.542],[23.331,7.789],[0,-15.542],[0,-15.542],[-23.331,7.789],[-23.331,15.542]],"c":false}]},{"t":35,"s":[{"i":[[0,0],[0,0],[12.885,0],[0,0],[0,-12.885],[0,0]],"o":[[0,0],[0,-12.885],[0,0],[-12.885,0],[0,0],[0,0]],"v":[[23.331,15.542],[23.331,7.789],[0,-15.542],[0,-15.542],[-23.331,7.789],[-23.331,15.542]],"c":false}]}],"ix":2},"nm":"Path 1","mn":"ADBE Vector Shape - Group","hd":false},{"ty":"st","c":{"a":0,"k":[0,0,0,1],"ix":3,"x":"var $bm_rt;\n$bm_rt = thisComp.layer('Main Stroke width - Color Ctrl').effect('color')('Color');"},"o":{"a":0,"k":100,"ix":4},"w":{"a":0,"k":16,"ix":5,"x":"var $bm_rt;\n$bm_rt = thisComp.layer('Main Stroke width - Color Ctrl').effect('Stroke width')('Slider');"},"lc":2,"lj":2,"bm":0,"nm":"Stroke 1","mn":"ADBE Vector Graphic - Stroke","hd":false},{"ty":"tr","p":{"a":0,"k":[319.934,193.24],"ix":2},"a":{"a":0,"k":[0,0],"ix":1},"s":{"a":0,"k":[100,100],"ix":3},"r":{"a":0,"k":0,"ix":6},"o":{"a":0,"k":100,"ix":7},"sk":{"a":0,"k":0,"ix":4},"sa":{"a":0,"k":0,"ix":5},"nm":"Transform"}],"nm":"Group 1","np":2,"cix":2,"bm":0,"ix":1,"mn":"ADBE Vector Group","hd":false},{"ty":"gr","it":[{"ind":0,"ty":"sh","ix":1,"ks":{"a":1,"k":[{"i":{"x":0.667,"y":1},"o":{"x":0.333,"y":0},"t":1,"s":[{"i":[[0,0],[0,0],[12.885,0],[0,0],[0,-12.885],[0,0]],"o":[[0,0],[0,-12.885],[0,0],[-12.885,0],[0,0],[0,0]],"v":[[23.331,15.961],[23.331,7.37],[0,-15.961],[0,-15.961],[-23.331,7.37],[-23.331,15.961]],"c":false}]},{"i":{"x":0.667,"y":1},"o":{"x":0.333,"y":0},"t":12,"s":[{"i":[[0,0],[0,0],[12.885,0],[0,0],[0,-12.885],[0,0]],"o":[[0,0],[0,-12.885],[0,0],[-12.885,0],[0,0],[0,0]],"v":[[23.331,15.961],[23.331,7.37],[0,-15.961],[0,-15.961],[-23.331,7.37],[-23.331,15.961]],"c":false}]},{"i":{"x":0.667,"y":1},"o":{"x":0.167,"y":0},"t":18,"s":[{"i":[[0,0],[0,0],[12.885,0],[0,0],[0,-12.885],[0,0]],"o":[[0,0],[0,-12.885],[0,0],[-12.885,0],[0,0],[0,0]],"v":[[23.331,15.961],[23.331,7.37],[0,-15.961],[0,-15.961],[-23.331,7.37],[-23.331,15.961]],"c":false}]},{"i":{"x":0.667,"y":1},"o":{"x":0.167,"y":0},"t":29,"s":[{"i":[[0,0],[0,0],[12.885,0],[0,0],[0,-12.885],[0,0]],"o":[[0,0],[0,-12.885],[0,0],[-12.885,0],[0,0],[0,0]],"v":[[23.331,15.961],[23.331,7.37],[0,-15.961],[0,-15.961],[-23.331,7.37],[-23.331,15.961]],"c":false}]},{"t":35,"s":[{"i":[[0,0],[0,0],[12.885,0],[0,0],[0,-12.885],[0,0]],"o":[[0,0],[0,-12.885],[0,0],[-12.885,0],[0,0],[0,0]],"v":[[23.331,15.961],[23.331,7.37],[0,-15.961],[0,-15.961],[-23.331,7.37],[-23.331,15.961]],"c":false}]}],"ix":2},"nm":"Path 1","mn":"ADBE Vector Shape - Group","hd":false},{"ty":"st","c":{"a":0,"k":[0,0,0,1],"ix":3,"x":"var $bm_rt;\n$bm_rt = thisComp.layer('Main Stroke width - Color Ctrl').effect('color')('Color');"},"o":{"a":0,"k":100,"ix":4},"w":{"a":0,"k":16,"ix":5,"x":"var $bm_rt;\n$bm_rt = thisComp.layer('Main Stroke width - Color Ctrl').effect('Stroke width')('Slider');"},"lc":2,"lj":2,"bm":0,"nm":"Stroke 1","mn":"ADBE Vector Graphic - Stroke","hd":false},{"ty":"tr","p":{"a":0,"k":[273.155,185.105],"ix":2},"a":{"a":0,"k":[0,0],"ix":1},"s":{"a":0,"k":[100,100],"ix":3},"r":{"a":0,"k":0,"ix":6},"o":{"a":0,"k":100,"ix":7},"sk":{"a":0,"k":0,"ix":4},"sa":{"a":0,"k":0,"ix":5},"nm":"Transform"}],"nm":"Group 2","np":2,"cix":2,"bm":0,"ix":2,"mn":"ADBE Vector Group","hd":false},{"ty":"gr","it":[{"ind":0,"ty":"sh","ix":1,"ks":{"a":1,"k":[{"i":{"x":0.667,"y":1},"o":{"x":0.333,"y":0},"t":1,"s":[{"i":[[0,0],[0,0],[12.885,0],[0,0],[0,-12.885],[0,0]],"o":[[0,0],[0,-12.885],[0,0],[-12.885,0],[0,0],[0,0]],"v":[[23.331,40.44],[23.331,-62.993],[0,-86.324],[0,-86.324],[-23.331,-62.993],[-23.331,86.324]],"c":false}]},{"i":{"x":0.667,"y":1},"o":{"x":0.333,"y":0},"t":6,"s":[{"i":[[0,0],[0,0],[11.702,0],[0,0],[0,-11.702],[0,0]],"o":[[0,0],[0,-11.702],[0,0],[-11.702,0],[0,0],[0,0]],"v":[[23.331,40.44],[19.876,-34.493],[-1.312,-55.682],[-1.312,-55.682],[-22.5,-34.493],[-23.331,86.324]],"c":false}]},{"i":{"x":0.667,"y":1},"o":{"x":0.333,"y":0},"t":12,"s":[{"i":[[0,0],[0,0],[12.885,0],[0,0],[0,-12.885],[0,0]],"o":[[0,0],[0,-12.885],[0,0],[-12.885,0],[0,0],[0,0]],"v":[[23.331,40.44],[23.331,-62.993],[0,-86.324],[0,-86.324],[-23.331,-62.993],[-23.331,86.324]],"c":false}]},{"i":{"x":0.667,"y":1},"o":{"x":0.167,"y":0},"t":18,"s":[{"i":[[0,0],[0,0],[12.885,0],[0,0],[0,-12.885],[0,0]],"o":[[0,0],[0,-12.885],[0,0],[-12.885,0],[0,0],[0,0]],"v":[[23.331,40.44],[23.331,-62.993],[0,-86.324],[0,-86.324],[-23.331,-62.993],[-23.331,86.324]],"c":false}]},{"i":{"x":0.667,"y":1},"o":{"x":0.333,"y":0},"t":24,"s":[{"i":[[0,0],[0,0],[11.702,0],[0,0],[0,-11.702],[0,0]],"o":[[0,0],[0,-11.702],[0,0],[-11.702,0],[0,0],[0,0]],"v":[[23.331,40.44],[19.876,-34.493],[-1.312,-55.682],[-1.312,-55.682],[-22.5,-34.493],[-23.331,86.324]],"c":false}]},{"i":{"x":0.667,"y":1},"o":{"x":0.167,"y":0},"t":29,"s":[{"i":[[0,0],[0,0],[12.885,0],[0,0],[0,-12.885],[0,0]],"o":[[0,0],[0,-12.885],[0,0],[-12.885,0],[0,0],[0,0]],"v":[[23.331,40.44],[23.331,-62.993],[0,-86.324],[0,-86.324],[-23.331,-62.993],[-23.331,86.324]],"c":false}]},{"t":35,"s":[{"i":[[0,0],[0,0],[12.885,0],[0,0],[0,-12.885],[0,0]],"o":[[0,0],[0,-12.885],[0,0],[-12.885,0],[0,0],[0,0]],"v":[[23.331,40.44],[23.331,-62.993],[0,-86.324],[0,-86.324],[-23.331,-62.993],[-23.331,86.324]],"c":false}]}],"ix":2},"nm":"Path 1","mn":"ADBE Vector Shape - Group","hd":false},{"ty":"st","c":{"a":0,"k":[0,0,0,1],"ix":3,"x":"var $bm_rt;\n$bm_rt = thisComp.layer('Main Stroke width - Color Ctrl').effect('color')('Color');"},"o":{"a":0,"k":100,"ix":4},"w":{"a":0,"k":16,"ix":5,"x":"var $bm_rt;\n$bm_rt = thisComp.layer('Main Stroke width - Color Ctrl').effect('Stroke width')('Slider');"},"lc":2,"lj":2,"bm":0,"nm":"Stroke 1","mn":"ADBE Vector Graphic - Stroke","hd":false},{"ty":"tr","p":{"a":0,"k":[226.494,148.899],"ix":2},"a":{"a":0,"k":[0,0],"ix":1},"s":{"a":0,"k":[100,100],"ix":3},"r":{"a":0,"k":0,"ix":6},"o":{"a":0,"k":100,"ix":7},"sk":{"a":0,"k":0,"ix":4},"sa":{"a":0,"k":0,"ix":5},"nm":"Transform"}],"nm":"Group 3","np":2,"cix":2,"bm":0,"ix":3,"mn":"ADBE Vector Group","hd":false},{"ty":"tr","p":{"a":0,"k":[226.494,148.899],"ix":2},"a":{"a":0,"k":[226.494,148.899],"ix":1},"s":{"a":0,"k":[100,100],"ix":3},"r":{"a":0,"k":0,"ix":6},"o":{"a":0,"k":100,"ix":7},"sk":{"a":0,"k":0,"ix":4},"sa":{"a":0,"k":0,"ix":5},"nm":"Transform"}],"nm":"Group 2","np":3,"cix":2,"bm":0,"ix":2,"mn":"ADBE Vector Group","hd":false}],"ip":0,"op":37,"st":0,"bm":0},{"ddd":0,"ind":4,"ty":3,"nm":"Zero | troke width - Color Ctrl","sr":1,"ks":{"o":{"a":0,"k":0,"ix":11},"r":{"a":0,"k":0,"ix":10},"p":{"a":0,"k":[250,250,0],"ix":2,"l":2},"a":{"a":0,"k":[0,0,0],"ix":1,"l":2},"s":{"a":0,"k":[100,100,100],"ix":6,"l":2}},"ao":0,"ip":0,"op":37,"st":0,"bm":0}],"markers":[]}