{"v":"4.8.0","meta":{"g":"LottieFiles AE ","a":"","k":"","d":"","tc":""},"fr":25,"ip":0,"op":75,"w":500,"h":500,"nm":"Icon-35 Headphones","ddd":0,"assets":[],"layers":[{"ddd":0,"ind":1,"ty":3,"nm":"Stroke width - Color Ctrl","sr":1,"ks":{"o":{"a":0,"k":0,"ix":11},"r":{"a":0,"k":0,"ix":10},"p":{"a":0,"k":[249.495,247.475,0],"ix":2},"a":{"a":0,"k":[49.495,47.475,0],"ix":1},"s":{"a":0,"k":[100,100,100],"ix":6}},"ao":0,"ef":[{"ty":5,"nm":"Stroke width","np":3,"mn":"ADBE Slider Control","ix":1,"en":1,"ef":[{"ty":0,"nm":"Slider","mn":"ADBE Slider Control-0001","ix":1,"v":{"a":0,"k":16,"ix":1}}]},{"ty":5,"nm":"Highlight","np":3,"mn":"ADBE Color Control","ix":2,"en":1,"ef":[{"ty":2,"nm":"Color","mn":"ADBE Color Control-0001","ix":1,"v":{"a":0,"k":[0.200000017881,0.800000071526,0.800000071526,1],"ix":1}}]},{"ty":5,"nm":"Base color","np":3,"mn":"ADBE Color Control","ix":3,"en":1,"ef":[{"ty":2,"nm":"Color","mn":"ADBE Color Control-0001","ix":1,"v":{"a":0,"k":[0,0,0,1],"ix":1}}]}],"ip":0,"op":75,"st":0,"bm":0},{"ddd":0,"ind":2,"ty":4,"nm":"Chat 2","parent":4,"sr":1,"ks":{"o":{"a":1,"k":[{"i":{"x":[0.833],"y":[0.833]},"o":{"x":[0.167],"y":[0.167]},"t":29,"s":[0]},{"i":{"x":[0.833],"y":[0.833]},"o":{"x":[0.167],"y":[0.167]},"t":34,"s":[100]},{"i":{"x":[0.833],"y":[0.833]},"o":{"x":[0.167],"y":[0.167]},"t":39,"s":[100]},{"t":44,"s":[0]}],"ix":11},"r":{"a":0,"k":0,"ix":10},"p":{"a":1,"k":[{"i":{"x":0.833,"y":0.833},"o":{"x":0.167,"y":0.167},"t":29,"s":[-97.04,-88.924,0],"to":[0,-16.467,0],"ti":[0,16.467,0]},{"t":44,"s":[-97.04,-187.729,0]}],"ix":2},"a":{"a":0,"k":[0,0,0],"ix":1},"s":{"a":0,"k":[-100,100,100],"ix":6}},"ao":0,"shapes":[{"ty":"gr","it":[{"ind":0,"ty":"sh","ix":1,"ks":{"a":0,"k":{"i":[[46.441,63.157],[-8.249,-54.991],[-26.604,3.496],[0,0],[0,0]],"o":[[-36.414,-49.522],[6,40],[21.649,-2.845],[0,0],[0,0]],"v":[[41.355,8.765],[-114,72],[-34,114],[-10,136],[4,102]],"c":true},"ix":2},"nm":"Path 1","mn":"ADBE Vector Shape - Group","hd":false},{"ty":"st","c":{"a":0,"k":[0,0,0,1],"ix":3},"o":{"a":0,"k":100,"ix":4},"w":{"a":0,"k":20,"ix":5,"x":"var $bm_rt;\n$bm_rt = $bm_div(thisComp.layer('Stroke width - Color Ctrl').effect('Stroke width')('Slider'), 0.8);"},"lc":1,"lj":2,"bm":0,"nm":"Stroke 1","mn":"ADBE Vector Graphic - Stroke","hd":false},{"ty":"tr","p":{"a":0,"k":[-65.458,72.869],"ix":2},"a":{"a":0,"k":[0,0],"ix":1},"s":{"a":0,"k":[100,100],"ix":3},"r":{"a":0,"k":0,"ix":6},"o":{"a":0,"k":100,"ix":7},"sk":{"a":0,"k":0,"ix":4},"sa":{"a":0,"k":0,"ix":5},"nm":"Transform"}],"nm":"Shape 1","np":3,"cix":2,"bm":0,"ix":1,"mn":"ADBE Vector Group","hd":false}],"ip":15,"op":90,"st":15,"bm":0},{"ddd":0,"ind":3,"ty":4,"nm":"Chat 1","parent":4,"sr":1,"ks":{"o":{"a":1,"k":[{"i":{"x":[0.833],"y":[0.833]},"o":{"x":[0.167],"y":[0.167]},"t":17,"s":[0]},{"i":{"x":[0.833],"y":[0.833]},"o":{"x":[0.167],"y":[0.167]},"t":22,"s":[100]},{"i":{"x":[0.833],"y":[0.833]},"o":{"x":[0.167],"y":[0.167]},"t":27,"s":[100]},{"t":32,"s":[0]}],"ix":11},"r":{"a":0,"k":0,"ix":10},"p":{"a":1,"k":[{"i":{"x":0.833,"y":0.833},"o":{"x":0.167,"y":0.167},"t":17,"s":[27.171,-12.351,0],"to":[0,-16.467,0],"ti":[0,16.467,0]},{"t":32,"s":[27.171,-111.155,0]}],"ix":2},"a":{"a":0,"k":[0,0,0],"ix":1},"s":{"a":0,"k":[100,100,100],"ix":6}},"ao":0,"shapes":[{"ty":"gr","it":[{"ind":0,"ty":"sh","ix":1,"ks":{"a":0,"k":{"i":[[46.441,63.157],[-8.249,-54.991],[-26.604,3.496],[0,0],[0,0]],"o":[[-36.414,-49.522],[6,40],[21.649,-2.845],[0,0],[0,0]],"v":[[41.355,8.765],[-114,72],[-34,114],[-10,136],[4,102]],"c":true},"ix":2},"nm":"Path 1","mn":"ADBE Vector Shape - Group","hd":false},{"ty":"st","c":{"a":0,"k":[0.20000001496,0.800000059838,0.800000059838,1],"ix":3},"o":{"a":0,"k":100,"ix":4},"w":{"a":0,"k":20,"ix":5,"x":"var $bm_rt;\n$bm_rt = $bm_div(thisComp.layer('Stroke width - Color Ctrl').effect('Stroke width')('Slider'), 0.8);"},"lc":1,"lj":2,"bm":0,"nm":"Stroke 1","mn":"ADBE Vector Graphic - Stroke","hd":false},{"ty":"tr","p":{"a":0,"k":[0,0],"ix":2},"a":{"a":0,"k":[0,0],"ix":1},"s":{"a":0,"k":[100,100],"ix":3},"r":{"a":0,"k":0,"ix":6},"o":{"a":0,"k":100,"ix":7},"sk":{"a":0,"k":0,"ix":4},"sa":{"a":0,"k":0,"ix":5},"nm":"Transform"}],"nm":"Shape 1","np":3,"cix":2,"bm":0,"ix":1,"mn":"ADBE Vector Group","hd":false}],"ip":3,"op":78,"st":3,"bm":0},{"ddd":0,"ind":4,"ty":4,"nm":"Headphones ","sr":1,"ks":{"o":{"a":0,"k":100,"ix":11},"r":{"a":1,"k":[{"i":{"x":[0.65],"y":[1]},"o":{"x":[0.35],"y":[0]},"t":20,"s":[0]},{"i":{"x":[0.65],"y":[1]},"o":{"x":[0.35],"y":[0]},"t":30,"s":[9.722]},{"i":{"x":[0.65],"y":[1]},"o":{"x":[0.35],"y":[0]},"t":40.454,"s":[-3.121]},{"t":45,"s":[0]}],"ix":10},"p":{"a":0,"k":[250,250,0],"ix":2},"a":{"a":0,"k":[0,0,0],"ix":1},"s":{"a":0,"k":[80,80,100],"ix":6}},"ao":0,"shapes":[{"ty":"gr","it":[{"ind":0,"ty":"sh","ix":1,"ks":{"a":1,"k":[{"i":{"x":0.65,"y":1},"o":{"x":0.35,"y":0},"t":16,"s":[{"i":[[0,0],[0,0],[0,15.14],[0,0],[15.14,0],[0,0]],"o":[[0,0],[15.14,0],[0,0],[0,-15.14],[0,0],[0,0]],"v":[[172.25,109.65],[192.802,109.65],[220.214,82.238],[220.214,0],[192.802,-27.413],[164.475,-27.413]],"c":false}]},{"i":{"x":0.65,"y":1},"o":{"x":0.35,"y":0},"t":21,"s":[{"i":[[0,0],[0,0],[0,15.14],[0,0],[15.14,0],[0,0]],"o":[[0,0],[15.14,0],[0,0],[0,-15.14],[0,0],[0,0]],"v":[[172.25,109.65],[192.802,109.65],[220.214,82.238],[220.214,32],[192.802,4.587],[164.475,4.587]],"c":false}]},{"i":{"x":0.65,"y":1},"o":{"x":0.35,"y":0},"t":26,"s":[{"i":[[0,0],[0,0],[0,15.14],[0,0],[15.14,0],[0,0]],"o":[[0,0],[15.14,0],[0,0],[0,-15.14],[0,0],[0,0]],"v":[[172.25,109.65],[192.802,109.65],[220.214,82.238],[220.214,12],[192.802,-15.413],[164.475,-15.413]],"c":false}]},{"i":{"x":0.65,"y":1},"o":{"x":0.35,"y":0},"t":31,"s":[{"i":[[0,0],[0,0],[0,15.14],[0,0],[15.14,0],[0,0]],"o":[[0,0],[15.14,0],[0,0],[0,-15.14],[0,0],[0,0]],"v":[[172.25,109.65],[192.802,109.65],[220.214,82.238],[220.214,32],[192.802,4.587],[164.475,4.587]],"c":false}]},{"t":36,"s":[{"i":[[0,0],[0,0],[0,15.14],[0,0],[15.14,0],[0,0]],"o":[[0,0],[15.14,0],[0,0],[0,-15.14],[0,0],[0,0]],"v":[[172.25,109.65],[192.802,109.65],[220.214,82.238],[220.214,0],[192.802,-27.413],[164.475,-27.413]],"c":false}]}],"ix":2},"nm":"Path 1","mn":"ADBE Vector Shape - Group","hd":false},{"ty":"st","c":{"a":0,"k":[0,0,0,1],"ix":3},"o":{"a":0,"k":100,"ix":4},"w":{"a":0,"k":21,"ix":5,"x":"var $bm_rt;\n$bm_rt = $bm_div(thisComp.layer('Stroke width - Color Ctrl').effect('Stroke width')('Slider'), 0.8);"},"lc":2,"lj":2,"bm":0,"nm":"Stroke 1","mn":"ADBE Vector Graphic - Stroke","hd":false},{"ty":"tr","p":{"a":0,"k":[0,0],"ix":2},"a":{"a":0,"k":[0,0],"ix":1},"s":{"a":0,"k":[100,100],"ix":3},"r":{"a":0,"k":0,"ix":6},"o":{"a":0,"k":100,"ix":7},"sk":{"a":0,"k":0,"ix":4},"sa":{"a":0,"k":0,"ix":5},"nm":"Transform"}],"nm":"Group 1","np":2,"cix":2,"bm":0,"ix":1,"mn":"ADBE Vector Group","hd":false},{"ty":"gr","it":[{"ind":0,"ty":"sh","ix":1,"ks":{"a":1,"k":[{"i":{"x":0.65,"y":1},"o":{"x":0.35,"y":0},"t":16,"s":[{"i":[[15.14,0],[0,0],[0,15.14],[0,0],[-15.14,0],[0,0],[0,-15.14],[0,0]],"o":[[0,0],[-15.14,0],[0,0],[0,-15.14],[0,0],[15.14,0],[0,0],[0,15.14]],"v":[[137.063,137.063],[137.063,137.063],[109.65,109.65],[109.65,-27.413],[137.063,-54.825],[137.063,-54.825],[164.475,-27.413],[164.475,109.65]],"c":true}]},{"i":{"x":0.65,"y":1},"o":{"x":0.35,"y":0},"t":21,"s":[{"i":[[15.14,0],[0,0],[0,15.14],[0,0],[-15.14,0],[0,0],[0,-15.14],[0,0]],"o":[[0,0],[-15.14,0],[0,0],[0,-15.14],[0,0],[15.14,0],[0,0],[0,15.14]],"v":[[137.063,137.063],[137.063,137.063],[109.65,109.65],[109.65,4.587],[137.063,-22.825],[137.063,-22.825],[164.475,4.587],[164.475,109.65]],"c":true}]},{"i":{"x":0.65,"y":1},"o":{"x":0.35,"y":0},"t":26,"s":[{"i":[[15.14,0],[0,0],[0,15.14],[0,0],[-15.14,0],[0,0],[0,-15.14],[0,0]],"o":[[0,0],[-15.14,0],[0,0],[0,-15.14],[0,0],[15.14,0],[0,0],[0,15.14]],"v":[[137.063,137.063],[137.063,137.063],[109.65,109.65],[109.65,-15.413],[137.063,-42.825],[137.063,-42.825],[164.475,-15.413],[164.475,109.65]],"c":true}]},{"i":{"x":0.65,"y":1},"o":{"x":0.35,"y":0},"t":31,"s":[{"i":[[15.14,0],[0,0],[0,15.14],[0,0],[-15.14,0],[0,0],[0,-15.14],[0,0]],"o":[[0,0],[-15.14,0],[0,0],[0,-15.14],[0,0],[15.14,0],[0,0],[0,15.14]],"v":[[137.063,137.063],[137.063,137.063],[109.65,109.65],[109.65,4.587],[137.063,-22.825],[137.063,-22.825],[164.475,4.587],[164.475,109.65]],"c":true}]},{"t":36,"s":[{"i":[[15.14,0],[0,0],[0,15.14],[0,0],[-15.14,0],[0,0],[0,-15.14],[0,0]],"o":[[0,0],[-15.14,0],[0,0],[0,-15.14],[0,0],[15.14,0],[0,0],[0,15.14]],"v":[[137.063,137.063],[137.063,137.063],[109.65,109.65],[109.65,-27.413],[137.063,-54.825],[137.063,-54.825],[164.475,-27.413],[164.475,109.65]],"c":true}]}],"ix":2},"nm":"Path 1","mn":"ADBE Vector Shape - Group","hd":false},{"ty":"st","c":{"a":0,"k":[0,0,0,1],"ix":3},"o":{"a":0,"k":100,"ix":4},"w":{"a":0,"k":21,"ix":5,"x":"var $bm_rt;\n$bm_rt = $bm_div(thisComp.layer('Stroke width - Color Ctrl').effect('Stroke width')('Slider'), 0.8);"},"lc":2,"lj":2,"bm":0,"nm":"Stroke 1","mn":"ADBE Vector Graphic - Stroke","hd":false},{"ty":"tr","p":{"a":0,"k":[0,0],"ix":2},"a":{"a":0,"k":[0,0],"ix":1},"s":{"a":0,"k":[100,100],"ix":3},"r":{"a":0,"k":0,"ix":6},"o":{"a":0,"k":100,"ix":7},"sk":{"a":0,"k":0,"ix":4},"sa":{"a":0,"k":0,"ix":5},"nm":"Transform"}],"nm":"Group 2","np":2,"cix":2,"bm":0,"ix":2,"mn":"ADBE Vector Group","hd":false},{"ty":"gr","it":[{"ind":0,"ty":"sh","ix":1,"ks":{"a":1,"k":[{"i":{"x":0.65,"y":1},"o":{"x":0.35,"y":0},"t":16,"s":[{"i":[[0,0],[-15.14,0],[0,15.14],[0,0],[15.14,0],[0,-15.14]],"o":[[0,15.14],[15.14,0],[0,0],[0,-15.14],[-15.14,0],[0,0]],"v":[[-164.475,109.65],[-137.063,137.063],[-109.65,109.65],[-109.65,-27.413],[-137.063,-54.825],[-164.475,-27.413]],"c":false}]},{"i":{"x":0.65,"y":1},"o":{"x":0.35,"y":0},"t":21,"s":[{"i":[[0,0],[-15.14,0],[0,15.14],[0,0],[15.14,0],[0,-15.14]],"o":[[0,15.14],[15.14,0],[0,0],[0,-15.14],[-15.14,0],[0,0]],"v":[[-164.475,109.65],[-137.063,137.063],[-109.65,109.65],[-109.65,4.587],[-137.063,-22.825],[-164.475,4.587]],"c":false}]},{"i":{"x":0.65,"y":1},"o":{"x":0.35,"y":0},"t":26,"s":[{"i":[[0,0],[-15.14,0],[0,15.14],[0,0],[15.14,0],[0,-15.14]],"o":[[0,15.14],[15.14,0],[0,0],[0,-15.14],[-15.14,0],[0,0]],"v":[[-164.475,109.65],[-137.063,137.063],[-109.65,109.65],[-109.65,-15.413],[-137.063,-42.825],[-164.475,-15.413]],"c":false}]},{"i":{"x":0.65,"y":1},"o":{"x":0.35,"y":0},"t":31,"s":[{"i":[[0,0],[-15.14,0],[0,15.14],[0,0],[15.14,0],[0,-15.14]],"o":[[0,15.14],[15.14,0],[0,0],[0,-15.14],[-15.14,0],[0,0]],"v":[[-164.475,109.65],[-137.063,137.063],[-109.65,109.65],[-109.65,4.587],[-137.063,-22.825],[-164.475,4.587]],"c":false}]},{"t":36,"s":[{"i":[[0,0],[-15.14,0],[0,15.14],[0,0],[15.14,0],[0,-15.14]],"o":[[0,15.14],[15.14,0],[0,0],[0,-15.14],[-15.14,0],[0,0]],"v":[[-164.475,109.65],[-137.063,137.063],[-109.65,109.65],[-109.65,-27.413],[-137.063,-54.825],[-164.475,-27.413]],"c":false}]}],"ix":2},"nm":"Path 1","mn":"ADBE Vector Shape - Group","hd":false},{"ty":"st","c":{"a":0,"k":[0,0,0,1],"ix":3},"o":{"a":0,"k":100,"ix":4},"w":{"a":0,"k":21,"ix":5,"x":"var $bm_rt;\n$bm_rt = $bm_div(thisComp.layer('Stroke width - Color Ctrl').effect('Stroke width')('Slider'), 0.8);"},"lc":2,"lj":2,"bm":0,"nm":"Stroke 1","mn":"ADBE Vector Graphic - Stroke","hd":false},{"ty":"tr","p":{"a":0,"k":[0,0],"ix":2},"a":{"a":0,"k":[0,0],"ix":1},"s":{"a":0,"k":[100,100],"ix":3},"r":{"a":0,"k":0,"ix":6},"o":{"a":0,"k":100,"ix":7},"sk":{"a":0,"k":0,"ix":4},"sa":{"a":0,"k":0,"ix":5},"nm":"Transform"}],"nm":"Group 3","np":2,"cix":2,"bm":0,"ix":3,"mn":"ADBE Vector Group","hd":false},{"ty":"gr","it":[{"ind":0,"ty":"sh","ix":1,"ks":{"a":1,"k":[{"i":{"x":0.65,"y":1},"o":{"x":0.35,"y":0},"t":16,"s":[{"i":[[0,0],[0,0],[0,15.14],[0,0],[-15.14,0],[0,0]],"o":[[0,0],[-15.14,0],[0,0],[0,-15.14],[0,0],[0,0]],"v":[[-164.475,109.65],[-192.802,109.65],[-220.214,82.238],[-220.214,0],[-192.802,-27.413],[-164.475,-27.413]],"c":true}]},{"i":{"x":0.65,"y":1},"o":{"x":0.35,"y":0},"t":21,"s":[{"i":[[0,0],[0,0],[0,15.14],[0,0],[-15.14,0],[0,0]],"o":[[0,0],[-15.14,0],[0,0],[0,-15.14],[0,0],[0,0]],"v":[[-164.475,109.65],[-192.802,109.65],[-220.214,82.238],[-220.214,32],[-192.802,4.587],[-164.475,4.587]],"c":true}]},{"i":{"x":0.65,"y":1},"o":{"x":0.35,"y":0},"t":26,"s":[{"i":[[0,0],[0,0],[0,15.14],[0,0],[-15.14,0],[0,0]],"o":[[0,0],[-15.14,0],[0,0],[0,-15.14],[0,0],[0,0]],"v":[[-164.475,109.65],[-192.802,109.65],[-220.214,82.238],[-220.214,12],[-192.802,-15.413],[-164.475,-15.413]],"c":true}]},{"i":{"x":0.65,"y":1},"o":{"x":0.35,"y":0},"t":31,"s":[{"i":[[0,0],[0,0],[0,15.14],[0,0],[-15.14,0],[0,0]],"o":[[0,0],[-15.14,0],[0,0],[0,-15.14],[0,0],[0,0]],"v":[[-164.475,109.65],[-192.802,109.65],[-220.214,82.238],[-220.214,32],[-192.802,4.587],[-164.475,4.587]],"c":true}]},{"t":36,"s":[{"i":[[0,0],[0,0],[0,15.14],[0,0],[-15.14,0],[0,0]],"o":[[0,0],[-15.14,0],[0,0],[0,-15.14],[0,0],[0,0]],"v":[[-164.475,109.65],[-192.802,109.65],[-220.214,82.238],[-220.214,0],[-192.802,-27.413],[-164.475,-27.413]],"c":true}]}],"ix":2},"nm":"Path 1","mn":"ADBE Vector Shape - Group","hd":false},{"ty":"st","c":{"a":0,"k":[0,0,0,1],"ix":3},"o":{"a":0,"k":100,"ix":4},"w":{"a":0,"k":21,"ix":5,"x":"var $bm_rt;\n$bm_rt = $bm_div(thisComp.layer('Stroke width - Color Ctrl').effect('Stroke width')('Slider'), 0.8);"},"lc":2,"lj":2,"bm":0,"nm":"Stroke 1","mn":"ADBE Vector Graphic - Stroke","hd":false},{"ty":"tr","p":{"a":0,"k":[0,0],"ix":2},"a":{"a":0,"k":[0,0],"ix":1},"s":{"a":0,"k":[100,100],"ix":3},"r":{"a":0,"k":0,"ix":6},"o":{"a":0,"k":100,"ix":7},"sk":{"a":0,"k":0,"ix":4},"sa":{"a":0,"k":0,"ix":5},"nm":"Transform"}],"nm":"Group 4","np":2,"cix":2,"bm":0,"ix":4,"mn":"ADBE Vector Group","hd":false}],"ip":0,"op":75,"st":0,"bm":0},{"ddd":0,"ind":5,"ty":4,"nm":"Diadem","parent":4,"sr":1,"ks":{"o":{"a":0,"k":100,"ix":11},"r":{"a":0,"k":0,"ix":10},"p":{"a":0,"k":[0,0,0],"ix":2},"a":{"a":0,"k":[0,0,0],"ix":1},"s":{"a":0,"k":[100,100,100],"ix":6}},"ao":0,"shapes":[{"ty":"gr","it":[{"ind":0,"ty":"sh","ix":1,"ks":{"a":1,"k":[{"i":{"x":0.65,"y":1},"o":{"x":0.35,"y":0},"t":16,"s":[{"i":[[0,0],[0,0],[-90.837,0],[0,0],[0,-90.837],[0,0]],"o":[[0,0],[0,-90.837],[0,0],[90.837,0],[0,0],[0,0]],"v":[[-164.475,-27.413],[-164.475,-54.825],[0,-220.214],[0,-220.214],[164.475,-54.825],[164.475,-27.413]],"c":false}]},{"i":{"x":0.65,"y":1},"o":{"x":0.35,"y":0},"t":21,"s":[{"i":[[0,0],[0,0],[-90.837,0],[0,0],[0,-90.837],[0,0]],"o":[[0,0],[0,-90.837],[0,0],[90.837,0],[0,0],[0,0]],"v":[[-164.475,0.587],[-164.475,-54.825],[0,-178.214],[0,-178.214],[164.475,-54.825],[164.475,0.587]],"c":false}]},{"i":{"x":0.65,"y":1},"o":{"x":0.35,"y":0},"t":26,"s":[{"i":[[0,0],[0,0],[-90.837,0],[0,0],[0,-90.837],[0,0]],"o":[[0,0],[0,-90.837],[0,0],[90.837,0],[0,0],[0,0]],"v":[[-164.475,-11.413],[-164.475,-54.825],[0,-220.214],[0,-220.214],[164.475,-54.825],[164.475,-11.413]],"c":false}]},{"i":{"x":0.65,"y":1},"o":{"x":0.35,"y":0},"t":31,"s":[{"i":[[0,0],[0,0],[-90.837,0],[0,0],[0,-90.837],[0,0]],"o":[[0,0],[0,-90.837],[0,0],[90.837,0],[0,0],[0,0]],"v":[[-164.475,0.587],[-164.475,-54.825],[0,-178.214],[0,-178.214],[164.475,-54.825],[164.475,0.587]],"c":false}]},{"t":36,"s":[{"i":[[0,0],[0,0],[-90.837,0],[0,0],[0,-90.837],[0,0]],"o":[[0,0],[0,-90.837],[0,0],[90.837,0],[0,0],[0,0]],"v":[[-164.475,-27.413],[-164.475,-54.825],[0,-220.214],[0,-220.214],[164.475,-54.825],[164.475,-27.413]],"c":false}]}],"ix":2},"nm":"Path 1","mn":"ADBE Vector Shape - Group","hd":false},{"ty":"st","c":{"a":0,"k":[0,0,0,1],"ix":3},"o":{"a":0,"k":100,"ix":4},"w":{"a":0,"k":21,"ix":5,"x":"var $bm_rt;\n$bm_rt = $bm_div(thisComp.layer('Stroke width - Color Ctrl').effect('Stroke width')('Slider'), 0.8);"},"lc":2,"lj":2,"bm":0,"nm":"Stroke 1","mn":"ADBE Vector Graphic - Stroke","hd":false},{"ty":"tr","p":{"a":0,"k":[0,0],"ix":2},"a":{"a":0,"k":[0,0],"ix":1},"s":{"a":0,"k":[100,100],"ix":3},"r":{"a":0,"k":0,"ix":6},"o":{"a":0,"k":100,"ix":7},"sk":{"a":0,"k":0,"ix":4},"sa":{"a":0,"k":0,"ix":5},"nm":"Transform"}],"nm":"Group 1","np":2,"cix":2,"bm":0,"ix":1,"mn":"ADBE Vector Group","hd":false}],"ip":0,"op":75,"st":0,"bm":0},{"ddd":0,"ind":6,"ty":4,"nm":"Mic","parent":4,"sr":1,"ks":{"o":{"a":0,"k":100,"ix":11},"r":{"a":1,"k":[{"i":{"x":[0.58],"y":[1]},"o":{"x":[0.42],"y":[0]},"t":14,"s":[0]},{"i":{"x":[0.58],"y":[1]},"o":{"x":[0.42],"y":[0]},"t":28,"s":[8.531]},{"i":{"x":[0.58],"y":[1]},"o":{"x":[0.42],"y":[0]},"t":36,"s":[-2.765]},{"i":{"x":[0.58],"y":[1]},"o":{"x":[0.42],"y":[0]},"t":44,"s":[4.651]},{"i":{"x":[0.58],"y":[1]},"o":{"x":[0.42],"y":[0]},"t":51,"s":[-2.83]},{"i":{"x":[0.58],"y":[1]},"o":{"x":[0.42],"y":[0]},"t":59,"s":[6.485]},{"t":65,"s":[0]}],"ix":10},"p":{"a":0,"k":[164.475,119.214,0],"ix":2},"a":{"a":0,"k":[164.475,119.214,0],"ix":1},"s":{"a":0,"k":[100,100,100],"ix":6}},"ao":0,"shapes":[{"ty":"gr","it":[{"ind":0,"ty":"sh","ix":1,"ks":{"a":0,"k":{"i":[[0,0],[0,0],[0,15.14],[0,0]],"o":[[0,0],[15.14,0],[0,0],[0,0]],"v":[[27.413,192.802],[137.063,192.802],[164.475,165.389],[164.475,119.214]],"c":false},"ix":2},"nm":"Path 1","mn":"ADBE Vector Shape - Group","hd":false},{"ty":"st","c":{"a":0,"k":[0.2,0.8,0.8,1],"ix":3},"o":{"a":0,"k":100,"ix":4},"w":{"a":0,"k":21,"ix":5,"x":"var $bm_rt;\n$bm_rt = $bm_div(thisComp.layer('Stroke width - Color Ctrl').effect('Stroke width')('Slider'), 0.8);"},"lc":2,"lj":2,"bm":0,"nm":"Stroke 1","mn":"ADBE Vector Graphic - Stroke","hd":false},{"ty":"tr","p":{"a":0,"k":[0,0],"ix":2},"a":{"a":0,"k":[0,0],"ix":1},"s":{"a":0,"k":[100,100],"ix":3},"r":{"a":0,"k":0,"ix":6},"o":{"a":0,"k":100,"ix":7},"sk":{"a":0,"k":0,"ix":4},"sa":{"a":0,"k":0,"ix":5},"nm":"Transform"}],"nm":"Group 1","np":2,"cix":2,"bm":0,"ix":1,"mn":"ADBE Vector Group","hd":false},{"ty":"gr","it":[{"ind":0,"ty":"sh","ix":1,"ks":{"a":0,"k":{"i":[[15.14,0],[0,0],[0,15.14],[0,0],[-15.14,0],[0,0],[0,-15.14],[0,0]],"o":[[0,0],[-15.14,0],[0,0],[0,-15.14],[0,0],[15.14,0],[0,0],[0,15.14]],"v":[[0,220.214],[0,220.214],[-27.413,192.802],[-27.413,192.802],[0,165.389],[0,165.389],[27.413,192.802],[27.413,192.802]],"c":true},"ix":2},"nm":"Path 1","mn":"ADBE Vector Shape - Group","hd":false},{"ty":"st","c":{"a":0,"k":[0.2,0.8,0.8,1],"ix":3},"o":{"a":0,"k":100,"ix":4},"w":{"a":0,"k":21,"ix":5,"x":"var $bm_rt;\n$bm_rt = $bm_div(thisComp.layer('Stroke width - Color Ctrl').effect('Stroke width')('Slider'), 0.8);"},"lc":2,"lj":2,"bm":0,"nm":"Stroke 1","mn":"ADBE Vector Graphic - Stroke","hd":false},{"ty":"tr","p":{"a":0,"k":[0,0],"ix":2},"a":{"a":0,"k":[0,0],"ix":1},"s":{"a":0,"k":[100,100],"ix":3},"r":{"a":0,"k":0,"ix":6},"o":{"a":0,"k":100,"ix":7},"sk":{"a":0,"k":0,"ix":4},"sa":{"a":0,"k":0,"ix":5},"nm":"Transform"}],"nm":"Group 2","np":2,"cix":2,"bm":0,"ix":2,"mn":"ADBE Vector Group","hd":false}],"ip":0,"op":75,"st":0,"bm":0}],"markers":[]}