{"v":"4.8.0","meta":{"g":"LottieFiles AE 3.0.0","a":"","k":"","d":"","tc":""},"fr":25,"ip":0,"op":37,"w":500,"h":500,"nm":"23 Donate","ddd":0,"assets":[],"layers":[{"ddd":0,"ind":1,"ty":3,"nm":"Main Stroke width - Color Ctrl","parent":7,"sr":1,"ks":{"o":{"a":0,"k":0,"ix":11},"r":{"a":0,"k":0,"ix":10},"p":{"a":0,"k":[0,0,0],"ix":2},"a":{"a":0,"k":[50,50,0],"ix":1},"s":{"a":0,"k":[100,100,100],"ix":6}},"ao":0,"ef":[{"ty":5,"nm":"Stroke width","np":3,"mn":"ADBE Slider Control","ix":1,"en":1,"ef":[{"ty":0,"nm":"Slider","mn":"ADBE Slider Control-0001","ix":1,"v":{"a":0,"k":16,"ix":1}}]}],"ip":0,"op":37,"st":0,"bm":0},{"ddd":0,"ind":2,"ty":4,"nm":"Lines 2","parent":1,"sr":1,"ks":{"o":{"a":0,"k":100,"ix":11},"r":{"a":0,"k":0,"ix":10},"p":{"a":0,"k":[95,207.75,0],"ix":2},"a":{"a":0,"k":[-63,10.75,0],"ix":1},"s":{"a":0,"k":[100,100,100],"ix":6}},"ao":0,"shapes":[{"ty":"gr","it":[{"ind":0,"ty":"sh","ix":1,"ks":{"a":0,"k":{"i":[[0,0],[-3,-60.5]],"o":[[0,0],[3,60.5]],"v":[[-79.5,-29.5],[-46.5,51]],"c":false},"ix":2},"nm":"Path 1","mn":"ADBE Vector Shape - Group","hd":false},{"ind":1,"ty":"sh","ix":2,"ks":{"a":0,"k":{"i":[[0,0],[-3,-60.5]],"o":[[0,0],[3,60.5]],"v":[[-35,-24.5],[-12,65]],"c":false},"ix":2},"nm":"Path 2","mn":"ADBE Vector Shape - Group","hd":false},{"ty":"st","c":{"a":0,"k":[0.2,0.8,0.8,1],"ix":3,"x":"var $bm_rt;\n$bm_rt = thisComp.layer('Main Stroke width - Color Ctrl').effect('highlight')('Color');"},"o":{"a":0,"k":100,"ix":4},"w":{"a":0,"k":16,"ix":5,"x":"var $bm_rt;\n$bm_rt = thisComp.layer('Main Stroke width - Color Ctrl').effect('Stroke width')('Slider');"},"lc":2,"lj":2,"bm":0,"nm":"Stroke 1","mn":"ADBE Vector Graphic - Stroke","hd":false},{"ty":"tr","p":{"a":0,"k":[0,0],"ix":2},"a":{"a":0,"k":[0,0],"ix":1},"s":{"a":0,"k":[100,100],"ix":3},"r":{"a":0,"k":0,"ix":6},"o":{"a":0,"k":100,"ix":7},"sk":{"a":0,"k":0,"ix":4},"sa":{"a":0,"k":0,"ix":5},"nm":"Transform"}],"nm":"Shape 1","np":3,"cix":2,"bm":0,"ix":1,"mn":"ADBE Vector Group","hd":false},{"ty":"tm","s":{"a":1,"k":[{"i":{"x":[0.667],"y":[1]},"o":{"x":[0.333],"y":[0]},"t":13,"s":[100]},{"t":18,"s":[0]}],"ix":1},"e":{"a":1,"k":[{"i":{"x":[0.667],"y":[1]},"o":{"x":[0.333],"y":[0]},"t":11,"s":[100]},{"t":16,"s":[0]}],"ix":2},"o":{"a":0,"k":0,"ix":3},"m":1,"ix":2,"nm":"Trim Paths 1","mn":"ADBE Vector Filter - Trim","hd":false}],"ip":11,"op":19,"st":8,"bm":0},{"ddd":0,"ind":3,"ty":4,"nm":"Lines","parent":1,"sr":1,"ks":{"o":{"a":0,"k":100,"ix":11},"r":{"a":0,"k":0,"ix":10},"p":{"a":0,"k":[-13,60.75,0],"ix":2},"a":{"a":0,"k":[-63,10.75,0],"ix":1},"s":{"a":0,"k":[100,100,100],"ix":6}},"ao":0,"shapes":[{"ty":"gr","it":[{"ind":0,"ty":"sh","ix":1,"ks":{"a":0,"k":{"i":[[0,0],[-3,-60.5]],"o":[[0,0],[3,60.5]],"v":[[-79.5,-29.5],[-46.5,51]],"c":false},"ix":2},"nm":"Path 1","mn":"ADBE Vector Shape - Group","hd":false},{"ind":1,"ty":"sh","ix":2,"ks":{"a":0,"k":{"i":[[0,0],[-3,-60.5]],"o":[[0,0],[3,60.5]],"v":[[-35,-24.5],[-12,65]],"c":false},"ix":2},"nm":"Path 2","mn":"ADBE Vector Shape - Group","hd":false},{"ty":"st","c":{"a":0,"k":[0.2,0.8,0.8,1],"ix":3,"x":"var $bm_rt;\n$bm_rt = thisComp.layer('Main Stroke width - Color Ctrl').effect('highlight')('Color');"},"o":{"a":0,"k":100,"ix":4},"w":{"a":0,"k":16,"ix":5,"x":"var $bm_rt;\n$bm_rt = thisComp.layer('Main Stroke width - Color Ctrl').effect('Stroke width')('Slider');"},"lc":2,"lj":2,"bm":0,"nm":"Stroke 1","mn":"ADBE Vector Graphic - Stroke","hd":false},{"ty":"tr","p":{"a":0,"k":[0,0],"ix":2},"a":{"a":0,"k":[0,0],"ix":1},"s":{"a":0,"k":[100,100],"ix":3},"r":{"a":0,"k":0,"ix":6},"o":{"a":0,"k":100,"ix":7},"sk":{"a":0,"k":0,"ix":4},"sa":{"a":0,"k":0,"ix":5},"nm":"Transform"}],"nm":"Shape 1","np":3,"cix":2,"bm":0,"ix":1,"mn":"ADBE Vector Group","hd":false},{"ty":"tm","s":{"a":1,"k":[{"i":{"x":[0.667],"y":[1]},"o":{"x":[0.333],"y":[0]},"t":5,"s":[0]},{"t":11,"s":[100]}],"ix":1},"e":{"a":1,"k":[{"i":{"x":[0.667],"y":[1]},"o":{"x":[0.333],"y":[0]},"t":3,"s":[0]},{"t":8,"s":[100]}],"ix":2},"o":{"a":0,"k":0,"ix":3},"m":1,"ix":2,"nm":"Trim Paths 1","mn":"ADBE Vector Filter - Trim","hd":false}],"ip":3,"op":11,"st":0,"bm":0},{"ddd":0,"ind":4,"ty":4,"nm":"Money 2","parent":5,"sr":1,"ks":{"o":{"a":0,"k":100,"ix":11},"r":{"a":0,"k":0,"ix":10},"p":{"a":0,"k":[71.228,-93.934,0],"ix":2},"a":{"a":0,"k":[0,0,0],"ix":1},"s":{"a":0,"k":[100,100,100],"ix":6}},"ao":0,"shapes":[{"ty":"gr","it":[{"ind":0,"ty":"sh","ix":1,"ks":{"a":1,"k":[{"i":{"x":0.667,"y":1},"o":{"x":0.333,"y":0},"t":3,"s":[{"i":[[-12.97,-12.97],[0,0],[12.969,12.969],[0,0]],"o":[[0,0],[12.969,-12.97],[0,0],[-12.97,12.97]],"v":[[35.23,23.483],[-35.23,23.483],[-35.22,-23.483],[35.23,-23.483]],"c":true}]},{"i":{"x":0.667,"y":1},"o":{"x":0.333,"y":0},"t":9,"s":[{"i":[[-12.97,-12.97],[0,0],[12.969,12.969],[0,0]],"o":[[0,0],[12.969,-12.97],[0,0],[-12.97,12.97]],"v":[[35.23,23.483],[-35.23,23.483],[-34.805,-34.902],[35.645,-34.902]],"c":true}]},{"i":{"x":0.667,"y":1},"o":{"x":0.333,"y":0},"t":19,"s":[{"i":[[-12.97,-12.97],[0,0],[12.969,12.969],[0,0]],"o":[[0,0],[12.969,-12.97],[0,0],[-12.97,12.97]],"v":[[35.23,23.483],[-35.23,23.483],[-34.895,-20.036],[35.555,-20.036]],"c":true}]},{"i":{"x":0.667,"y":1},"o":{"x":0.333,"y":0},"t":26,"s":[{"i":[[-12.97,-12.97],[0,0],[12.969,12.969],[0,0]],"o":[[0,0],[12.969,-12.97],[0,0],[-12.97,12.97]],"v":[[35.23,23.483],[-35.23,23.483],[-35.634,-28.83],[34.816,-28.83]],"c":true}]},{"t":32,"s":[{"i":[[-12.97,-12.97],[0,0],[12.969,12.969],[0,0]],"o":[[0,0],[12.969,-12.97],[0,0],[-12.97,12.97]],"v":[[35.23,23.483],[-35.23,23.483],[-35.22,-23.483],[35.23,-23.483]],"c":true}]}],"ix":2},"nm":"Path 1","mn":"ADBE Vector Shape - Group","hd":false},{"ty":"st","c":{"a":0,"k":[0,0,0,1],"ix":3,"x":"var $bm_rt;\n$bm_rt = thisComp.layer('Main Stroke width - Color Ctrl').effect('color')('Color');"},"o":{"a":0,"k":100,"ix":4},"w":{"a":0,"k":16,"ix":5,"x":"var $bm_rt;\n$bm_rt = thisComp.layer('Main Stroke width - Color Ctrl').effect('Stroke width')('Slider');"},"lc":2,"lj":2,"bm":0,"nm":"Stroke 1","mn":"ADBE Vector Graphic - Stroke","hd":false},{"ty":"tr","p":{"a":0,"k":[0,0],"ix":2},"a":{"a":0,"k":[0,0],"ix":1},"s":{"a":0,"k":[100,100],"ix":3},"r":{"a":0,"k":0,"ix":6},"o":{"a":0,"k":100,"ix":7},"sk":{"a":0,"k":0,"ix":4},"sa":{"a":0,"k":0,"ix":5},"nm":"Transform"}],"nm":"Group 1","np":2,"cix":2,"bm":0,"ix":1,"mn":"ADBE Vector Group","hd":false}],"ip":0,"op":37,"st":0,"bm":0},{"ddd":0,"ind":5,"ty":4,"nm":"Hand","parent":1,"sr":1,"ks":{"o":{"a":0,"k":100,"ix":11},"r":{"a":1,"k":[{"i":{"x":[0.667],"y":[1]},"o":{"x":[0.333],"y":[0]},"t":3,"s":[0]},{"i":{"x":[0.667],"y":[1]},"o":{"x":[0.333],"y":[0]},"t":9,"s":[8]},{"i":{"x":[0.667],"y":[1]},"o":{"x":[0.333],"y":[0]},"t":19,"s":[-20]},{"i":{"x":[0.667],"y":[1]},"o":{"x":[0.333],"y":[0]},"t":26,"s":[4]},{"t":32,"s":[0]}],"ix":10},"p":{"a":0,"k":[-138.625,144.688,0],"ix":2},"a":{"a":0,"k":[-188.625,94.688,0],"ix":1},"s":{"a":0,"k":[100,100,100],"ix":6}},"ao":0,"shapes":[{"ty":"gr","it":[{"ind":0,"ty":"sh","ix":1,"ks":{"a":0,"k":{"i":[[0,0],[0,0],[23.437,0],[0,0],[0,0],[0,0],[-7.715,-5.144],[0,0],[-9.272,0],[0,0],[0,12.969],[12.97,0],[51.764,0]],"o":[[0,0],[-17.308,-15.803],[0,0],[0,0],[0,0],[9.273,0],[0,0],[7.715,5.143],[0,0],[12.97,0],[0,-12.969],[0,0],[0,0]],"v":[[85.31,99.401],[4.204,25.348],[-59.133,0.783],[-188.65,0.783],[-188.65,94.717],[-142.596,94.717],[-116.543,102.605],[0.692,180.762],[26.745,188.65],[165.167,188.65],[188.65,165.167],[165.167,141.683],[73.897,141.683]],"c":false},"ix":2},"nm":"Path 1","mn":"ADBE Vector Shape - Group","hd":false},{"ind":1,"ty":"sh","ix":2,"ks":{"a":0,"k":{"i":[[0,0],[0,0]],"o":[[0,0],[0,0]],"v":[[-22.701,82.975],[56.309,136.333]],"c":false},"ix":2},"nm":"Path 2","mn":"ADBE Vector Shape - Group","hd":false},{"ind":2,"ty":"sh","ix":3,"ks":{"a":0,"k":{"i":[[0,0],[0,-7.689],[12.969,0],[4.058,3.343]],"o":[[5.712,4.284],[0,12.969],[-5.667,0],[0,0]],"v":[[85.31,99.401],[94.716,118.2],[71.233,141.683],[56.309,136.333]],"c":false},"ix":2},"nm":"Path 3","mn":"ADBE Vector Shape - Group","hd":false},{"ty":"st","c":{"a":0,"k":[0,0,0,1],"ix":3,"x":"var $bm_rt;\n$bm_rt = thisComp.layer('Main Stroke width - Color Ctrl').effect('color')('Color');"},"o":{"a":0,"k":100,"ix":4},"w":{"a":0,"k":16,"ix":5,"x":"var $bm_rt;\n$bm_rt = thisComp.layer('Main Stroke width - Color Ctrl').effect('Stroke width')('Slider');"},"lc":2,"lj":2,"bm":0,"nm":"Stroke 1","mn":"ADBE Vector Graphic - Stroke","hd":false},{"ty":"tr","p":{"a":0,"k":[0,0],"ix":2},"a":{"a":0,"k":[0,0],"ix":1},"s":{"a":0,"k":[100,100],"ix":3},"r":{"a":0,"k":0,"ix":6},"o":{"a":0,"k":100,"ix":7},"sk":{"a":0,"k":0,"ix":4},"sa":{"a":0,"k":0,"ix":5},"nm":"Transform"}],"nm":"Group 1","np":4,"cix":2,"bm":0,"ix":1,"mn":"ADBE Vector Group","hd":false}],"ip":0,"op":37,"st":0,"bm":0},{"ddd":0,"ind":6,"ty":4,"nm":"Money","parent":5,"sr":1,"ks":{"o":{"a":0,"k":100,"ix":11},"r":{"a":0,"k":0,"ix":10},"p":{"a":0,"k":[0,0,0],"ix":2},"a":{"a":0,"k":[0,0,0],"ix":1},"s":{"a":0,"k":[100,100,100],"ix":6}},"ao":0,"shapes":[{"ty":"gr","it":[{"ind":0,"ty":"sh","ix":1,"ks":{"a":1,"k":[{"i":{"x":0.667,"y":1},"o":{"x":0.333,"y":0},"t":3,"s":[{"i":[[0,0],[-13.848,20.7],[15.053,0],[18.342,0],[15.978,0],[0,0]],"o":[[0,0],[-7.398,-5.672],[-18.342,0],[-16.994,0],[13.656,20.49],[0,0]],"v":[[106.458,-117.417],[139.147,-167.161],[94.716,-188.65],[47.75,-165.167],[4.7,-165.167],[36.008,-117.417]],"c":false}]},{"i":{"x":0.667,"y":1},"o":{"x":0.333,"y":0},"t":9,"s":[{"i":[[0,0],[-13.848,20.7],[15.053,0],[18.342,0],[15.978,0],[0,0]],"o":[[0,0],[-7.398,-5.672],[-18.342,0],[-16.994,0],[13.656,20.49],[0,0]],"v":[[106.908,-128.588],[131.84,-172.445],[91.379,-211.659],[44.412,-188.176],[9.486,-170.636],[38.469,-126.851]],"c":false}]},{"i":{"x":0.667,"y":1},"o":{"x":0.333,"y":0},"t":19,"s":[{"i":[[0,0],[-13.848,20.7],[15.053,0],[18.342,0],[15.978,0],[0,0]],"o":[[0,0],[-7.398,-5.672],[-18.342,0],[-16.994,0],[13.656,20.49],[0,0]],"v":[[104.256,-118.38],[121.52,-159.441],[90.964,-179.087],[52.332,-171.193],[19.456,-156.365],[39.32,-117.496]],"c":false}]},{"i":{"x":0.667,"y":1},"o":{"x":0.333,"y":0},"t":26,"s":[{"i":[[0,0],[-13.848,20.7],[15.053,0],[18.342,0],[15.978,0],[0,0]],"o":[[0,0],[-7.398,-5.672],[-18.342,0],[-16.994,0],[13.656,20.49],[0,0]],"v":[[106.908,-128.588],[134.66,-164.372],[92.924,-196.731],[47.644,-181.385],[12.306,-162.563],[38.469,-126.851]],"c":false}]},{"t":32,"s":[{"i":[[0,0],[-13.848,20.7],[15.053,0],[18.342,0],[15.978,0],[0,0]],"o":[[0,0],[-7.398,-5.672],[-18.342,0],[-16.994,0],[13.656,20.49],[0,0]],"v":[[106.458,-117.417],[139.147,-167.161],[94.716,-188.65],[47.75,-165.167],[4.7,-165.167],[36.008,-117.417]],"c":false}]}],"ix":2},"nm":"Path 1","mn":"ADBE Vector Shape - Group","hd":false},{"ind":1,"ty":"sh","ix":2,"ks":{"a":1,"k":[{"i":{"x":0.667,"y":1},"o":{"x":0.333,"y":0},"t":3,"s":[{"i":[[0,0],[17.464,-21.501],[8.111,-14.972]],"o":[[-2.368,0.71],[-9.445,11.628],[0,0]],"v":[[36.008,-70.45],[-0.12,-34.097],[-27.462,6.283]],"c":false}]},{"i":{"x":0.667,"y":1},"o":{"x":0.333,"y":0},"t":9,"s":[{"i":[[0,0],[17.464,-21.501],[8.111,-14.972]],"o":[[-2.368,0.71],[-9.445,11.628],[0,0]],"v":[[36.008,-70.45],[9.462,-34.181],[-27.462,6.283]],"c":false}]},{"i":{"x":0.667,"y":1},"o":{"x":0.333,"y":0},"t":19,"s":[{"i":[[0,0],[17.464,-21.501],[8.111,-14.972]],"o":[[-2.368,0.71],[-9.445,11.628],[0,0]],"v":[[36.008,-70.45],[-2.113,-38.926],[-27.462,6.283]],"c":false}]},{"i":{"x":0.667,"y":1},"o":{"x":0.333,"y":0},"t":26,"s":[{"i":[[0,0],[17.464,-21.501],[8.111,-14.972]],"o":[[-2.368,0.71],[-9.445,11.628],[0,0]],"v":[[36.008,-70.45],[9.462,-34.181],[-27.462,6.283]],"c":false}]},{"t":32,"s":[{"i":[[0,0],[17.464,-21.501],[8.111,-14.972]],"o":[[-2.368,0.71],[-9.445,11.628],[0,0]],"v":[[36.008,-70.45],[-0.12,-34.097],[-27.462,6.283]],"c":false}]}],"ix":2},"nm":"Path 2","mn":"ADBE Vector Shape - Group","hd":false},{"ind":2,"ty":"sh","ix":3,"ks":{"a":1,"k":[{"i":{"x":0.667,"y":1},"o":{"x":0.333,"y":0},"t":3,"s":[{"i":[[0,0],[-22.555,-34.967],[0,-28.529],[5.643,-10.851],[16.715,0]],"o":[[3.192,0.957],[15.35,23.796],[0,17.015],[-9.933,19.101],[0,0]],"v":[[106.458,-70.45],[160.702,-9.485],[188.65,71.233],[179.56,113.031],[136.176,141.683]],"c":false}]},{"i":{"x":0.667,"y":1},"o":{"x":0.333,"y":0},"t":9,"s":[{"i":[[0,0],[-11.481,-14],[-22.498,-36.189],[5.643,-10.851],[16.715,0]],"o":[[3.192,0.957],[6.946,8.47],[21.74,34.97],[-9.933,19.101],[0,0]],"v":[[106.458,-70.45],[142.345,-21.548],[180.955,34.446],[179.56,113.031],[136.176,141.683]],"c":false}]},{"i":{"x":0.667,"y":1},"o":{"x":0.333,"y":0},"t":19,"s":[{"i":[[0,0],[-11.481,-14],[-22.498,-36.189],[5.643,-10.851],[16.715,0]],"o":[[3.192,0.957],[6.946,8.47],[21.74,34.97],[-9.933,19.101],[0,0]],"v":[[106.458,-70.45],[135.466,-18.73],[173.607,37.092],[173.623,110.338],[115.8,140.652]],"c":false}]},{"i":{"x":0.667,"y":1},"o":{"x":0.333,"y":0},"t":26,"s":[{"i":[[0,0],[-11.481,-14],[-22.498,-36.189],[5.643,-10.851],[16.715,0]],"o":[[3.192,0.957],[6.946,8.47],[21.74,34.97],[-9.933,19.101],[0,0]],"v":[[106.458,-70.45],[142.345,-21.548],[180.955,34.446],[179.56,113.031],[136.176,141.683]],"c":false}]},{"t":32,"s":[{"i":[[0,0],[-22.555,-34.967],[0,-28.529],[5.643,-10.851],[16.715,0]],"o":[[3.192,0.957],[15.35,23.796],[0,17.015],[-9.933,19.101],[0,0]],"v":[[106.458,-70.45],[160.702,-9.485],[188.65,71.233],[179.56,113.031],[136.176,141.683]],"c":false}]}],"ix":2},"nm":"Path 3","mn":"ADBE Vector Shape - Group","hd":false},{"ty":"st","c":{"a":0,"k":[0.20000000298,0.800000011921,0.800000011921,1],"ix":3,"x":"var $bm_rt;\n$bm_rt = thisComp.layer('Main Stroke width - Color Ctrl').effect('highlight')('Color');"},"o":{"a":0,"k":100,"ix":4},"w":{"a":0,"k":16,"ix":5,"x":"var $bm_rt;\n$bm_rt = thisComp.layer('Main Stroke width - Color Ctrl').effect('Stroke width')('Slider');"},"lc":2,"lj":2,"bm":0,"nm":"Stroke 1","mn":"ADBE Vector Graphic - Stroke","hd":false},{"ty":"tr","p":{"a":0,"k":[0,0],"ix":2},"a":{"a":0,"k":[0,0],"ix":1},"s":{"a":0,"k":[100,100],"ix":3},"r":{"a":0,"k":0,"ix":6},"o":{"a":0,"k":100,"ix":7},"sk":{"a":0,"k":0,"ix":4},"sa":{"a":0,"k":0,"ix":5},"nm":"Transform"}],"nm":"Group 1","np":4,"cix":2,"bm":0,"ix":1,"mn":"ADBE Vector Group","hd":false}],"ip":0,"op":37,"st":0,"bm":0},{"ddd":0,"ind":7,"ty":3,"nm":"Zero | troke width - Color Ctrl","sr":1,"ks":{"o":{"a":0,"k":0,"ix":11},"r":{"a":0,"k":0,"ix":10},"p":{"a":0,"k":[250,250,0],"ix":2},"a":{"a":0,"k":[0,0,0],"ix":1},"s":{"a":0,"k":[100,100,100],"ix":6}},"ao":0,"ip":0,"op":37,"st":0,"bm":0}],"markers":[]}