{"v":"4.8.0","meta":{"g":"LottieFiles AE ","a":"","k":"","d":"","tc":""},"fr":25,"ip":0,"op":50,"w":500,"h":500,"nm":"10 Brunei","ddd":0,"assets":[],"layers":[{"ddd":0,"ind":1,"ty":3,"nm":"Main Stroke width - Color Ctrl","parent":6,"sr":1,"ks":{"o":{"a":0,"k":0,"ix":11},"r":{"a":0,"k":0,"ix":10},"p":{"a":0,"k":[0,0,0],"ix":2},"a":{"a":0,"k":[50,50,0],"ix":1},"s":{"a":0,"k":[100,100,100],"ix":6}},"ao":0,"ef":[{"ty":5,"nm":"Stroke width","np":3,"mn":"ADBE Slider Control","ix":1,"en":1,"ef":[{"ty":0,"nm":"Slider","mn":"ADBE Slider Control-0001","ix":1,"v":{"a":0,"k":16,"ix":1}}]}],"ip":0,"op":50,"st":0,"bm":0},{"ddd":0,"ind":2,"ty":4,"nm":"Head 2","parent":3,"td":1,"sr":1,"ks":{"o":{"a":0,"k":100,"ix":11},"r":{"a":1,"k":[{"i":{"x":[0.7],"y":[1]},"o":{"x":[0.3],"y":[0]},"t":0,"s":[0]},{"i":{"x":[0.7],"y":[1]},"o":{"x":[0.3],"y":[0]},"t":9.777,"s":[-12.535]},{"i":{"x":[0.7],"y":[1]},"o":{"x":[0.3],"y":[0]},"t":20,"s":[12.086]},{"t":30.22265625,"s":[0]}],"ix":10},"p":{"a":1,"k":[{"i":{"x":0.7,"y":1},"o":{"x":0.3,"y":0},"t":0,"s":[0,29.735,0],"to":[0,2.667,0],"ti":[0,2,0]},{"i":{"x":0.7,"y":1},"o":{"x":0.3,"y":0},"t":13.575,"s":[0,45.735,0],"to":[0,-2,0],"ti":[0,2.667,0]},{"i":{"x":0.7,"y":1},"o":{"x":0.3,"y":0},"t":24.889,"s":[0,17.735,0],"to":[0,-2.667,0],"ti":[0,-2,0]},{"t":37.3330078125,"s":[0,29.735,0]}],"ix":2},"a":{"a":0,"k":[0,29.735,0],"ix":1},"s":{"a":0,"k":[100,100,100],"ix":6}},"ao":0,"shapes":[{"ty":"gr","it":[{"ind":0,"ty":"sh","ix":1,"ks":{"a":1,"k":[{"i":{"x":0.8,"y":1},"o":{"x":0.2,"y":0},"t":0,"s":[{"i":[[0,0],[0,0],[0,0],[-37.898,0],[0,0],[0,37.898]],"o":[[0,0],[0,0],[0,37.898],[0,0],[37.898,0],[0,0]],"v":[[68.62,-92.256],[-68.62,-92.256],[-68.62,-38.885],[0,29.735],[0,29.735],[68.62,-38.885]],"c":true}]},{"i":{"x":0.8,"y":1},"o":{"x":0.2,"y":0},"t":10,"s":[{"i":[[0,0],[0,0],[0,0],[-37.898,0],[0,0],[0,37.898]],"o":[[0,0],[0,0],[0,37.898],[0,0],[51.628,-6.494],[0,0]],"v":[[68.62,-92.256],[-68.62,-92.256],[-68.62,-38.885],[-13.99,32.78],[-13.99,32.78],[68.62,-38.885]],"c":true}]},{"i":{"x":0.8,"y":1},"o":{"x":0.2,"y":0},"t":20,"s":[{"i":[[0,0],[0,0],[0,0],[-37.898,0],[0,0],[0,37.898]],"o":[[0,0],[0,0],[0,37.898],[0,0],[37.898,0],[0,0]],"v":[[68.62,-92.256],[-68.62,-92.256],[-68.62,-38.885],[16.689,31.313],[16.689,31.313],[68.62,-38.885]],"c":true}]},{"t":30,"s":[{"i":[[0,0],[0,0],[0,0],[-37.898,0],[0,0],[0,37.898]],"o":[[0,0],[0,0],[0,37.898],[0,0],[37.898,0],[0,0]],"v":[[68.62,-92.256],[-68.62,-92.256],[-68.62,-38.885],[0,29.735],[0,29.735],[68.62,-38.885]],"c":true}]}],"ix":2},"nm":"Path 1","mn":"ADBE Vector Shape - Group","hd":false},{"ty":"st","c":{"a":0,"k":[0,0,0,1],"ix":3},"o":{"a":0,"k":100,"ix":4},"w":{"a":0,"k":16,"ix":5,"x":"var $bm_rt;\n$bm_rt = thisComp.layer('Main Stroke width - Color Ctrl').effect('Stroke width')('Slider');"},"lc":1,"lj":2,"bm":0,"nm":"Stroke 1","mn":"ADBE Vector Graphic - Stroke","hd":false},{"ty":"tr","p":{"a":0,"k":[0,0],"ix":2},"a":{"a":0,"k":[0,0],"ix":1},"s":{"a":0,"k":[100,100],"ix":3},"r":{"a":0,"k":0,"ix":6},"o":{"a":0,"k":100,"ix":7},"sk":{"a":0,"k":0,"ix":4},"sa":{"a":0,"k":0,"ix":5},"nm":"Transform"}],"nm":"Group 1","np":2,"cix":2,"bm":0,"ix":1,"mn":"ADBE Vector Group","hd":false},{"ty":"gr","it":[{"ind":0,"ty":"sh","ix":1,"ks":{"a":1,"k":[{"i":{"x":0.8,"y":1},"o":{"x":0.2,"y":0},"t":0,"s":[{"i":[[-12.426,0],[0,0],[0,0],[0,0],[0,-12.426],[0,0]],"o":[[0,0],[0,0],[0,0],[-12.426,0],[0,0],[0,12.426]],"v":[[-84.243,-46.509],[-68.62,-46.509],[-68.62,-92.256],[-84.243,-92.256],[-106.743,-69.756],[-106.743,-69.009]],"c":true}]},{"i":{"x":0.8,"y":1},"o":{"x":0.2,"y":0},"t":10,"s":[{"i":[[-12.426,0],[0,0],[0,0],[0,0],[0,-12.426],[0,0]],"o":[[0,0],[0,0],[0,0],[-12.426,0],[0,0],[0,12.426]],"v":[[-74.047,-46.298],[-68.62,-46.509],[-68.62,-92.256],[-74.047,-92.045],[-91.665,-68.463],[-91.665,-67.716]],"c":true}]},{"i":{"x":0.8,"y":1},"o":{"x":0.2,"y":0},"t":20,"s":[{"i":[[-12.426,0],[0,0],[0,0],[0,0],[0,-12.426],[0,0]],"o":[[0,0],[0,0],[0,0],[-12.426,0],[0,0],[0,12.426]],"v":[[-84.243,-46.509],[-68.62,-46.509],[-68.62,-92.256],[-84.243,-92.256],[-106.743,-69.756],[-106.743,-69.009]],"c":true}]},{"t":30,"s":[{"i":[[-12.426,0],[0,0],[0,0],[0,0],[0,-12.426],[0,0]],"o":[[0,0],[0,0],[0,0],[-12.426,0],[0,0],[0,12.426]],"v":[[-84.243,-46.509],[-68.62,-46.509],[-68.62,-92.256],[-84.243,-92.256],[-106.743,-69.756],[-106.743,-69.009]],"c":true}]}],"ix":2},"nm":"Path 1","mn":"ADBE Vector Shape - Group","hd":false},{"ty":"st","c":{"a":0,"k":[0,0,0,1],"ix":3},"o":{"a":0,"k":100,"ix":4},"w":{"a":0,"k":16,"ix":5,"x":"var $bm_rt;\n$bm_rt = thisComp.layer('Main Stroke width - Color Ctrl').effect('Stroke width')('Slider');"},"lc":1,"lj":2,"bm":0,"nm":"Stroke 1","mn":"ADBE Vector Graphic - Stroke","hd":false},{"ty":"tr","p":{"a":0,"k":[0,0],"ix":2},"a":{"a":0,"k":[0,0],"ix":1},"s":{"a":0,"k":[100,100],"ix":3},"r":{"a":0,"k":0,"ix":6},"o":{"a":0,"k":100,"ix":7},"sk":{"a":0,"k":0,"ix":4},"sa":{"a":0,"k":0,"ix":5},"nm":"Transform"}],"nm":"Group 2","np":2,"cix":2,"bm":0,"ix":2,"mn":"ADBE Vector Group","hd":false},{"ty":"gr","it":[{"ind":0,"ty":"sh","ix":1,"ks":{"a":1,"k":[{"i":{"x":0.8,"y":1},"o":{"x":0.2,"y":0},"t":0,"s":[{"i":[[12.426,0],[0,0],[0,0],[0,0],[0,-12.426],[0,0]],"o":[[0,0],[0,0],[0,0],[12.426,0],[0,0],[0,12.426]],"v":[[84.243,-46.509],[68.62,-46.509],[68.62,-92.256],[84.243,-92.256],[106.743,-69.756],[106.743,-69.009]],"c":true}]},{"i":{"x":0.8,"y":1},"o":{"x":0.2,"y":0},"t":10,"s":[{"i":[[12.426,0],[0,0],[0,0],[0,0],[0,-12.426],[0,0]],"o":[[0,0],[0,0],[0,0],[12.426,0],[0,0],[0,12.426]],"v":[[88.797,-48.573],[68.62,-46.509],[68.62,-92.256],[88.797,-94.32],[111.297,-71.82],[111.297,-71.073]],"c":true}]},{"i":{"x":0.8,"y":1},"o":{"x":0.2,"y":0},"t":20,"s":[{"i":[[6.421,0],[0,0],[0,0],[0,0],[0,-12.426],[0,0]],"o":[[0,0],[0,0],[0,0],[6.421,0],[0,0],[0,12.426]],"v":[[80.122,-46.659],[68.62,-46.509],[68.62,-92.256],[80.122,-92.406],[91.749,-69.906],[91.749,-69.159]],"c":true}]},{"t":30,"s":[{"i":[[12.426,0],[0,0],[0,0],[0,0],[0,-12.426],[0,0]],"o":[[0,0],[0,0],[0,0],[12.426,0],[0,0],[0,12.426]],"v":[[84.243,-46.509],[68.62,-46.509],[68.62,-92.256],[84.243,-92.256],[106.743,-69.756],[106.743,-69.009]],"c":true}]}],"ix":2},"nm":"Path 1","mn":"ADBE Vector Shape - Group","hd":false},{"ty":"st","c":{"a":0,"k":[0,0,0,1],"ix":3},"o":{"a":0,"k":100,"ix":4},"w":{"a":0,"k":16,"ix":5,"x":"var $bm_rt;\n$bm_rt = thisComp.layer('Main Stroke width - Color Ctrl').effect('Stroke width')('Slider');"},"lc":1,"lj":2,"bm":0,"nm":"Stroke 1","mn":"ADBE Vector Graphic - Stroke","hd":false},{"ty":"tr","p":{"a":0,"k":[0,0],"ix":2},"a":{"a":0,"k":[0,0],"ix":1},"s":{"a":0,"k":[100,100],"ix":3},"r":{"a":0,"k":0,"ix":6},"o":{"a":0,"k":100,"ix":7},"sk":{"a":0,"k":0,"ix":4},"sa":{"a":0,"k":0,"ix":5},"nm":"Transform"}],"nm":"Group 3","np":2,"cix":2,"bm":0,"ix":3,"mn":"ADBE Vector Group","hd":false},{"ty":"fl","c":{"a":0,"k":[1,0,0,1],"ix":4},"o":{"a":0,"k":100,"ix":5},"r":1,"bm":0,"nm":"Fill 1","mn":"ADBE Vector Graphic - Fill","hd":false}],"ip":0,"op":50,"st":0,"bm":0},{"ddd":0,"ind":3,"ty":4,"nm":"Body","parent":1,"tt":2,"sr":1,"ks":{"o":{"a":0,"k":100,"ix":11},"r":{"a":0,"k":0,"ix":10},"p":{"a":1,"k":[{"i":{"x":0.7,"y":1},"o":{"x":0.3,"y":0},"t":0,"s":[50,50,0],"to":[0,5.167,0],"ti":[0,4.167,0]},{"i":{"x":0.7,"y":1},"o":{"x":0.3,"y":0},"t":9,"s":[50,81,0],"to":[0,-4.167,0],"ti":[0,0.667,0]},{"i":{"x":0.7,"y":1},"o":{"x":0.3,"y":0},"t":19.666,"s":[50,25,0],"to":[0,-0.667,0],"ti":[0,-4.167,0]},{"i":{"x":0.7,"y":1},"o":{"x":0.3,"y":0},"t":29.444,"s":[50,77,0],"to":[0,4.167,0],"ti":[0,4.5,0]},{"t":38.3330078125,"s":[50,50,0]}],"ix":2},"a":{"a":0,"k":[0,0,0],"ix":1},"s":{"a":0,"k":[100,100,100],"ix":6}},"ao":0,"shapes":[{"ty":"gr","it":[{"ind":0,"ty":"sh","ix":1,"ks":{"a":0,"k":{"i":[[0,0],[0,0]],"o":[[0,0],[0,0]],"v":[[-99.118,183.75],[-99.118,128.854]],"c":false},"ix":2},"nm":"Path 1","mn":"ADBE Vector Shape - Group","hd":false},{"ty":"st","c":{"a":0,"k":[0,0,0,1],"ix":3},"o":{"a":0,"k":100,"ix":4},"w":{"a":0,"k":16,"ix":5,"x":"var $bm_rt;\n$bm_rt = thisComp.layer('Main Stroke width - Color Ctrl').effect('Stroke width')('Slider');"},"lc":2,"lj":2,"bm":0,"nm":"Stroke 1","mn":"ADBE Vector Graphic - Stroke","hd":false},{"ty":"tr","p":{"a":0,"k":[0,0],"ix":2},"a":{"a":0,"k":[0,0],"ix":1},"s":{"a":0,"k":[100,100],"ix":3},"r":{"a":0,"k":0,"ix":6},"o":{"a":0,"k":100,"ix":7},"sk":{"a":0,"k":0,"ix":4},"sa":{"a":0,"k":0,"ix":5},"nm":"Transform"}],"nm":"Group 1","np":2,"cix":2,"bm":0,"ix":1,"mn":"ADBE Vector Group","hd":false},{"ty":"gr","it":[{"ind":0,"ty":"sh","ix":1,"ks":{"a":0,"k":{"i":[[0,0],[0,0]],"o":[[0,0],[0,0]],"v":[[0,183.75],[0,83.107]],"c":false},"ix":2},"nm":"Path 1","mn":"ADBE Vector Shape - Group","hd":false},{"ty":"st","c":{"a":0,"k":[0,0,0,1],"ix":3},"o":{"a":0,"k":100,"ix":4},"w":{"a":0,"k":16,"ix":5,"x":"var $bm_rt;\n$bm_rt = thisComp.layer('Main Stroke width - Color Ctrl').effect('Stroke width')('Slider');"},"lc":1,"lj":2,"bm":0,"nm":"Stroke 1","mn":"ADBE Vector Graphic - Stroke","hd":false},{"ty":"tr","p":{"a":0,"k":[0,0],"ix":2},"a":{"a":0,"k":[0,0],"ix":1},"s":{"a":0,"k":[100,100],"ix":3},"r":{"a":0,"k":0,"ix":6},"o":{"a":0,"k":100,"ix":7},"sk":{"a":0,"k":0,"ix":4},"sa":{"a":0,"k":0,"ix":5},"nm":"Transform"}],"nm":"Group 2","np":2,"cix":2,"bm":0,"ix":2,"mn":"ADBE Vector Group","hd":false},{"ty":"gr","it":[{"ind":0,"ty":"sh","ix":1,"ks":{"a":0,"k":{"i":[[0,0],[0,0]],"o":[[0,0],[0,0]],"v":[[99.118,183.75],[99.118,128.854]],"c":false},"ix":2},"nm":"Path 1","mn":"ADBE Vector Shape - Group","hd":false},{"ty":"st","c":{"a":0,"k":[0,0,0,1],"ix":3},"o":{"a":0,"k":100,"ix":4},"w":{"a":0,"k":16,"ix":5,"x":"var $bm_rt;\n$bm_rt = thisComp.layer('Main Stroke width - Color Ctrl').effect('Stroke width')('Slider');"},"lc":2,"lj":2,"bm":0,"nm":"Stroke 1","mn":"ADBE Vector Graphic - Stroke","hd":false},{"ty":"tr","p":{"a":0,"k":[0,0],"ix":2},"a":{"a":0,"k":[0,0],"ix":1},"s":{"a":0,"k":[100,100],"ix":3},"r":{"a":0,"k":0,"ix":6},"o":{"a":0,"k":100,"ix":7},"sk":{"a":0,"k":0,"ix":4},"sa":{"a":0,"k":0,"ix":5},"nm":"Transform"}],"nm":"Group 3","np":2,"cix":2,"bm":0,"ix":3,"mn":"ADBE Vector Group","hd":false},{"ty":"gr","it":[{"ind":0,"ty":"sh","ix":1,"ks":{"a":0,"k":{"i":[[0,0],[0,0],[-16.844,0],[0,16.843],[0,0]],"o":[[0,0],[0,16.843],[16.844,0],[0,0],[0,0]],"v":[[-30,2.518],[-30.498,52.609],[0,83.107],[30.498,52.609],[30.996,2.518]],"c":false},"ix":2},"nm":"Path 1","mn":"ADBE Vector Shape - Group","hd":false},{"ty":"st","c":{"a":0,"k":[0,0,0,1],"ix":3},"o":{"a":0,"k":100,"ix":4},"w":{"a":0,"k":16,"ix":5,"x":"var $bm_rt;\n$bm_rt = thisComp.layer('Main Stroke width - Color Ctrl').effect('Stroke width')('Slider');"},"lc":1,"lj":2,"bm":0,"nm":"Stroke 1","mn":"ADBE Vector Graphic - Stroke","hd":false},{"ty":"tr","p":{"a":0,"k":[0,0],"ix":2},"a":{"a":0,"k":[0,0],"ix":1},"s":{"a":0,"k":[100,100],"ix":3},"r":{"a":0,"k":0,"ix":6},"o":{"a":0,"k":100,"ix":7},"sk":{"a":0,"k":0,"ix":4},"sa":{"a":0,"k":0,"ix":5},"nm":"Transform"}],"nm":"Group 4","np":2,"cix":2,"bm":0,"ix":4,"mn":"ADBE Vector Group","hd":false},{"ty":"gr","it":[{"ind":0,"ty":"sh","ix":1,"ks":{"a":0,"k":{"i":[[0,0],[0,0],[0,-42.109],[0,0],[0,0],[0,0],[42.109,0],[0,0]],"o":[[0,0],[-42.109,0],[0,0],[0,0],[0,0],[0,-42.109],[0,0],[0,0]],"v":[[-30.498,52.609],[-76.245,52.609],[-152.49,128.854],[-152.49,183.75],[152.49,183.75],[152.49,128.854],[76.245,52.609],[30.498,52.609]],"c":false},"ix":2},"nm":"Path 1","mn":"ADBE Vector Shape - Group","hd":false},{"ty":"st","c":{"a":0,"k":[0,0,0,1],"ix":3},"o":{"a":0,"k":100,"ix":4},"w":{"a":0,"k":16,"ix":5,"x":"var $bm_rt;\n$bm_rt = thisComp.layer('Main Stroke width - Color Ctrl').effect('Stroke width')('Slider');"},"lc":1,"lj":2,"bm":0,"nm":"Stroke 1","mn":"ADBE Vector Graphic - Stroke","hd":false},{"ty":"tr","p":{"a":0,"k":[0,0],"ix":2},"a":{"a":0,"k":[0,0],"ix":1},"s":{"a":0,"k":[100,100],"ix":3},"r":{"a":0,"k":0,"ix":6},"o":{"a":0,"k":100,"ix":7},"sk":{"a":0,"k":0,"ix":4},"sa":{"a":0,"k":0,"ix":5},"nm":"Transform"}],"nm":"Group 5","np":2,"cix":2,"bm":0,"ix":5,"mn":"ADBE Vector Group","hd":false}],"ip":0,"op":50,"st":0,"bm":0},{"ddd":0,"ind":4,"ty":4,"nm":"Head","parent":3,"sr":1,"ks":{"o":{"a":0,"k":100,"ix":11},"r":{"a":1,"k":[{"i":{"x":[0.7],"y":[1]},"o":{"x":[0.3],"y":[0]},"t":0,"s":[0]},{"i":{"x":[0.7],"y":[1]},"o":{"x":[0.3],"y":[0]},"t":9.777,"s":[-12.535]},{"i":{"x":[0.7],"y":[1]},"o":{"x":[0.3],"y":[0]},"t":20,"s":[12.086]},{"t":30.22265625,"s":[0]}],"ix":10},"p":{"a":1,"k":[{"i":{"x":0.7,"y":1},"o":{"x":0.3,"y":0},"t":0,"s":[0,29.735,0],"to":[0,2.667,0],"ti":[0,2,0]},{"i":{"x":0.7,"y":1},"o":{"x":0.3,"y":0},"t":13.575,"s":[0,45.735,0],"to":[0,-2,0],"ti":[0,2.667,0]},{"i":{"x":0.7,"y":1},"o":{"x":0.3,"y":0},"t":24.889,"s":[0,17.735,0],"to":[0,-2.667,0],"ti":[0,-2,0]},{"t":37.3330078125,"s":[0,29.735,0]}],"ix":2},"a":{"a":0,"k":[0,29.735,0],"ix":1},"s":{"a":0,"k":[100,100,100],"ix":6}},"ao":0,"shapes":[{"ty":"gr","it":[{"ind":0,"ty":"sh","ix":1,"ks":{"a":1,"k":[{"i":{"x":0.8,"y":1},"o":{"x":0.2,"y":0},"t":0,"s":[{"i":[[0,0],[0,0],[0,0],[-37.898,0],[0,0],[0,37.898]],"o":[[0,0],[0,0],[0,37.898],[0,0],[37.898,0],[0,0]],"v":[[68.62,-92.256],[-68.62,-92.256],[-68.62,-38.885],[0,29.735],[0,29.735],[68.62,-38.885]],"c":true}]},{"i":{"x":0.8,"y":1},"o":{"x":0.2,"y":0},"t":10,"s":[{"i":[[0,0],[0,0],[0,0],[-37.898,0],[0,0],[0,37.898]],"o":[[0,0],[0,0],[0,37.898],[0,0],[51.628,-6.494],[0,0]],"v":[[68.62,-92.256],[-68.62,-92.256],[-68.62,-38.885],[-13.99,32.78],[-13.99,32.78],[68.62,-38.885]],"c":true}]},{"i":{"x":0.8,"y":1},"o":{"x":0.2,"y":0},"t":20,"s":[{"i":[[0,0],[0,0],[0,0],[-37.898,0],[0,0],[0,37.898]],"o":[[0,0],[0,0],[0,37.898],[0,0],[37.898,0],[0,0]],"v":[[68.62,-92.256],[-68.62,-92.256],[-68.62,-38.885],[16.689,31.313],[16.689,31.313],[68.62,-38.885]],"c":true}]},{"t":30,"s":[{"i":[[0,0],[0,0],[0,0],[-37.898,0],[0,0],[0,37.898]],"o":[[0,0],[0,0],[0,37.898],[0,0],[37.898,0],[0,0]],"v":[[68.62,-92.256],[-68.62,-92.256],[-68.62,-38.885],[0,29.735],[0,29.735],[68.62,-38.885]],"c":true}]}],"ix":2},"nm":"Path 1","mn":"ADBE Vector Shape - Group","hd":false},{"ty":"st","c":{"a":0,"k":[0,0,0,1],"ix":3},"o":{"a":0,"k":100,"ix":4},"w":{"a":0,"k":16,"ix":5,"x":"var $bm_rt;\n$bm_rt = thisComp.layer('Main Stroke width - Color Ctrl').effect('Stroke width')('Slider');"},"lc":1,"lj":2,"bm":0,"nm":"Stroke 1","mn":"ADBE Vector Graphic - Stroke","hd":false},{"ty":"tr","p":{"a":0,"k":[0,0],"ix":2},"a":{"a":0,"k":[0,0],"ix":1},"s":{"a":0,"k":[100,100],"ix":3},"r":{"a":0,"k":0,"ix":6},"o":{"a":0,"k":100,"ix":7},"sk":{"a":0,"k":0,"ix":4},"sa":{"a":0,"k":0,"ix":5},"nm":"Transform"}],"nm":"Group 1","np":2,"cix":2,"bm":0,"ix":1,"mn":"ADBE Vector Group","hd":false},{"ty":"gr","it":[{"ind":0,"ty":"sh","ix":1,"ks":{"a":1,"k":[{"i":{"x":0.8,"y":1},"o":{"x":0.2,"y":0},"t":0,"s":[{"i":[[-12.426,0],[0,0],[0,0],[0,0],[0,-12.426],[0,0]],"o":[[0,0],[0,0],[0,0],[-12.426,0],[0,0],[0,12.426]],"v":[[-84.243,-46.509],[-68.62,-46.509],[-68.62,-92.256],[-84.243,-92.256],[-106.743,-69.756],[-106.743,-69.009]],"c":true}]},{"i":{"x":0.8,"y":1},"o":{"x":0.2,"y":0},"t":10,"s":[{"i":[[-12.426,0],[0,0],[0,0],[0,0],[0,-12.426],[0,0]],"o":[[0,0],[0,0],[0,0],[-12.426,0],[0,0],[0,12.426]],"v":[[-74.047,-46.298],[-68.62,-46.509],[-68.62,-92.256],[-74.047,-92.045],[-91.665,-68.463],[-91.665,-67.716]],"c":true}]},{"i":{"x":0.8,"y":1},"o":{"x":0.2,"y":0},"t":20,"s":[{"i":[[-12.426,0],[0,0],[0,0],[0,0],[0,-12.426],[0,0]],"o":[[0,0],[0,0],[0,0],[-12.426,0],[0,0],[0,12.426]],"v":[[-84.243,-46.509],[-68.62,-46.509],[-68.62,-92.256],[-84.243,-92.256],[-106.743,-69.756],[-106.743,-69.009]],"c":true}]},{"t":30,"s":[{"i":[[-12.426,0],[0,0],[0,0],[0,0],[0,-12.426],[0,0]],"o":[[0,0],[0,0],[0,0],[-12.426,0],[0,0],[0,12.426]],"v":[[-84.243,-46.509],[-68.62,-46.509],[-68.62,-92.256],[-84.243,-92.256],[-106.743,-69.756],[-106.743,-69.009]],"c":true}]}],"ix":2},"nm":"Path 1","mn":"ADBE Vector Shape - Group","hd":false},{"ty":"st","c":{"a":0,"k":[0,0,0,1],"ix":3},"o":{"a":0,"k":100,"ix":4},"w":{"a":0,"k":16,"ix":5,"x":"var $bm_rt;\n$bm_rt = thisComp.layer('Main Stroke width - Color Ctrl').effect('Stroke width')('Slider');"},"lc":1,"lj":2,"bm":0,"nm":"Stroke 1","mn":"ADBE Vector Graphic - Stroke","hd":false},{"ty":"tr","p":{"a":0,"k":[0,0],"ix":2},"a":{"a":0,"k":[0,0],"ix":1},"s":{"a":0,"k":[100,100],"ix":3},"r":{"a":0,"k":0,"ix":6},"o":{"a":0,"k":100,"ix":7},"sk":{"a":0,"k":0,"ix":4},"sa":{"a":0,"k":0,"ix":5},"nm":"Transform"}],"nm":"Group 2","np":2,"cix":2,"bm":0,"ix":2,"mn":"ADBE Vector Group","hd":false},{"ty":"gr","it":[{"ind":0,"ty":"sh","ix":1,"ks":{"a":1,"k":[{"i":{"x":0.8,"y":1},"o":{"x":0.2,"y":0},"t":0,"s":[{"i":[[12.426,0],[0,0],[0,0],[0,0],[0,-12.426],[0,0]],"o":[[0,0],[0,0],[0,0],[12.426,0],[0,0],[0,12.426]],"v":[[84.243,-46.509],[68.62,-46.509],[68.62,-92.256],[84.243,-92.256],[106.743,-69.756],[106.743,-69.009]],"c":true}]},{"i":{"x":0.8,"y":1},"o":{"x":0.2,"y":0},"t":10,"s":[{"i":[[12.426,0],[0,0],[0,0],[0,0],[0,-12.426],[0,0]],"o":[[0,0],[0,0],[0,0],[12.426,0],[0,0],[0,12.426]],"v":[[88.797,-48.573],[68.62,-46.509],[68.62,-92.256],[88.797,-94.32],[111.297,-71.82],[111.297,-71.073]],"c":true}]},{"i":{"x":0.8,"y":1},"o":{"x":0.2,"y":0},"t":20,"s":[{"i":[[6.421,0],[0,0],[0,0],[0,0],[0,-12.426],[0,0]],"o":[[0,0],[0,0],[0,0],[6.421,0],[0,0],[0,12.426]],"v":[[80.122,-46.659],[68.62,-46.509],[68.62,-92.256],[80.122,-92.406],[91.749,-69.906],[91.749,-69.159]],"c":true}]},{"t":30,"s":[{"i":[[12.426,0],[0,0],[0,0],[0,0],[0,-12.426],[0,0]],"o":[[0,0],[0,0],[0,0],[12.426,0],[0,0],[0,12.426]],"v":[[84.243,-46.509],[68.62,-46.509],[68.62,-92.256],[84.243,-92.256],[106.743,-69.756],[106.743,-69.009]],"c":true}]}],"ix":2},"nm":"Path 1","mn":"ADBE Vector Shape - Group","hd":false},{"ty":"st","c":{"a":0,"k":[0,0,0,1],"ix":3},"o":{"a":0,"k":100,"ix":4},"w":{"a":0,"k":16,"ix":5,"x":"var $bm_rt;\n$bm_rt = thisComp.layer('Main Stroke width - Color Ctrl').effect('Stroke width')('Slider');"},"lc":1,"lj":2,"bm":0,"nm":"Stroke 1","mn":"ADBE Vector Graphic - Stroke","hd":false},{"ty":"tr","p":{"a":0,"k":[0,0],"ix":2},"a":{"a":0,"k":[0,0],"ix":1},"s":{"a":0,"k":[100,100],"ix":3},"r":{"a":0,"k":0,"ix":6},"o":{"a":0,"k":100,"ix":7},"sk":{"a":0,"k":0,"ix":4},"sa":{"a":0,"k":0,"ix":5},"nm":"Transform"}],"nm":"Group 3","np":2,"cix":2,"bm":0,"ix":3,"mn":"ADBE Vector Group","hd":false}],"ip":0,"op":50,"st":0,"bm":0},{"ddd":0,"ind":5,"ty":4,"nm":"Hat","parent":4,"sr":1,"ks":{"o":{"a":0,"k":100,"ix":11},"r":{"a":0,"k":0,"ix":10},"p":{"a":0,"k":[0,0,0],"ix":2},"a":{"a":0,"k":[0,0,0],"ix":1},"s":{"a":0,"k":[100,100,100],"ix":6}},"ao":0,"shapes":[{"ty":"gr","it":[{"ind":0,"ty":"sh","ix":1,"ks":{"a":0,"k":{"i":[[0,0],[0,0],[0,0],[0,0]],"o":[[0,0],[0,0],[0,0],[0,0]],"v":[[76.245,-92.256],[60.996,-183.75],[-60.996,-183.75],[-76.245,-92.256]],"c":false},"ix":2},"nm":"Path 1","mn":"ADBE Vector Shape - Group","hd":false},{"ty":"st","c":{"a":0,"k":[0.20000000298,0.800000011921,0.800000011921,1],"ix":3},"o":{"a":0,"k":100,"ix":4},"w":{"a":0,"k":16,"ix":5,"x":"var $bm_rt;\n$bm_rt = thisComp.layer('Main Stroke width - Color Ctrl').effect('Stroke width')('Slider');"},"lc":1,"lj":2,"bm":0,"nm":"Stroke 1","mn":"ADBE Vector Graphic - Stroke","hd":false},{"ty":"tr","p":{"a":0,"k":[0,0],"ix":2},"a":{"a":0,"k":[0,0],"ix":1},"s":{"a":0,"k":[100,100],"ix":3},"r":{"a":0,"k":0,"ix":6},"o":{"a":0,"k":100,"ix":7},"sk":{"a":0,"k":0,"ix":4},"sa":{"a":0,"k":0,"ix":5},"nm":"Transform"}],"nm":"Group 1","np":2,"cix":2,"bm":0,"ix":1,"mn":"ADBE Vector Group","hd":false}],"ip":0,"op":50,"st":0,"bm":0},{"ddd":0,"ind":6,"ty":3,"nm":"Zero | troke width - Color Ctrl","sr":1,"ks":{"o":{"a":0,"k":0,"ix":11},"r":{"a":0,"k":0,"ix":10},"p":{"a":0,"k":[250,250,0],"ix":2},"a":{"a":0,"k":[0,0,0],"ix":1},"s":{"a":0,"k":[100,100,100],"ix":6}},"ao":0,"ip":0,"op":50,"st":0,"bm":0}],"markers":[]}