{"v":"4.8.0","meta":{"g":"LottieFiles AE ","a":"","k":"","d":"","tc":""},"fr":25,"ip":0,"op":50,"w":500,"h":500,"nm":"12 - Click","ddd":0,"assets":[],"layers":[{"ddd":0,"ind":1,"ty":3,"nm":"Main Stroke width - Color Ctrl","parent":7,"sr":1,"ks":{"o":{"a":0,"k":0,"ix":11},"r":{"a":0,"k":0,"ix":10},"p":{"a":0,"k":[0,0,0],"ix":2},"a":{"a":0,"k":[50,50,0],"ix":1},"s":{"a":0,"k":[100,100,100],"ix":6}},"ao":0,"ef":[{"ty":5,"nm":"Stroke width","np":3,"mn":"ADBE Slider Control","ix":1,"en":1,"ef":[{"ty":0,"nm":"Slider","mn":"ADBE Slider Control-0001","ix":1,"v":{"a":0,"k":16,"ix":1}}]}],"ip":0,"op":50,"st":0,"bm":0},{"ddd":0,"ind":2,"ty":4,"nm":"Bracelet","parent":4,"sr":1,"ks":{"o":{"a":0,"k":100,"ix":11},"r":{"a":0,"k":0,"ix":10},"p":{"a":1,"k":[{"i":{"x":0.5,"y":1},"o":{"x":0.5,"y":0},"t":2,"s":[35,195,0],"to":[-2.327,-7.612,0],"ti":[0,0,0]},{"i":{"x":0.5,"y":1},"o":{"x":0.5,"y":0},"t":8,"s":[21.04,149.326,0],"to":[0,0,0],"ti":[-2.327,-7.612,0]},{"i":{"x":0.5,"y":0.5},"o":{"x":0.5,"y":0.5},"t":13,"s":[35,195,0],"to":[0,0,0],"ti":[0,0,0]},{"i":{"x":0.5,"y":1},"o":{"x":0.5,"y":0},"t":29,"s":[35,195,0],"to":[-2.327,-7.612,0],"ti":[0,0,0]},{"i":{"x":0.5,"y":1},"o":{"x":0.5,"y":0},"t":35,"s":[21.04,149.326,0],"to":[0,0,0],"ti":[-2.327,-7.612,0]},{"t":40,"s":[35,195,0]}],"ix":2},"a":{"a":0,"k":[-16,199,0],"ix":1},"s":{"a":0,"k":[100,100,100],"ix":6}},"ao":0,"shapes":[{"ty":"gr","it":[{"ind":0,"ty":"sh","ix":1,"ks":{"a":1,"k":[{"i":{"x":0.5,"y":1},"o":{"x":0.5,"y":0},"t":2,"s":[{"i":[[0,0],[0,0]],"o":[[0,0],[0,0]],"v":[[-129,199],[97,199]],"c":false}]},{"i":{"x":0.5,"y":1},"o":{"x":0.5,"y":0},"t":8,"s":[{"i":[[0,0],[0,0]],"o":[[0,0],[0,0]],"v":[[-112,199],[81,199]],"c":false}]},{"i":{"x":0.5,"y":1},"o":{"x":0.5,"y":0},"t":13,"s":[{"i":[[0,0],[0,0]],"o":[[0,0],[0,0]],"v":[[-129,199],[97,199]],"c":false}]},{"i":{"x":0.5,"y":1},"o":{"x":0.5,"y":0},"t":29,"s":[{"i":[[0,0],[0,0]],"o":[[0,0],[0,0]],"v":[[-129,199],[97,199]],"c":false}]},{"i":{"x":0.5,"y":1},"o":{"x":0.5,"y":0},"t":35,"s":[{"i":[[0,0],[0,0]],"o":[[0,0],[0,0]],"v":[[-112,199],[81,199]],"c":false}]},{"t":40,"s":[{"i":[[0,0],[0,0]],"o":[[0,0],[0,0]],"v":[[-129,199],[97,199]],"c":false}]}],"ix":2},"nm":"Path 1","mn":"ADBE Vector Shape - Group","hd":false},{"ty":"st","c":{"a":0,"k":[0.2,0.8,0.8,1],"ix":3},"o":{"a":0,"k":100,"ix":4},"w":{"a":0,"k":16,"ix":5,"x":"var $bm_rt;\n$bm_rt = thisComp.layer('Main Stroke width - Color Ctrl').effect('Stroke width')('Slider');"},"lc":2,"lj":1,"ml":4,"bm":0,"nm":"Stroke 1","mn":"ADBE Vector Graphic - Stroke","hd":false},{"ty":"fl","c":{"a":0,"k":[1,0,0,1],"ix":4},"o":{"a":0,"k":100,"ix":5},"r":1,"bm":0,"nm":"Fill 1","mn":"ADBE Vector Graphic - Fill","hd":false},{"ty":"tr","p":{"a":0,"k":[0,0],"ix":2},"a":{"a":0,"k":[0,0],"ix":1},"s":{"a":0,"k":[100,100],"ix":3},"r":{"a":0,"k":0,"ix":6},"o":{"a":0,"k":100,"ix":7},"sk":{"a":0,"k":0,"ix":4},"sa":{"a":0,"k":0,"ix":5},"nm":"Transform"}],"nm":"Shape 1","np":3,"cix":2,"bm":0,"ix":1,"mn":"ADBE Vector Group","hd":false}],"ip":0,"op":75,"st":0,"bm":0},{"ddd":0,"ind":3,"ty":4,"nm":"Bracelet mask","parent":4,"td":1,"sr":1,"ks":{"o":{"a":0,"k":100,"ix":11},"r":{"a":0,"k":0,"ix":10},"p":{"a":1,"k":[{"i":{"x":0.5,"y":1},"o":{"x":0.5,"y":0},"t":2,"s":[35,195,0],"to":[-2.327,-7.612,0],"ti":[0,0,0]},{"i":{"x":0.5,"y":1},"o":{"x":0.5,"y":0},"t":8,"s":[21.04,149.326,0],"to":[0,0,0],"ti":[-2.327,-7.612,0]},{"i":{"x":0.5,"y":0.5},"o":{"x":0.5,"y":0.5},"t":13,"s":[35,195,0],"to":[0,0,0],"ti":[0,0,0]},{"i":{"x":0.5,"y":1},"o":{"x":0.5,"y":0},"t":29,"s":[35,195,0],"to":[-2.327,-7.612,0],"ti":[0,0,0]},{"i":{"x":0.5,"y":1},"o":{"x":0.5,"y":0},"t":35,"s":[21.04,149.326,0],"to":[0,0,0],"ti":[-2.327,-7.612,0]},{"t":40,"s":[35,195,0]}],"ix":2},"a":{"a":0,"k":[-16,199,0],"ix":1},"s":{"a":0,"k":[100,100,100],"ix":6}},"ao":0,"shapes":[{"ty":"gr","it":[{"ind":0,"ty":"sh","ix":1,"ks":{"a":0,"k":{"i":[[0,0],[0,0],[0,0],[0,0],[0,0],[0,0],[0,0]],"o":[[0,0],[0,0],[0,0],[0,0],[0,0],[0,0],[0,0]],"v":[[97.5,199.25],[97.5,272.75],[-129,274],[-129,199],[97,199],[-129,199],[-129,199]],"c":false},"ix":2},"nm":"Path 1","mn":"ADBE Vector Shape - Group","hd":false},{"ty":"st","c":{"a":0,"k":[0.2,0.8,0.8,1],"ix":3},"o":{"a":0,"k":100,"ix":4},"w":{"a":0,"k":16,"ix":5,"x":"var $bm_rt;\n$bm_rt = thisComp.layer('Main Stroke width - Color Ctrl').effect('Stroke width')('Slider');"},"lc":2,"lj":1,"ml":4,"bm":0,"nm":"Stroke 1","mn":"ADBE Vector Graphic - Stroke","hd":false},{"ty":"fl","c":{"a":0,"k":[1,0,0,1],"ix":4},"o":{"a":0,"k":100,"ix":5},"r":1,"bm":0,"nm":"Fill 1","mn":"ADBE Vector Graphic - Fill","hd":false},{"ty":"tr","p":{"a":0,"k":[0,0],"ix":2},"a":{"a":0,"k":[0,0],"ix":1},"s":{"a":0,"k":[100,100],"ix":3},"r":{"a":0,"k":0,"ix":6},"o":{"a":0,"k":100,"ix":7},"sk":{"a":0,"k":0,"ix":4},"sa":{"a":0,"k":0,"ix":5},"nm":"Transform"}],"nm":"Shape 1","np":3,"cix":2,"bm":0,"ix":1,"mn":"ADBE Vector Group","hd":false}],"ip":0,"op":75,"st":0,"bm":0},{"ddd":0,"ind":4,"ty":4,"nm":"Hand","parent":1,"tt":2,"sr":1,"ks":{"o":{"a":0,"k":100,"ix":11},"r":{"a":1,"k":[{"i":{"x":[0.5],"y":[1]},"o":{"x":[0.5],"y":[0]},"t":2,"s":[0]},{"i":{"x":[0.5],"y":[1]},"o":{"x":[0.5],"y":[0]},"t":21,"s":[-10]},{"t":40,"s":[0]}],"ix":10},"p":{"a":1,"k":[{"i":{"x":0.5,"y":1},"o":{"x":0.5,"y":0},"t":2,"s":[17,-69,0],"to":[4,3.667,0],"ti":[0,0,0]},{"i":{"x":0.5,"y":1},"o":{"x":0.5,"y":0},"t":21,"s":[41,-47,0],"to":[0,0,0],"ti":[4,3.667,0]},{"t":40,"s":[17,-69,0]}],"ix":2},"a":{"a":0,"k":[-33,-119,0],"ix":1},"s":{"a":0,"k":[100,100,100],"ix":6}},"ao":0,"shapes":[{"ty":"gr","it":[{"ind":0,"ty":"sh","ix":1,"ks":{"a":1,"k":[{"i":{"x":0.5,"y":1},"o":{"x":0.5,"y":0},"t":2,"s":[{"i":[[0,0],[0,0]],"o":[[0,0],[0,0]],"v":[[-6.467,19.419],[-6.467,-32.365]],"c":false}]},{"i":{"x":0.5,"y":1},"o":{"x":0.5,"y":0},"t":8,"s":[{"i":[[0,0],[0,0]],"o":[[0,0],[0,0]],"v":[[-13.408,0.419],[-13.408,-43.402]],"c":false}]},{"i":{"x":0.5,"y":1},"o":{"x":0.5,"y":0},"t":13,"s":[{"i":[[0,0],[0,0]],"o":[[0,0],[0,0]],"v":[[-6.467,19.419],[-6.467,-32.365]],"c":false}]},{"i":{"x":0.5,"y":1},"o":{"x":0.5,"y":0},"t":29,"s":[{"i":[[0,0],[0,0]],"o":[[0,0],[0,0]],"v":[[-6.467,19.419],[-6.467,-32.365]],"c":false}]},{"i":{"x":0.5,"y":1},"o":{"x":0.5,"y":0},"t":35,"s":[{"i":[[0,0],[0,0]],"o":[[0,0],[0,0]],"v":[[-13.408,0.419],[-13.408,-43.402]],"c":false}]},{"t":40,"s":[{"i":[[0,0],[0,0]],"o":[[0,0],[0,0]],"v":[[-6.467,19.419],[-6.467,-32.365]],"c":false}]}],"ix":2},"nm":"Path 1","mn":"ADBE Vector Shape - Group","hd":false},{"ty":"st","c":{"a":0,"k":[0,0,0,1],"ix":3},"o":{"a":0,"k":100,"ix":4},"w":{"a":0,"k":16,"ix":5,"x":"var $bm_rt;\n$bm_rt = thisComp.layer('Main Stroke width - Color Ctrl').effect('Stroke width')('Slider');"},"lc":2,"lj":2,"bm":0,"nm":"Stroke 1","mn":"ADBE Vector Graphic - Stroke","hd":false},{"ty":"tr","p":{"a":0,"k":[0,0],"ix":2},"a":{"a":0,"k":[0,0],"ix":1},"s":{"a":0,"k":[100,100],"ix":3},"r":{"a":0,"k":0,"ix":6},"o":{"a":0,"k":100,"ix":7},"sk":{"a":0,"k":0,"ix":4},"sa":{"a":0,"k":0,"ix":5},"nm":"Transform"}],"nm":"Group 1","np":2,"cix":2,"bm":0,"ix":1,"mn":"ADBE Vector Group","hd":false},{"ty":"gr","it":[{"ind":0,"ty":"sh","ix":1,"ks":{"a":1,"k":[{"i":{"x":0.5,"y":1},"o":{"x":0.5,"y":0},"t":2,"s":[{"i":[[0,0],[0,0]],"o":[[0,0],[0,0]],"v":[[97.102,6.473],[97.102,19.419]],"c":false}]},{"i":{"x":0.5,"y":1},"o":{"x":0.5,"y":0},"t":8,"s":[{"i":[[0,0],[0,0]],"o":[[0,0],[0,0]],"v":[[74.197,-10.536],[74.197,0.419]],"c":false}]},{"i":{"x":0.5,"y":1},"o":{"x":0.5,"y":0},"t":13,"s":[{"i":[[0,0],[0,0]],"o":[[0,0],[0,0]],"v":[[97.102,6.473],[97.102,19.419]],"c":false}]},{"i":{"x":0.5,"y":1},"o":{"x":0.5,"y":0},"t":29,"s":[{"i":[[0,0],[0,0]],"o":[[0,0],[0,0]],"v":[[97.102,6.473],[97.102,19.419]],"c":false}]},{"i":{"x":0.5,"y":1},"o":{"x":0.5,"y":0},"t":35,"s":[{"i":[[0,0],[0,0]],"o":[[0,0],[0,0]],"v":[[74.197,-10.536],[74.197,0.419]],"c":false}]},{"t":40,"s":[{"i":[[0,0],[0,0]],"o":[[0,0],[0,0]],"v":[[97.102,6.473],[97.102,19.419]],"c":false}]}],"ix":2},"nm":"Path 1","mn":"ADBE Vector Shape - Group","hd":false},{"ty":"st","c":{"a":0,"k":[0,0,0,1],"ix":3},"o":{"a":0,"k":100,"ix":4},"w":{"a":0,"k":16,"ix":5,"x":"var $bm_rt;\n$bm_rt = thisComp.layer('Main Stroke width - Color Ctrl').effect('Stroke width')('Slider');"},"lc":2,"lj":2,"bm":0,"nm":"Stroke 1","mn":"ADBE Vector Graphic - Stroke","hd":false},{"ty":"tr","p":{"a":0,"k":[0,0],"ix":2},"a":{"a":0,"k":[0,0],"ix":1},"s":{"a":0,"k":[100,100],"ix":3},"r":{"a":0,"k":0,"ix":6},"o":{"a":0,"k":100,"ix":7},"sk":{"a":0,"k":0,"ix":4},"sa":{"a":0,"k":0,"ix":5},"nm":"Transform"}],"nm":"Group 2","np":2,"cix":2,"bm":0,"ix":2,"mn":"ADBE Vector Group","hd":false},{"ty":"gr","it":[{"ind":0,"ty":"sh","ix":1,"ks":{"a":1,"k":[{"i":{"x":0.5,"y":1},"o":{"x":0.5,"y":0},"t":2,"s":[{"i":[[0,0],[0,0]],"o":[[0,0],[0,0]],"v":[[45.317,-12.946],[45.317,19.419]],"c":false}]},{"i":{"x":0.5,"y":1},"o":{"x":0.5,"y":0},"t":8,"s":[{"i":[[0,0],[0,0]],"o":[[0,0],[0,0]],"v":[[30.395,-26.969],[30.395,0.419]],"c":false}]},{"i":{"x":0.5,"y":1},"o":{"x":0.5,"y":0},"t":13,"s":[{"i":[[0,0],[0,0]],"o":[[0,0],[0,0]],"v":[[45.317,-12.946],[45.317,19.419]],"c":false}]},{"i":{"x":0.5,"y":1},"o":{"x":0.5,"y":0},"t":29,"s":[{"i":[[0,0],[0,0]],"o":[[0,0],[0,0]],"v":[[45.317,-12.946],[45.317,19.419]],"c":false}]},{"i":{"x":0.5,"y":1},"o":{"x":0.5,"y":0},"t":35,"s":[{"i":[[0,0],[0,0]],"o":[[0,0],[0,0]],"v":[[30.395,-26.969],[30.395,0.419]],"c":false}]},{"t":40,"s":[{"i":[[0,0],[0,0]],"o":[[0,0],[0,0]],"v":[[45.317,-12.946],[45.317,19.419]],"c":false}]}],"ix":2},"nm":"Path 1","mn":"ADBE Vector Shape - Group","hd":false},{"ty":"st","c":{"a":0,"k":[0,0,0,1],"ix":3},"o":{"a":0,"k":100,"ix":4},"w":{"a":0,"k":16,"ix":5,"x":"var $bm_rt;\n$bm_rt = thisComp.layer('Main Stroke width - Color Ctrl').effect('Stroke width')('Slider');"},"lc":2,"lj":2,"bm":0,"nm":"Stroke 1","mn":"ADBE Vector Graphic - Stroke","hd":false},{"ty":"tr","p":{"a":0,"k":[0,0],"ix":2},"a":{"a":0,"k":[0,0],"ix":1},"s":{"a":0,"k":[100,100],"ix":3},"r":{"a":0,"k":0,"ix":6},"o":{"a":0,"k":100,"ix":7},"sk":{"a":0,"k":0,"ix":4},"sa":{"a":0,"k":0,"ix":5},"nm":"Transform"}],"nm":"Group 3","np":2,"cix":2,"bm":0,"ix":3,"mn":"ADBE Vector Group","hd":false},{"ty":"gr","it":[{"ind":0,"ty":"sh","ix":1,"ks":{"a":1,"k":[{"i":{"x":0.5,"y":1},"o":{"x":0.5,"y":0},"t":2,"s":[{"i":[[14.24,0],[0,-14.241],[0,0],[14.24,0],[0,-14.241],[0,0],[14.24,0],[0,-14.241],[0,0],[14.3,0],[0,-14.3],[0,0],[6.473,6.473],[7.889,0],[0.698,-1.023],[-40.562,-92.714],[1.784,-50],[0,0],[0,38.838],[0,0]],"o":[[-14.241,0],[0,0],[0,-14.241],[-14.241,0],[0,0],[0,-14.241],[-14.24,0],[0,0],[0,-14.3],[-14.3,0],[0,0],[-15.747,-19.845],[-8.209,-8.209],[-23.033,0],[0.446,-0.069],[16.409,37.507],[0,0],[-4.934,-57],[0,0],[0,-14.241]],"v":[[122.994,-19.419],[97.102,6.473],[97.102,-12.946],[71.21,-38.838],[45.317,-12.946],[45.317,-32.365],[19.425,-58.257],[-6.467,-32.365],[-6.467,-122.988],[-32.359,-148.88],[-58.251,-122.988],[-58.251,58.257],[-90.616,19.419],[-116.508,6.473],[-148.821,19.341],[-103.562,116.515],[-57.784,222],[129.934,222],[148.886,110.041],[148.886,6.473]],"c":true}]},{"i":{"x":0.5,"y":1},"o":{"x":0.5,"y":0},"t":8,"s":[{"i":[[12.045,0],[0,-12.051],[0,0],[12.045,0],[0,-12.051],[0,0],[12.045,0],[0,-12.051],[0,0],[12.096,0],[0,-12.101],[0,0],[5.475,5.478],[6.673,0],[0.591,-0.866],[-34.309,-78.457],[2.146,-53.548],[0,0],[0,32.866],[0,0]],"o":[[-12.046,0],[0,0],[0,-12.051],[-12.046,0],[0,0],[0,-12.051],[-12.045,0],[0,0],[0,-12.101],[-12.096,0],[0,0],[-13.32,-16.793],[-6.944,-6.947],[-19.483,0],[0.377,-0.058],[13.879,31.739],[0,0],[-6.587,-52.836],[0,0],[0,-12.051]],"v":[[96.099,-32.447],[74.197,-10.536],[74.197,-26.969],[52.296,-48.88],[30.395,-26.969],[30.395,-43.402],[8.493,-65.313],[-13.408,-43.402],[-13.408,-120.089],[-35.309,-142],[-57.211,-120.089],[-57.211,33.285],[-84.587,0.419],[-106.489,-10.536],[-133.821,0.353],[-95.538,82.584],[-55.091,177.08],[103.693,177.08],[118,77.106],[118,-10.536]],"c":true}]},{"i":{"x":0.5,"y":1},"o":{"x":0.5,"y":0},"t":13,"s":[{"i":[[14.24,0],[0,-14.241],[0,0],[14.24,0],[0,-14.241],[0,0],[14.24,0],[0,-14.241],[0,0],[14.3,0],[0,-14.3],[0,0],[6.473,6.473],[7.889,0],[0.698,-1.023],[-40.562,-92.714],[-2.638,-58.886],[0,0],[0,38.838],[0,0]],"o":[[-14.241,0],[0,0],[0,-14.241],[-14.241,0],[0,0],[0,-14.241],[-14.24,0],[0,0],[0,-14.3],[-14.3,0],[0,0],[-15.747,-19.845],[-8.209,-8.209],[-23.033,0],[0.446,-0.069],[16.409,37.507],[0,0],[-14.361,-48.793],[0,0],[0,-14.241]],"v":[[122.994,-19.419],[97.102,6.473],[97.102,-12.946],[71.21,-38.838],[45.317,-12.946],[45.317,-32.365],[19.425,-58.257],[-6.467,-32.365],[-6.467,-122.988],[-32.359,-148.88],[-58.251,-122.988],[-58.251,58.257],[-90.616,19.419],[-116.508,6.473],[-148.821,19.341],[-103.562,116.515],[-53.603,224.722],[134.115,224.722],[148.886,110.041],[148.886,6.473]],"c":true}]},{"i":{"x":0.5,"y":1},"o":{"x":0.5,"y":0},"t":29,"s":[{"i":[[14.24,0],[0,-14.241],[0,0],[14.24,0],[0,-14.241],[0,0],[14.24,0],[0,-14.241],[0,0],[14.3,0],[0,-14.3],[0,0],[6.473,6.473],[7.889,0],[0.698,-1.023],[-40.562,-92.714],[1.792,-62.405],[0,0],[0,38.838],[0,0]],"o":[[-14.241,0],[0,0],[0,-14.241],[-14.241,0],[0,0],[0,-14.241],[-14.24,0],[0,0],[0,-14.3],[-14.3,0],[0,0],[-15.747,-19.845],[-8.209,-8.209],[-23.033,0],[0.446,-0.069],[16.409,37.507],[0,0],[-9.166,-50.211],[0,0],[0,-14.241]],"v":[[122.994,-19.419],[97.102,6.473],[97.102,-12.946],[71.21,-38.838],[45.317,-12.946],[45.317,-32.365],[19.425,-58.257],[-6.467,-32.365],[-6.467,-122.988],[-32.359,-148.88],[-58.251,-122.988],[-58.251,58.257],[-90.616,19.419],[-116.508,6.473],[-148.821,19.341],[-103.562,116.515],[-55.249,221.514],[132.469,221.514],[148.886,110.041],[148.886,6.473]],"c":true}]},{"i":{"x":0.5,"y":1},"o":{"x":0.5,"y":0},"t":35,"s":[{"i":[[12.045,0],[0,-12.051],[0,0],[12.045,0],[0,-12.051],[0,0],[12.045,0],[0,-12.051],[0,0],[12.096,0],[0,-12.101],[0,0],[5.475,5.478],[6.673,0],[0.591,-0.866],[-34.309,-78.457],[2.812,-47.011],[0,0],[0,32.866],[0,0]],"o":[[-12.046,0],[0,0],[0,-12.051],[-12.046,0],[0,0],[0,-12.051],[-12.045,0],[0,0],[0,-12.101],[-12.096,0],[0,0],[-13.32,-16.793],[-6.944,-6.947],[-19.483,0],[0.377,-0.058],[13.879,31.739],[0,0],[-7.797,-53.939],[0,0],[0,-12.051]],"v":[[96.099,-32.447],[74.197,-10.536],[74.197,-26.969],[52.296,-48.88],[30.395,-26.969],[30.395,-43.402],[8.493,-65.313],[-13.408,-43.402],[-13.408,-120.089],[-35.309,-142],[-57.211,-120.089],[-57.211,33.285],[-84.587,0.419],[-106.489,-10.536],[-133.821,0.353],[-95.538,82.584],[-57.814,175.993],[100.971,175.993],[118,77.106],[118,-10.536]],"c":true}]},{"t":40,"s":[{"i":[[14.24,0],[0,-14.241],[0,0],[14.24,0],[0,-14.241],[0,0],[14.24,0],[0,-14.241],[0,0],[14.3,0],[0,-14.3],[0,0],[6.473,6.473],[7.889,0],[0.698,-1.023],[-40.562,-92.714],[1.784,-50],[0,0],[0,38.838],[0,0]],"o":[[-14.241,0],[0,0],[0,-14.241],[-14.241,0],[0,0],[0,-14.241],[-14.24,0],[0,0],[0,-14.3],[-14.3,0],[0,0],[-15.747,-19.845],[-8.209,-8.209],[-23.033,0],[0.446,-0.069],[16.409,37.507],[0,0],[-4.934,-57],[0,0],[0,-14.241]],"v":[[122.994,-19.419],[97.102,6.473],[97.102,-12.946],[71.21,-38.838],[45.317,-12.946],[45.317,-32.365],[19.425,-58.257],[-6.467,-32.365],[-6.467,-122.988],[-32.359,-148.88],[-58.251,-122.988],[-58.251,58.257],[-90.616,19.419],[-116.508,6.473],[-148.821,19.341],[-103.562,116.515],[-57.784,222],[129.934,222],[148.886,110.041],[148.886,6.473]],"c":true}]}],"ix":2},"nm":"Path 1","mn":"ADBE Vector Shape - Group","hd":false},{"ty":"st","c":{"a":0,"k":[0,0,0,1],"ix":3},"o":{"a":0,"k":100,"ix":4},"w":{"a":0,"k":16,"ix":5,"x":"var $bm_rt;\n$bm_rt = thisComp.layer('Main Stroke width - Color Ctrl').effect('Stroke width')('Slider');"},"lc":2,"lj":2,"bm":0,"nm":"Stroke 1","mn":"ADBE Vector Graphic - Stroke","hd":false},{"ty":"tr","p":{"a":0,"k":[0,0],"ix":2},"a":{"a":0,"k":[0,0],"ix":1},"s":{"a":0,"k":[100,100],"ix":3},"r":{"a":0,"k":0,"ix":6},"o":{"a":0,"k":100,"ix":7},"sk":{"a":0,"k":0,"ix":4},"sa":{"a":0,"k":0,"ix":5},"nm":"Transform"}],"nm":"Group 4","np":2,"cix":2,"bm":0,"ix":4,"mn":"ADBE Vector Group","hd":false}],"ip":0,"op":50,"st":0,"bm":0},{"ddd":0,"ind":5,"ty":4,"nm":"Hand mask","td":1,"sr":1,"ks":{"o":{"a":0,"k":100,"ix":11},"r":{"a":1,"k":[{"i":{"x":[0.5],"y":[1]},"o":{"x":[0.5],"y":[0]},"t":2,"s":[0]},{"i":{"x":[0.5],"y":[1]},"o":{"x":[0.5],"y":[0]},"t":21,"s":[-10]},{"t":40,"s":[0]}],"ix":10},"p":{"a":1,"k":[{"i":{"x":0.5,"y":1},"o":{"x":0.5,"y":0},"t":2,"s":[217,131,0],"to":[4,3.667,0],"ti":[0,0,0]},{"i":{"x":0.5,"y":1},"o":{"x":0.5,"y":0},"t":21,"s":[241,153,0],"to":[0,0,0],"ti":[4,3.667,0]},{"t":40,"s":[217,131,0]}],"ix":2},"a":{"a":0,"k":[-33,-119,0],"ix":1},"s":{"a":0,"k":[100,100,100],"ix":6}},"ao":0,"shapes":[{"ty":"gr","it":[{"ind":0,"ty":"sh","ix":1,"ks":{"a":1,"k":[{"i":{"x":0.5,"y":1},"o":{"x":0.5,"y":0},"t":2,"s":[{"i":[[0,0],[0,0]],"o":[[0,0],[0,0]],"v":[[-6.467,19.419],[-6.467,-32.365]],"c":false}]},{"i":{"x":0.5,"y":1},"o":{"x":0.5,"y":0},"t":8,"s":[{"i":[[0,0],[0,0]],"o":[[0,0],[0,0]],"v":[[-13.408,0.419],[-13.408,-43.402]],"c":false}]},{"i":{"x":0.5,"y":1},"o":{"x":0.5,"y":0},"t":13,"s":[{"i":[[0,0],[0,0]],"o":[[0,0],[0,0]],"v":[[-6.467,19.419],[-6.467,-32.365]],"c":false}]},{"i":{"x":0.5,"y":1},"o":{"x":0.5,"y":0},"t":29,"s":[{"i":[[0,0],[0,0]],"o":[[0,0],[0,0]],"v":[[-6.467,19.419],[-6.467,-32.365]],"c":false}]},{"i":{"x":0.5,"y":1},"o":{"x":0.5,"y":0},"t":35,"s":[{"i":[[0,0],[0,0]],"o":[[0,0],[0,0]],"v":[[-13.408,0.419],[-13.408,-43.402]],"c":false}]},{"t":40,"s":[{"i":[[0,0],[0,0]],"o":[[0,0],[0,0]],"v":[[-6.467,19.419],[-6.467,-32.365]],"c":false}]}],"ix":2},"nm":"Path 1","mn":"ADBE Vector Shape - Group","hd":false},{"ty":"st","c":{"a":0,"k":[0,0,0,1],"ix":3},"o":{"a":0,"k":100,"ix":4},"w":{"a":0,"k":16,"ix":5,"x":"var $bm_rt;\n$bm_rt = thisComp.layer('Main Stroke width - Color Ctrl').effect('Stroke width')('Slider');"},"lc":2,"lj":2,"bm":0,"nm":"Stroke 1","mn":"ADBE Vector Graphic - Stroke","hd":false},{"ty":"tr","p":{"a":0,"k":[0,0],"ix":2},"a":{"a":0,"k":[0,0],"ix":1},"s":{"a":0,"k":[100,100],"ix":3},"r":{"a":0,"k":0,"ix":6},"o":{"a":0,"k":100,"ix":7},"sk":{"a":0,"k":0,"ix":4},"sa":{"a":0,"k":0,"ix":5},"nm":"Transform"}],"nm":"Group 1","np":2,"cix":2,"bm":0,"ix":1,"mn":"ADBE Vector Group","hd":false},{"ty":"gr","it":[{"ind":0,"ty":"sh","ix":1,"ks":{"a":1,"k":[{"i":{"x":0.5,"y":1},"o":{"x":0.5,"y":0},"t":2,"s":[{"i":[[0,0],[0,0]],"o":[[0,0],[0,0]],"v":[[97.102,6.473],[97.102,19.419]],"c":false}]},{"i":{"x":0.5,"y":1},"o":{"x":0.5,"y":0},"t":8,"s":[{"i":[[0,0],[0,0]],"o":[[0,0],[0,0]],"v":[[74.197,-10.536],[74.197,0.419]],"c":false}]},{"i":{"x":0.5,"y":1},"o":{"x":0.5,"y":0},"t":13,"s":[{"i":[[0,0],[0,0]],"o":[[0,0],[0,0]],"v":[[97.102,6.473],[97.102,19.419]],"c":false}]},{"i":{"x":0.5,"y":1},"o":{"x":0.5,"y":0},"t":29,"s":[{"i":[[0,0],[0,0]],"o":[[0,0],[0,0]],"v":[[97.102,6.473],[97.102,19.419]],"c":false}]},{"i":{"x":0.5,"y":1},"o":{"x":0.5,"y":0},"t":35,"s":[{"i":[[0,0],[0,0]],"o":[[0,0],[0,0]],"v":[[74.197,-10.536],[74.197,0.419]],"c":false}]},{"t":40,"s":[{"i":[[0,0],[0,0]],"o":[[0,0],[0,0]],"v":[[97.102,6.473],[97.102,19.419]],"c":false}]}],"ix":2},"nm":"Path 1","mn":"ADBE Vector Shape - Group","hd":false},{"ty":"st","c":{"a":0,"k":[0,0,0,1],"ix":3},"o":{"a":0,"k":100,"ix":4},"w":{"a":0,"k":16,"ix":5,"x":"var $bm_rt;\n$bm_rt = thisComp.layer('Main Stroke width - Color Ctrl').effect('Stroke width')('Slider');"},"lc":2,"lj":2,"bm":0,"nm":"Stroke 1","mn":"ADBE Vector Graphic - Stroke","hd":false},{"ty":"tr","p":{"a":0,"k":[0,0],"ix":2},"a":{"a":0,"k":[0,0],"ix":1},"s":{"a":0,"k":[100,100],"ix":3},"r":{"a":0,"k":0,"ix":6},"o":{"a":0,"k":100,"ix":7},"sk":{"a":0,"k":0,"ix":4},"sa":{"a":0,"k":0,"ix":5},"nm":"Transform"}],"nm":"Group 2","np":2,"cix":2,"bm":0,"ix":2,"mn":"ADBE Vector Group","hd":false},{"ty":"gr","it":[{"ind":0,"ty":"sh","ix":1,"ks":{"a":1,"k":[{"i":{"x":0.5,"y":1},"o":{"x":0.5,"y":0},"t":2,"s":[{"i":[[0,0],[0,0]],"o":[[0,0],[0,0]],"v":[[45.317,-12.946],[45.317,19.419]],"c":false}]},{"i":{"x":0.5,"y":1},"o":{"x":0.5,"y":0},"t":8,"s":[{"i":[[0,0],[0,0]],"o":[[0,0],[0,0]],"v":[[30.395,-26.969],[30.395,0.419]],"c":false}]},{"i":{"x":0.5,"y":1},"o":{"x":0.5,"y":0},"t":13,"s":[{"i":[[0,0],[0,0]],"o":[[0,0],[0,0]],"v":[[45.317,-12.946],[45.317,19.419]],"c":false}]},{"i":{"x":0.5,"y":1},"o":{"x":0.5,"y":0},"t":29,"s":[{"i":[[0,0],[0,0]],"o":[[0,0],[0,0]],"v":[[45.317,-12.946],[45.317,19.419]],"c":false}]},{"i":{"x":0.5,"y":1},"o":{"x":0.5,"y":0},"t":35,"s":[{"i":[[0,0],[0,0]],"o":[[0,0],[0,0]],"v":[[30.395,-26.969],[30.395,0.419]],"c":false}]},{"t":40,"s":[{"i":[[0,0],[0,0]],"o":[[0,0],[0,0]],"v":[[45.317,-12.946],[45.317,19.419]],"c":false}]}],"ix":2},"nm":"Path 1","mn":"ADBE Vector Shape - Group","hd":false},{"ty":"st","c":{"a":0,"k":[0,0,0,1],"ix":3},"o":{"a":0,"k":100,"ix":4},"w":{"a":0,"k":16,"ix":5,"x":"var $bm_rt;\n$bm_rt = thisComp.layer('Main Stroke width - Color Ctrl').effect('Stroke width')('Slider');"},"lc":2,"lj":2,"bm":0,"nm":"Stroke 1","mn":"ADBE Vector Graphic - Stroke","hd":false},{"ty":"tr","p":{"a":0,"k":[0,0],"ix":2},"a":{"a":0,"k":[0,0],"ix":1},"s":{"a":0,"k":[100,100],"ix":3},"r":{"a":0,"k":0,"ix":6},"o":{"a":0,"k":100,"ix":7},"sk":{"a":0,"k":0,"ix":4},"sa":{"a":0,"k":0,"ix":5},"nm":"Transform"}],"nm":"Group 3","np":2,"cix":2,"bm":0,"ix":3,"mn":"ADBE Vector Group","hd":false},{"ty":"gr","it":[{"ind":0,"ty":"sh","ix":1,"ks":{"a":1,"k":[{"i":{"x":0.5,"y":1},"o":{"x":0.5,"y":0},"t":2,"s":[{"i":[[14.24,0],[0,-14.241],[0,0],[14.24,0],[0,-14.241],[0,0],[14.24,0],[0,-14.241],[0,0],[14.3,0],[0,-14.3],[0,0],[6.473,6.473],[7.889,0],[0.698,-1.023],[-40.562,-92.714],[1.784,-50],[0,0],[0,38.838],[0,0]],"o":[[-14.241,0],[0,0],[0,-14.241],[-14.241,0],[0,0],[0,-14.241],[-14.24,0],[0,0],[0,-14.3],[-14.3,0],[0,0],[-15.747,-19.845],[-8.209,-8.209],[-23.033,0],[0.446,-0.069],[16.409,37.507],[0,0],[-4.934,-57],[0,0],[0,-14.241]],"v":[[122.994,-19.419],[97.102,6.473],[97.102,-12.946],[71.21,-38.838],[45.317,-12.946],[45.317,-32.365],[19.425,-58.257],[-6.467,-32.365],[-6.467,-122.988],[-32.359,-148.88],[-58.251,-122.988],[-58.251,58.257],[-90.616,19.419],[-116.508,6.473],[-148.821,19.341],[-103.562,116.515],[-57.784,222],[129.934,222],[148.886,110.041],[148.886,6.473]],"c":true}]},{"i":{"x":0.5,"y":1},"o":{"x":0.5,"y":0},"t":8,"s":[{"i":[[12.045,0],[0,-12.051],[0,0],[12.045,0],[0,-12.051],[0,0],[12.045,0],[0,-12.051],[0,0],[12.096,0],[0,-12.101],[0,0],[5.475,5.478],[6.673,0],[0.591,-0.866],[-34.309,-78.457],[2.146,-53.548],[0,0],[0,32.866],[0,0]],"o":[[-12.046,0],[0,0],[0,-12.051],[-12.046,0],[0,0],[0,-12.051],[-12.045,0],[0,0],[0,-12.101],[-12.096,0],[0,0],[-13.32,-16.793],[-6.944,-6.947],[-19.483,0],[0.377,-0.058],[13.879,31.739],[0,0],[-6.587,-52.836],[0,0],[0,-12.051]],"v":[[96.099,-32.447],[74.197,-10.536],[74.197,-26.969],[52.296,-48.88],[30.395,-26.969],[30.395,-43.402],[8.493,-65.313],[-13.408,-43.402],[-13.408,-120.089],[-35.309,-142],[-57.211,-120.089],[-57.211,33.285],[-84.587,0.419],[-106.489,-10.536],[-133.821,0.353],[-95.538,82.584],[-55.091,177.08],[103.693,177.08],[118,77.106],[118,-10.536]],"c":true}]},{"i":{"x":0.5,"y":1},"o":{"x":0.5,"y":0},"t":13,"s":[{"i":[[14.24,0],[0,-14.241],[0,0],[14.24,0],[0,-14.241],[0,0],[14.24,0],[0,-14.241],[0,0],[14.3,0],[0,-14.3],[0,0],[6.473,6.473],[7.889,0],[0.698,-1.023],[-40.562,-92.714],[-2.638,-58.886],[0,0],[0,38.838],[0,0]],"o":[[-14.241,0],[0,0],[0,-14.241],[-14.241,0],[0,0],[0,-14.241],[-14.24,0],[0,0],[0,-14.3],[-14.3,0],[0,0],[-15.747,-19.845],[-8.209,-8.209],[-23.033,0],[0.446,-0.069],[16.409,37.507],[0,0],[-14.361,-48.793],[0,0],[0,-14.241]],"v":[[122.994,-19.419],[97.102,6.473],[97.102,-12.946],[71.21,-38.838],[45.317,-12.946],[45.317,-32.365],[19.425,-58.257],[-6.467,-32.365],[-6.467,-122.988],[-32.359,-148.88],[-58.251,-122.988],[-58.251,58.257],[-90.616,19.419],[-116.508,6.473],[-148.821,19.341],[-103.562,116.515],[-53.603,224.722],[134.115,224.722],[148.886,110.041],[148.886,6.473]],"c":true}]},{"i":{"x":0.5,"y":1},"o":{"x":0.5,"y":0},"t":29,"s":[{"i":[[14.24,0],[0,-14.241],[0,0],[14.24,0],[0,-14.241],[0,0],[14.24,0],[0,-14.241],[0,0],[14.3,0],[0,-14.3],[0,0],[6.473,6.473],[7.889,0],[0.698,-1.023],[-40.562,-92.714],[1.792,-62.405],[0,0],[0,38.838],[0,0]],"o":[[-14.241,0],[0,0],[0,-14.241],[-14.241,0],[0,0],[0,-14.241],[-14.24,0],[0,0],[0,-14.3],[-14.3,0],[0,0],[-15.747,-19.845],[-8.209,-8.209],[-23.033,0],[0.446,-0.069],[16.409,37.507],[0,0],[-9.166,-50.211],[0,0],[0,-14.241]],"v":[[122.994,-19.419],[97.102,6.473],[97.102,-12.946],[71.21,-38.838],[45.317,-12.946],[45.317,-32.365],[19.425,-58.257],[-6.467,-32.365],[-6.467,-122.988],[-32.359,-148.88],[-58.251,-122.988],[-58.251,58.257],[-90.616,19.419],[-116.508,6.473],[-148.821,19.341],[-103.562,116.515],[-55.249,221.514],[132.469,221.514],[148.886,110.041],[148.886,6.473]],"c":true}]},{"i":{"x":0.5,"y":1},"o":{"x":0.5,"y":0},"t":35,"s":[{"i":[[12.045,0],[0,-12.051],[0,0],[12.045,0],[0,-12.051],[0,0],[12.045,0],[0,-12.051],[0,0],[12.096,0],[0,-12.101],[0,0],[5.475,5.478],[6.673,0],[0.591,-0.866],[-34.309,-78.457],[2.812,-47.011],[0,0],[0,32.866],[0,0]],"o":[[-12.046,0],[0,0],[0,-12.051],[-12.046,0],[0,0],[0,-12.051],[-12.045,0],[0,0],[0,-12.101],[-12.096,0],[0,0],[-13.32,-16.793],[-6.944,-6.947],[-19.483,0],[0.377,-0.058],[13.879,31.739],[0,0],[-7.797,-53.939],[0,0],[0,-12.051]],"v":[[96.099,-32.447],[74.197,-10.536],[74.197,-26.969],[52.296,-48.88],[30.395,-26.969],[30.395,-43.402],[8.493,-65.313],[-13.408,-43.402],[-13.408,-120.089],[-35.309,-142],[-57.211,-120.089],[-57.211,33.285],[-84.587,0.419],[-106.489,-10.536],[-133.821,0.353],[-95.538,82.584],[-57.814,175.993],[100.971,175.993],[118,77.106],[118,-10.536]],"c":true}]},{"t":40,"s":[{"i":[[14.24,0],[0,-14.241],[0,0],[14.24,0],[0,-14.241],[0,0],[14.24,0],[0,-14.241],[0,0],[14.3,0],[0,-14.3],[0,0],[6.473,6.473],[7.889,0],[0.698,-1.023],[-40.562,-92.714],[1.784,-50],[0,0],[0,38.838],[0,0]],"o":[[-14.241,0],[0,0],[0,-14.241],[-14.241,0],[0,0],[0,-14.241],[-14.24,0],[0,0],[0,-14.3],[-14.3,0],[0,0],[-15.747,-19.845],[-8.209,-8.209],[-23.033,0],[0.446,-0.069],[16.409,37.507],[0,0],[-4.934,-57],[0,0],[0,-14.241]],"v":[[122.994,-19.419],[97.102,6.473],[97.102,-12.946],[71.21,-38.838],[45.317,-12.946],[45.317,-32.365],[19.425,-58.257],[-6.467,-32.365],[-6.467,-122.988],[-32.359,-148.88],[-58.251,-122.988],[-58.251,58.257],[-90.616,19.419],[-116.508,6.473],[-148.821,19.341],[-103.562,116.515],[-57.784,222],[129.934,222],[148.886,110.041],[148.886,6.473]],"c":true}]}],"ix":2},"nm":"Path 1","mn":"ADBE Vector Shape - Group","hd":false},{"ty":"st","c":{"a":0,"k":[0,0,0,1],"ix":3},"o":{"a":0,"k":100,"ix":4},"w":{"a":0,"k":16,"ix":5,"x":"var $bm_rt;\n$bm_rt = thisComp.layer('Main Stroke width - Color Ctrl').effect('Stroke width')('Slider');"},"lc":2,"lj":2,"bm":0,"nm":"Stroke 1","mn":"ADBE Vector Graphic - Stroke","hd":false},{"ty":"tr","p":{"a":0,"k":[0,0],"ix":2},"a":{"a":0,"k":[0,0],"ix":1},"s":{"a":0,"k":[100,100],"ix":3},"r":{"a":0,"k":0,"ix":6},"o":{"a":0,"k":100,"ix":7},"sk":{"a":0,"k":0,"ix":4},"sa":{"a":0,"k":0,"ix":5},"nm":"Transform"}],"nm":"Group 4","np":2,"cix":2,"bm":0,"ix":4,"mn":"ADBE Vector Group","hd":false},{"ty":"fl","c":{"a":0,"k":[1,0,0,1],"ix":4},"o":{"a":0,"k":100,"ix":5},"r":1,"bm":0,"nm":"Fill 1","mn":"ADBE Vector Graphic - Fill","hd":false}],"ip":0,"op":50,"st":0,"bm":0},{"ddd":0,"ind":6,"ty":4,"nm":"Circle","parent":1,"tt":2,"sr":1,"ks":{"o":{"a":0,"k":100,"ix":11},"r":{"a":0,"k":0,"ix":10},"p":{"a":0,"k":[17.998,-74,0],"ix":2},"a":{"a":0,"k":[-32.002,-124,0],"ix":1},"s":{"a":0,"k":[100,100,100],"ix":6}},"ao":0,"shapes":[{"ty":"gr","it":[{"ind":0,"ty":"sh","ix":1,"ks":{"a":1,"k":[{"i":{"x":0.67,"y":1},"o":{"x":0.33,"y":0},"t":7,"s":[{"i":[[0,-39.212],[39.212,0],[0,39.212],[-39.212,0]],"o":[[0,39.212],[-39.212,0],[0,-39.212],[39.212,0]],"v":[[38.998,-124],[-32.002,-53],[-103.002,-124],[-32.002,-195]],"c":true}]},{"i":{"x":0.67,"y":1},"o":{"x":0.33,"y":0},"t":14,"s":[{"i":[[0,-53.019],[53.019,0],[0,53.019],[-53.019,0]],"o":[[0,53.019],[-53.019,0],[0,-53.019],[53.019,0]],"v":[[72.998,-131],[-23.002,-35],[-119.002,-131],[-23.002,-227]],"c":true}]},{"i":{"x":0.67,"y":1},"o":{"x":0.33,"y":0},"t":21,"s":[{"i":[[0,-39.212],[39.212,0],[0,39.212],[-39.212,0]],"o":[[0,39.212],[-39.212,0],[0,-39.212],[39.212,0]],"v":[[38.998,-124],[-32.002,-53],[-103.002,-124],[-32.002,-195]],"c":true}]},{"i":{"x":0.67,"y":1},"o":{"x":0.33,"y":0},"t":30,"s":[{"i":[[0,-39.212],[39.212,0],[0,39.212],[-39.212,0]],"o":[[0,39.212],[-39.212,0],[0,-39.212],[39.212,0]],"v":[[38.998,-124],[-32.002,-53],[-103.002,-124],[-32.002,-195]],"c":true}]},{"i":{"x":0.67,"y":1},"o":{"x":0.33,"y":0},"t":37,"s":[{"i":[[0,-53.019],[53.019,0],[0,53.019],[-53.019,0]],"o":[[0,53.019],[-53.019,0],[0,-53.019],[53.019,0]],"v":[[61.998,-131],[-34.002,-35],[-130.002,-131],[-34.002,-227]],"c":true}]},{"t":45,"s":[{"i":[[0,-39.212],[39.212,0],[0,39.212],[-39.212,0]],"o":[[0,39.212],[-39.212,0],[0,-39.212],[39.212,0]],"v":[[38.998,-124],[-32.002,-53],[-103.002,-124],[-32.002,-195]],"c":true}]}],"ix":2},"nm":"Path 1","mn":"ADBE Vector Shape - Group","hd":false},{"ty":"st","c":{"a":0,"k":[0.20000000298,0.800000011921,0.800000011921,1],"ix":3},"o":{"a":0,"k":100,"ix":4},"w":{"a":0,"k":16,"ix":5,"x":"var $bm_rt;\n$bm_rt = thisComp.layer('Main Stroke width - Color Ctrl').effect('Stroke width')('Slider');"},"lc":2,"lj":2,"bm":0,"nm":"Stroke 1","mn":"ADBE Vector Graphic - Stroke","hd":false},{"ty":"tr","p":{"a":0,"k":[0,0],"ix":2},"a":{"a":0,"k":[0,0],"ix":1},"s":{"a":0,"k":[100,100],"ix":3},"r":{"a":0,"k":0,"ix":6},"o":{"a":0,"k":100,"ix":7},"sk":{"a":0,"k":0,"ix":4},"sa":{"a":0,"k":0,"ix":5},"nm":"Transform"}],"nm":"Group 1","np":2,"cix":2,"bm":0,"ix":1,"mn":"ADBE Vector Group","hd":false}],"ip":0,"op":50,"st":0,"bm":0},{"ddd":0,"ind":7,"ty":3,"nm":"Zero | troke width - Color Ctrl","sr":1,"ks":{"o":{"a":0,"k":0,"ix":11},"r":{"a":0,"k":0,"ix":10},"p":{"a":0,"k":[250,250,0],"ix":2},"a":{"a":0,"k":[0,0,0],"ix":1},"s":{"a":0,"k":[100,100,100],"ix":6}},"ao":0,"ip":0,"op":50,"st":0,"bm":0}],"markers":[]}