{"v":"5.9.0","fr":25,"ip":0,"op":75,"w":500,"h":500,"nm":"30 view file","ddd":0,"assets":[],"layers":[{"ddd":0,"ind":1,"ty":3,"nm":"Main Stroke width - Color Ctrl","parent":12,"sr":1,"ks":{"o":{"a":0,"k":0,"ix":11},"r":{"a":0,"k":0,"ix":10},"p":{"a":0,"k":[0,0,0],"ix":2,"l":2},"a":{"a":0,"k":[50,50,0],"ix":1,"l":2},"s":{"a":0,"k":[100,100,100],"ix":6,"l":2}},"ao":0,"ef":[{"ty":5,"nm":"Stroke width","np":3,"mn":"ADBE Slider Control","ix":1,"en":1,"ef":[{"ty":0,"nm":"Deslizador","mn":"ADBE Slider Control-0001","ix":1,"v":{"a":0,"k":16,"ix":1}}]},{"ty":5,"nm":"Highlight Width","np":3,"mn":"ADBE Slider Control","ix":2,"en":1,"ef":[{"ty":0,"nm":"Deslizador","mn":"ADBE Slider Control-0001","ix":1,"v":{"a":0,"k":18,"ix":1}}]},{"ty":5,"nm":"Base Color","np":3,"mn":"ADBE Color Control","ix":3,"en":1,"ef":[{"ty":2,"nm":"Color","mn":"ADBE Color Control-0001","ix":1,"v":{"a":0,"k":[0.019607843831,0.164705887437,0.458823531866,1],"ix":1}}]},{"ty":5,"nm":"Highlight","np":3,"mn":"ADBE Color Control","ix":4,"en":1,"ef":[{"ty":2,"nm":"Color","mn":"ADBE Color Control-0001","ix":1,"v":{"a":0,"k":[0.92156869173,0.415686309338,0.345098048449,1],"ix":1}}]}],"ip":0,"op":75,"st":0,"bm":0},{"ddd":0,"ind":2,"ty":4,"nm":"Eye ","sr":1,"ks":{"o":{"a":0,"k":100,"ix":11},"r":{"a":0,"k":0,"ix":10},"p":{"a":1,"k":[{"i":{"x":0.2,"y":1},"o":{"x":0.6,"y":0},"t":15,"s":[250,273.795,0],"to":[0,-10,0],"ti":[0,0,0]},{"i":{"x":0.2,"y":1},"o":{"x":0.6,"y":0},"t":40,"s":[250,213.795,0],"to":[0,0,0],"ti":[0,-10,0]},{"t":61,"s":[250,273.795,0]}],"ix":2,"l":2},"a":{"a":0,"k":[132.68,101.523,0],"ix":1,"l":2},"s":{"a":0,"k":[100,100,100],"ix":6,"l":2}},"ao":0,"shapes":[{"ty":"gr","it":[{"ind":0,"ty":"sh","ix":1,"ks":{"a":1,"k":[{"i":{"x":0.3,"y":1},"o":{"x":0.6,"y":0},"t":8,"s":[{"i":[[12.469,9.177],[-5.298,4.038],[-55.038,0.876],[-11.969,-9.767],[4.95,-4.457],[46.487,1.178]],"o":[[-5.365,-3.948],[13.469,-10.267],[48.501,-0.772],[5.161,4.211],[-12.97,11.677],[-51.999,-1.318]],"v":[[-87.969,8.528],[-87.969,-8.528],[-0.001,-61.523],[87.97,-8.528],[87.97,8.528],[-0.001,61.523]],"c":true}]},{"i":{"x":0.3,"y":1},"o":{"x":0.6,"y":0},"t":25,"s":[{"i":[[12.469,9.177],[-5.298,4.038],[-50.999,0.648],[-11.969,-9.767],[4.95,-4.457],[46.487,1.178]],"o":[[-5.365,-3.948],[13.469,-10.267],[48.503,-0.616],[5.161,4.211],[-12.97,11.677],[-51.999,-1.318]],"v":[[-87.969,8.528],[-87.969,-8.528],[-3.001,-37.523],[87.97,-8.528],[87.97,8.528],[0.319,35.523]],"c":true}]},{"t":40,"s":[{"i":[[12.469,9.177],[-5.298,4.038],[-55.038,0.876],[-11.969,-9.767],[4.95,-4.457],[46.487,1.178]],"o":[[-5.365,-3.948],[13.469,-10.267],[48.501,-0.772],[5.161,4.211],[-12.97,11.677],[-51.999,-1.318]],"v":[[-87.969,8.528],[-87.969,-8.528],[-0.001,-61.523],[87.97,-8.528],[87.97,8.528],[-0.001,61.523]],"c":true}]}],"ix":2},"nm":"Trazado 1","mn":"ADBE Vector Shape - Group","hd":false},{"ty":"st","c":{"a":0,"k":[0.019608000213,0.16470600203,0.458824008119,1],"ix":3},"o":{"a":0,"k":100,"ix":4},"w":{"a":0,"k":16,"ix":5},"lc":2,"lj":2,"bm":0,"nm":"Trazo 1","mn":"ADBE Vector Graphic - Stroke","hd":false},{"ty":"tr","p":{"a":0,"k":[132.68,101.523],"ix":2},"a":{"a":0,"k":[0,0],"ix":1},"s":{"a":0,"k":[100,100],"ix":3},"r":{"a":0,"k":0,"ix":6},"o":{"a":0,"k":100,"ix":7},"sk":{"a":0,"k":0,"ix":4},"sa":{"a":0,"k":0,"ix":5},"nm":"Transformar"}],"nm":"Grupo 2","np":2,"cix":2,"bm":0,"ix":1,"mn":"ADBE Vector Group","hd":false}],"ip":0,"op":75,"st":0,"bm":0},{"ddd":0,"ind":3,"ty":4,"nm":"Point ","parent":2,"sr":1,"ks":{"o":{"a":0,"k":100,"ix":11},"r":{"a":0,"k":0,"ix":10},"p":{"a":0,"k":[132.68,101.523,0],"ix":2,"l":2},"a":{"a":0,"k":[132.68,101.523,0],"ix":1,"l":2},"s":{"a":0,"k":[100,100,100],"ix":6,"l":2}},"ao":0,"shapes":[{"ty":"gr","it":[{"ind":0,"ty":"sh","ix":1,"ks":{"a":0,"k":{"i":[[-13.317,0],[0,-13.316],[13.317,0],[0,13.317]],"o":[[13.317,0],[0,13.317],[-13.317,0],[0,-13.316]],"v":[[0,-24.125],[24.124,-0.001],[0,24.125],[-24.124,-0.001]],"c":true},"ix":2},"nm":"Trazado 1","mn":"ADBE Vector Shape - Group","hd":false},{"ty":"st","c":{"a":0,"k":[0.019607843137,0.164705882353,0.458823559331,1],"ix":3},"o":{"a":0,"k":100,"ix":4},"w":{"a":0,"k":16,"ix":5},"lc":2,"lj":2,"bm":0,"nm":"Trazo 1","mn":"ADBE Vector Graphic - Stroke","hd":false},{"ty":"tr","p":{"a":1,"k":[{"i":{"x":0.2,"y":1},"o":{"x":0.6,"y":0},"t":8,"s":[132.68,101.523],"to":[4.731,0],"ti":[-4.731,0]},{"i":{"x":0.2,"y":0.2},"o":{"x":0.6,"y":0.6},"t":19,"s":[161.064,101.523],"to":[0,0],"ti":[0,0]},{"i":{"x":0.2,"y":1},"o":{"x":0.6,"y":0},"t":23,"s":[161.064,101.523],"to":[-10.28,0],"ti":[10.28,0]},{"i":{"x":0.2,"y":0.2},"o":{"x":0.6,"y":0.6},"t":43,"s":[99.385,101.523],"to":[0,0],"ti":[0,0]},{"i":{"x":0.2,"y":1},"o":{"x":0.6,"y":0},"t":49,"s":[99.385,101.523],"to":[5.549,0],"ti":[-5.549,0]},{"t":66,"s":[132.68,101.523]}],"ix":2},"a":{"a":0,"k":[0,0],"ix":1},"s":{"a":0,"k":[100,100],"ix":3},"r":{"a":0,"k":0,"ix":6},"o":{"a":0,"k":100,"ix":7},"sk":{"a":0,"k":0,"ix":4},"sa":{"a":0,"k":0,"ix":5},"nm":"Transformar"}],"nm":"Grupo 1","np":2,"cix":2,"bm":0,"ix":1,"mn":"ADBE Vector Group","hd":false},{"ty":"tm","s":{"a":1,"k":[{"i":{"x":[0.2],"y":[1]},"o":{"x":[0.6],"y":[0]},"t":45,"s":[0]},{"t":71,"s":[100]}],"ix":1},"e":{"a":1,"k":[{"i":{"x":[0.2],"y":[1]},"o":{"x":[0.6],"y":[0]},"t":10,"s":[0]},{"t":34,"s":[100]}],"ix":2},"o":{"a":1,"k":[{"i":{"x":[0.833],"y":[0.833]},"o":{"x":[0.167],"y":[0.167]},"t":10,"s":[0]},{"i":{"x":[0.833],"y":[0.833]},"o":{"x":[0.167],"y":[0.167]},"t":21,"s":[116.483]},{"t":71,"s":[258.701]}],"ix":3},"m":1,"ix":2,"nm":"Recortar trazados 1","mn":"ADBE Vector Filter - Trim","hd":false}],"ip":11,"op":70,"st":0,"bm":0},{"ddd":0,"ind":4,"ty":4,"nm":"Point Color","parent":2,"sr":1,"ks":{"o":{"a":0,"k":100,"ix":11},"r":{"a":0,"k":0,"ix":10},"p":{"a":0,"k":[132.68,101.523,0],"ix":2,"l":2},"a":{"a":0,"k":[132.68,101.523,0],"ix":1,"l":2},"s":{"a":0,"k":[100,100,100],"ix":6,"l":2}},"ao":0,"shapes":[{"ty":"gr","it":[{"ind":0,"ty":"sh","ix":1,"ks":{"a":0,"k":{"i":[[-13.317,0],[0,-13.316],[13.317,0],[0,13.317]],"o":[[13.317,0],[0,13.317],[-13.317,0],[0,-13.316]],"v":[[0,-24.125],[24.124,-0.001],[0,24.125],[-24.124,-0.001]],"c":true},"ix":2},"nm":"Trazado 1","mn":"ADBE Vector Shape - Group","hd":false},{"ty":"fl","c":{"a":0,"k":[0.4,0.411764705882,0.933333333333,1],"ix":4},"o":{"a":0,"k":100,"ix":5},"r":1,"bm":0,"nm":"Relleno 1","mn":"ADBE Vector Graphic - Fill","hd":false},{"ty":"st","c":{"a":0,"k":[0.019608000213,0.16470600203,0.458824008119,1],"ix":3},"o":{"a":0,"k":100,"ix":4},"w":{"a":0,"k":16,"ix":5},"lc":2,"lj":2,"bm":0,"nm":"Trazo 1","mn":"ADBE Vector Graphic - Stroke","hd":true},{"ty":"tr","p":{"a":1,"k":[{"i":{"x":0.2,"y":1},"o":{"x":0.6,"y":0},"t":8,"s":[132.68,101.523],"to":[4.731,0],"ti":[-4.731,0]},{"i":{"x":0.2,"y":0.2},"o":{"x":0.6,"y":0.6},"t":19,"s":[161.064,101.523],"to":[0,0],"ti":[0,0]},{"i":{"x":0.2,"y":1},"o":{"x":0.6,"y":0},"t":23,"s":[161.064,101.523],"to":[-10.28,0],"ti":[10.28,0]},{"i":{"x":0.2,"y":0.2},"o":{"x":0.6,"y":0.6},"t":43,"s":[99.385,101.523],"to":[0,0],"ti":[0,0]},{"i":{"x":0.2,"y":1},"o":{"x":0.6,"y":0},"t":49,"s":[99.385,101.523],"to":[5.549,0],"ti":[-5.549,0]},{"t":66,"s":[132.68,101.523]}],"ix":2},"a":{"a":0,"k":[0,0],"ix":1},"s":{"a":0,"k":[100,100],"ix":3},"r":{"a":0,"k":0,"ix":6},"o":{"a":0,"k":100,"ix":7},"sk":{"a":0,"k":0,"ix":4},"sa":{"a":0,"k":0,"ix":5},"nm":"Transformar"}],"nm":"Grupo 1","np":3,"cix":2,"bm":0,"ix":1,"mn":"ADBE Vector Group","hd":false}],"ip":0,"op":75,"st":0,"bm":0},{"ddd":0,"ind":5,"ty":4,"nm":"Eye Color","sr":1,"ks":{"o":{"a":0,"k":100,"ix":11},"r":{"a":0,"k":0,"ix":10},"p":{"a":1,"k":[{"i":{"x":0.2,"y":1},"o":{"x":0.6,"y":0},"t":15,"s":[250,273.795,0],"to":[0,-10,0],"ti":[0,0,0]},{"i":{"x":0.2,"y":1},"o":{"x":0.6,"y":0},"t":40,"s":[250,213.795,0],"to":[0,0,0],"ti":[0,-10,0]},{"t":61,"s":[250,273.795,0]}],"ix":2,"l":2},"a":{"a":0,"k":[132.68,101.523,0],"ix":1,"l":2},"s":{"a":0,"k":[100,100,100],"ix":6,"l":2}},"ao":0,"shapes":[{"ty":"gr","it":[{"ind":0,"ty":"sh","ix":1,"ks":{"a":1,"k":[{"i":{"x":0.3,"y":1},"o":{"x":0.6,"y":0},"t":8,"s":[{"i":[[12.469,9.177],[-5.298,4.038],[-55.038,0.876],[-11.969,-9.767],[4.95,-4.457],[46.487,1.178]],"o":[[-5.365,-3.948],[13.469,-10.267],[48.501,-0.772],[5.161,4.211],[-12.97,11.677],[-51.999,-1.318]],"v":[[-87.969,8.528],[-87.969,-8.528],[-0.001,-61.523],[87.97,-8.528],[87.97,8.528],[-0.001,61.523]],"c":true}]},{"i":{"x":0.3,"y":1},"o":{"x":0.6,"y":0},"t":25,"s":[{"i":[[12.469,9.177],[-5.298,4.038],[-50.999,0.648],[-11.969,-9.767],[4.95,-4.457],[46.487,1.178]],"o":[[-5.365,-3.948],[13.469,-10.267],[48.503,-0.616],[5.161,4.211],[-12.97,11.677],[-51.999,-1.318]],"v":[[-87.969,8.528],[-87.969,-8.528],[-3.001,-37.523],[87.97,-8.528],[87.97,8.528],[0.319,35.523]],"c":true}]},{"t":40,"s":[{"i":[[12.469,9.177],[-5.298,4.038],[-55.038,0.876],[-11.969,-9.767],[4.95,-4.457],[46.487,1.178]],"o":[[-5.365,-3.948],[13.469,-10.267],[48.501,-0.772],[5.161,4.211],[-12.97,11.677],[-51.999,-1.318]],"v":[[-87.969,8.528],[-87.969,-8.528],[-0.001,-61.523],[87.97,-8.528],[87.97,8.528],[-0.001,61.523]],"c":true}]}],"ix":2},"nm":"Trazado 1","mn":"ADBE Vector Shape - Group","hd":false},{"ty":"fl","c":{"a":0,"k":[0.713725490196,0.61568627451,0.933333333333,1],"ix":4},"o":{"a":0,"k":100,"ix":5},"r":1,"bm":0,"nm":"Relleno 1","mn":"ADBE Vector Graphic - Fill","hd":false},{"ty":"st","c":{"a":0,"k":[0.019608000213,0.16470600203,0.458824008119,1],"ix":3},"o":{"a":0,"k":100,"ix":4},"w":{"a":0,"k":16,"ix":5},"lc":2,"lj":2,"bm":0,"nm":"Trazo 1","mn":"ADBE Vector Graphic - Stroke","hd":true},{"ty":"tr","p":{"a":0,"k":[132.68,101.523],"ix":2},"a":{"a":0,"k":[0,0],"ix":1},"s":{"a":0,"k":[100,100],"ix":3},"r":{"a":0,"k":0,"ix":6},"o":{"a":0,"k":100,"ix":7},"sk":{"a":0,"k":0,"ix":4},"sa":{"a":0,"k":0,"ix":5},"nm":"Transformar"}],"nm":"Grupo 2","np":3,"cix":2,"bm":0,"ix":1,"mn":"ADBE Vector Group","hd":false}],"ip":0,"op":75,"st":0,"bm":0},{"ddd":0,"ind":6,"ty":4,"nm":"Paper 2","parent":1,"sr":1,"ks":{"o":{"a":0,"k":100,"ix":11},"r":{"a":0,"k":0,"ix":10},"p":{"a":0,"k":[49.782,50,0],"ix":2,"l":2},"a":{"a":0,"k":[172.8,221.09,0],"ix":1,"l":2},"s":{"a":0,"k":[100,100,100],"ix":6,"l":2}},"ao":0,"shapes":[{"ty":"gr","it":[{"ind":0,"ty":"sh","ix":1,"ks":{"a":1,"k":[{"i":{"x":0.2,"y":1},"o":{"x":0.6,"y":0},"t":9,"s":[{"i":[[0,0],[0,0],[0,0],[-13.335,0],[0,0],[0,15.791],[0,0],[13.335,0]],"o":[[0,0],[0,0],[0,13.335],[0,0],[15.791,0],[0,0],[0,-13.335],[0,0]],"v":[[-60.567,-181.235],[-132.987,-102.331],[-132.8,156.946],[-108.655,181.09],[104.207,181.09],[132.799,152.498],[132.8,-156.945],[108.654,-181.09]],"c":true}]},{"i":{"x":0.2,"y":1},"o":{"x":0.167,"y":0},"t":31.619,"s":[{"i":[[74.787,-0.308],[0.209,-14.169],[0,0],[-13.335,0],[0,0],[0,15.791],[0,0],[13.335,0]],"o":[[-14.59,0.06],[-0.291,109.831],[0,13.335],[0,0],[15.791,0],[0,0],[0,-13.335],[0,0]],"v":[[-108.692,-180.935],[-132.991,-156.831],[-132.8,156.946],[-108.655,181.091],[104.207,181.091],[132.799,152.499],[132.8,-156.945],[108.654,-181.09]],"c":true}]},{"i":{"x":0.2,"y":1},"o":{"x":0.167,"y":0},"t":46.044,"s":[{"i":[[74.787,-0.308],[0.209,-14.169],[0,0],[-13.335,0],[0,0],[0,15.791],[0,0],[13.335,0]],"o":[[-14.59,0.06],[-0.291,109.831],[0,13.335],[0,0],[15.791,0],[0,0],[0,-13.335],[0,0]],"v":[[-108.692,-180.935],[-132.991,-156.831],[-132.8,156.946],[-108.655,181.091],[104.207,181.091],[132.799,152.499],[132.8,-156.945],[108.654,-181.09]],"c":true}]},{"t":64.826171875,"s":[{"i":[[0,0],[0,0],[0,0],[-13.335,0],[0,0],[0,15.791],[0,0],[13.335,0]],"o":[[0,0],[0,0],[0,13.335],[0,0],[15.791,0],[0,0],[0,-13.335],[0,0]],"v":[[-60.567,-181.235],[-132.987,-102.331],[-132.8,156.946],[-108.655,181.09],[104.207,181.09],[132.799,152.499],[132.8,-156.945],[108.654,-181.09]],"c":true}]}],"ix":2},"nm":"Trazado 1","mn":"ADBE Vector Shape - Group","hd":false},{"ty":"st","c":{"a":0,"k":[0.019608000213,0.16470600203,0.458824008119,1],"ix":3},"o":{"a":0,"k":100,"ix":4},"w":{"a":0,"k":16,"ix":5},"lc":2,"lj":2,"bm":0,"nm":"Trazo 1","mn":"ADBE Vector Graphic - Stroke","hd":false},{"ty":"tr","p":{"a":0,"k":[172.8,221.09],"ix":2},"a":{"a":0,"k":[0,0],"ix":1},"s":{"a":0,"k":[100,100],"ix":3},"r":{"a":0,"k":0,"ix":6},"o":{"a":0,"k":100,"ix":7},"sk":{"a":0,"k":0,"ix":4},"sa":{"a":0,"k":0,"ix":5},"nm":"Transformar"}],"nm":"Grupo 1","np":2,"cix":2,"bm":0,"ix":1,"mn":"ADBE Vector Group","hd":false},{"ty":"tm","s":{"a":0,"k":0,"ix":1},"e":{"a":0,"k":100,"ix":2},"o":{"a":0,"k":0,"ix":3},"m":1,"ix":2,"nm":"Recortar trazados 1","mn":"ADBE Vector Filter - Trim","hd":false}],"ip":0,"op":81,"st":0,"bm":0},{"ddd":0,"ind":7,"ty":4,"nm":"Fold ","parent":1,"sr":1,"ks":{"o":{"a":1,"k":[{"i":{"x":[0.833],"y":[0.833]},"o":{"x":[0.167],"y":[0.167]},"t":20,"s":[100]},{"i":{"x":[0.833],"y":[0.833]},"o":{"x":[0.167],"y":[0.167]},"t":20.286,"s":[0]},{"i":{"x":[0.833],"y":[0.833]},"o":{"x":[0.167],"y":[0.167]},"t":48.392,"s":[0]},{"t":49,"s":[100]}],"ix":11},"r":{"a":0,"k":0,"ix":10},"p":{"a":1,"k":[{"i":{"x":0.2,"y":1},"o":{"x":0.6,"y":0},"t":9,"s":[-40.763,-88.836,0],"to":[-15.333,-14.167,0],"ti":[15.333,14.167,0]},{"i":{"x":0.2,"y":0.2},"o":{"x":0.6,"y":0.6},"t":34,"s":[-132.763,-173.836,0],"to":[0,0,0],"ti":[0,0,0]},{"i":{"x":0.84,"y":0.586},"o":{"x":0.649,"y":0},"t":39,"s":[-132.763,-173.836,0],"to":[6.259,5.783,0],"ti":[-15.331,-14.164,0]},{"i":{"x":0.242,"y":1},"o":{"x":0.14,"y":0.562},"t":49.565,"s":[-87.25,-131.025,0],"to":[22.227,20.536,0],"ti":[-9.074,-8.384,0]},{"t":66,"s":[-40.763,-88.836,0]}],"ix":2,"l":2},"a":{"a":0,"k":[82.255,82.255,0],"ix":1,"l":2},"s":{"a":0,"k":[100,100,100],"ix":6,"l":2}},"ao":0,"shapes":[{"ty":"gr","it":[{"ind":0,"ty":"sh","ix":1,"ks":{"a":1,"k":[{"i":{"x":0.833,"y":0.833},"o":{"x":0.167,"y":0.167},"t":9,"s":[{"i":[[0,0],[0,0],[0,13.334],[0,0]],"o":[[0,0],[13.334,0],[0,0],[0,0]],"v":[[-42.255,42.255],[18.109,42.255],[42.255,18.11],[42.255,-42.255]],"c":false}]},{"i":{"x":0.833,"y":0.833},"o":{"x":0.167,"y":0.167},"t":12.571,"s":[{"i":[[0,0],[0,0],[0,13.334],[0,0]],"o":[[0,0],[13.334,0],[0,0],[0,0]],"v":[[-40.505,42.667],[18.109,42.255],[42.255,18.11],[42.025,-39.38]],"c":false}]},{"i":{"x":0.833,"y":0.833},"o":{"x":0.167,"y":0.167},"t":15,"s":[{"i":[[0,0],[0,0],[0,13.334],[0,0]],"o":[[0,0],[13.334,0],[0,0],[0,0]],"v":[[-34.219,42.329],[18.109,42.255],[42.255,18.11],[42.432,-34.466]],"c":false}]},{"i":{"x":0.833,"y":0.833},"o":{"x":0.167,"y":0.167},"t":16.143,"s":[{"i":[[0,0],[0,0],[0,13.334],[0,0]],"o":[[0,0],[13.334,0],[0,0],[0,0]],"v":[[-27.555,42.289],[18.109,42.255],[42.255,18.11],[42.439,-28.938]],"c":false}]},{"i":{"x":0.833,"y":0.833},"o":{"x":0.167,"y":0.167},"t":18,"s":[{"i":[[0,0],[0,0],[0,13.334],[0,0]],"o":[[0,0],[13.334,0],[0,0],[0,0]],"v":[[-14.944,42.12],[18.109,42.255],[42.255,18.11],[42.39,-17.198]],"c":false}]},{"i":{"x":0.833,"y":0.833},"o":{"x":0.167,"y":0.167},"t":20,"s":[{"i":[[0,0],[0,0],[0,13.334],[0,0]],"o":[[0,0],[13.334,0],[0,0],[0,0]],"v":[[9.421,42],[18.109,42.255],[42.255,18.11],[42.609,6.575]],"c":false}]},{"i":{"x":0.833,"y":0.833},"o":{"x":0.167,"y":0.167},"t":20.904,"s":[{"i":[[0,0],[0,0],[0,13.334],[0,0]],"o":[[0,0],[13.334,0],[0,0],[0,0]],"v":[[7.745,42.043],[18.109,42.255],[42.255,18.11],[42.708,2.745]],"c":false}]},{"i":{"x":0.833,"y":0.833},"o":{"x":0.167,"y":0.167},"t":48.392,"s":[{"i":[[0,0],[0,0],[0,13.334],[0,0]],"o":[[0,0],[13.334,0],[0,0],[0,0]],"v":[[4.313,42.645],[18.109,42.255],[42.255,18.11],[42.593,6.556]],"c":false}]},{"i":{"x":0.833,"y":0.833},"o":{"x":0.167,"y":0.167},"t":49,"s":[{"i":[[0,0],[0,0],[0,13.334],[0,0]],"o":[[0,0],[13.334,0],[0,0],[0,0]],"v":[[10.65,42.565],[18.109,42.255],[42.255,18.11],[42.539,7.185]],"c":false}]},{"i":{"x":0.833,"y":0.833},"o":{"x":0.167,"y":0.167},"t":49.565,"s":[{"i":[[0,0],[0,0],[0,13.334],[0,0]],"o":[[0,0],[13.334,0],[0,0],[0,0]],"v":[[4.481,42.64],[18.109,42.255],[42.255,18.11],[42.351,0.052]],"c":false}]},{"i":{"x":0.833,"y":0.833},"o":{"x":0.167,"y":0.167},"t":50.739,"s":[{"i":[[0,0],[0,0],[0,13.334],[0,0]],"o":[[0,0],[13.334,0],[0,0],[0,0]],"v":[[-8.851,42.164],[18.109,42.255],[42.255,18.11],[42.083,-11.453]],"c":false}]},{"i":{"x":0.833,"y":0.833},"o":{"x":0.167,"y":0.167},"t":53,"s":[{"i":[[0,0],[0,0],[0,13.334],[0,0]],"o":[[0,0],[13.334,0],[0,0],[0,0]],"v":[[-25.095,42.11],[18.109,42.255],[42.255,18.11],[42.271,-26.137]],"c":false}]},{"i":{"x":0.833,"y":0.833},"o":{"x":0.167,"y":0.167},"t":54.261,"s":[{"i":[[0,0],[0,0],[0,13.334],[0,0]],"o":[[0,0],[13.334,0],[0,0],[0,0]],"v":[[-28.702,42.013],[18.109,42.255],[42.255,18.11],[42.287,-29.653]],"c":false}]},{"i":{"x":0.833,"y":0.833},"o":{"x":0.167,"y":0.167},"t":56,"s":[{"i":[[0,0],[0,0],[0,13.334],[0,0]],"o":[[0,0],[13.334,0],[0,0],[0,0]],"v":[[-34.433,42.04],[18.109,42.255],[42.255,18.11],[42.375,-34.978]],"c":false}]},{"t":65,"s":[{"i":[[0,0],[0,0],[0,13.334],[0,0]],"o":[[0,0],[13.334,0],[0,0],[0,0]],"v":[[-42.255,42.255],[18.109,42.255],[42.255,18.11],[42.255,-42.255]],"c":false}]}],"ix":2},"nm":"Trazado 1","mn":"ADBE Vector Shape - Group","hd":false},{"ty":"st","c":{"a":0,"k":[0.019608000213,0.16470600203,0.458824008119,1],"ix":3},"o":{"a":0,"k":100,"ix":4},"w":{"a":0,"k":16,"ix":5},"lc":1,"lj":1,"ml":10,"bm":0,"nm":"Trazo 1","mn":"ADBE Vector Graphic - Stroke","hd":false},{"ty":"tr","p":{"a":0,"k":[82.255,82.255],"ix":2},"a":{"a":0,"k":[0,0],"ix":1},"s":{"a":0,"k":[100,100],"ix":3},"r":{"a":0,"k":0,"ix":6},"o":{"a":0,"k":100,"ix":7},"sk":{"a":0,"k":0,"ix":4},"sa":{"a":0,"k":0,"ix":5},"nm":"Transformar"}],"nm":"Grupo 1","np":2,"cix":2,"bm":0,"ix":1,"mn":"ADBE Vector Group","hd":false}],"ip":0,"op":81,"st":0,"bm":0},{"ddd":0,"ind":8,"ty":4,"nm":"Fold Color","parent":1,"sr":1,"ks":{"o":{"a":1,"k":[{"i":{"x":[0.833],"y":[0.833]},"o":{"x":[0.167],"y":[0.167]},"t":20,"s":[100]},{"i":{"x":[0.833],"y":[0.833]},"o":{"x":[0.167],"y":[0.167]},"t":20.286,"s":[0]},{"i":{"x":[0.833],"y":[0.833]},"o":{"x":[0.167],"y":[0.167]},"t":48.392,"s":[0]},{"t":49,"s":[100]}],"ix":11},"r":{"a":0,"k":0,"ix":10},"p":{"a":1,"k":[{"i":{"x":0.2,"y":1},"o":{"x":0.6,"y":0},"t":9,"s":[-40.763,-88.836,0],"to":[-15.333,-14.167,0],"ti":[15.333,14.167,0]},{"i":{"x":0.2,"y":0.2},"o":{"x":0.6,"y":0.6},"t":34,"s":[-132.763,-173.836,0],"to":[0,0,0],"ti":[0,0,0]},{"i":{"x":0.84,"y":0.586},"o":{"x":0.649,"y":0},"t":39,"s":[-132.763,-173.836,0],"to":[6.259,5.783,0],"ti":[-15.331,-14.164,0]},{"i":{"x":0.242,"y":1},"o":{"x":0.14,"y":0.562},"t":49.565,"s":[-87.25,-131.025,0],"to":[22.227,20.536,0],"ti":[-9.074,-8.384,0]},{"t":66,"s":[-40.763,-88.836,0]}],"ix":2,"l":2},"a":{"a":0,"k":[82.255,82.255,0],"ix":1,"l":2},"s":{"a":0,"k":[100,100,100],"ix":6,"l":2}},"ao":0,"shapes":[{"ty":"gr","it":[{"ind":0,"ty":"sh","ix":1,"ks":{"a":1,"k":[{"i":{"x":0.833,"y":0.833},"o":{"x":0.167,"y":0.167},"t":9,"s":[{"i":[[0,0],[0,0],[0,13.334],[0,0]],"o":[[0,0],[13.334,0],[0,0],[0,0]],"v":[[-42.255,42.255],[18.109,42.255],[42.255,18.11],[42.255,-42.255]],"c":false}]},{"i":{"x":0.833,"y":0.833},"o":{"x":0.167,"y":0.167},"t":12.571,"s":[{"i":[[0,0],[0,0],[0,13.334],[0,0]],"o":[[0,0],[13.334,0],[0,0],[0,0]],"v":[[-40.505,42.667],[18.109,42.255],[42.255,18.11],[42.025,-39.38]],"c":false}]},{"i":{"x":0.833,"y":0.833},"o":{"x":0.167,"y":0.167},"t":15,"s":[{"i":[[0,0],[0,0],[0,13.334],[0,0]],"o":[[0,0],[13.334,0],[0,0],[0,0]],"v":[[-34.219,42.329],[18.109,42.255],[42.255,18.11],[42.432,-34.466]],"c":false}]},{"i":{"x":0.833,"y":0.833},"o":{"x":0.167,"y":0.167},"t":16.143,"s":[{"i":[[0,0],[0,0],[0,13.334],[0,0]],"o":[[0,0],[13.334,0],[0,0],[0,0]],"v":[[-27.555,42.289],[18.109,42.255],[42.255,18.11],[42.439,-28.938]],"c":false}]},{"i":{"x":0.833,"y":0.833},"o":{"x":0.167,"y":0.167},"t":18,"s":[{"i":[[0,0],[0,0],[0,13.334],[0,0]],"o":[[0,0],[13.334,0],[0,0],[0,0]],"v":[[-14.944,42.12],[18.109,42.255],[42.255,18.11],[42.39,-17.198]],"c":false}]},{"i":{"x":0.833,"y":0.833},"o":{"x":0.167,"y":0.167},"t":20,"s":[{"i":[[0,0],[0,0],[0,13.334],[0,0]],"o":[[0,0],[13.334,0],[0,0],[0,0]],"v":[[9.421,42],[18.109,42.255],[42.255,18.11],[42.609,6.575]],"c":false}]},{"i":{"x":0.833,"y":0.833},"o":{"x":0.167,"y":0.167},"t":20.904,"s":[{"i":[[0,0],[0,0],[0,13.334],[0,0]],"o":[[0,0],[13.334,0],[0,0],[0,0]],"v":[[7.745,42.043],[18.109,42.255],[42.255,18.11],[42.708,2.745]],"c":false}]},{"i":{"x":0.833,"y":0.833},"o":{"x":0.167,"y":0.167},"t":48.392,"s":[{"i":[[0,0],[0,0],[0,13.334],[0,0]],"o":[[0,0],[13.334,0],[0,0],[0,0]],"v":[[4.313,42.645],[18.109,42.255],[42.255,18.11],[42.593,6.556]],"c":false}]},{"i":{"x":0.833,"y":0.833},"o":{"x":0.167,"y":0.167},"t":49,"s":[{"i":[[0,0],[0,0],[0,13.334],[0,0]],"o":[[0,0],[13.334,0],[0,0],[0,0]],"v":[[10.65,42.565],[18.109,42.255],[42.255,18.11],[42.539,7.185]],"c":false}]},{"i":{"x":0.833,"y":0.833},"o":{"x":0.167,"y":0.167},"t":49.565,"s":[{"i":[[0,0],[0,0],[0,13.334],[0,0]],"o":[[0,0],[13.334,0],[0,0],[0,0]],"v":[[4.481,42.64],[18.109,42.255],[42.255,18.11],[42.351,0.052]],"c":false}]},{"i":{"x":0.833,"y":0.833},"o":{"x":0.167,"y":0.167},"t":50.739,"s":[{"i":[[0,0],[0,0],[0,13.334],[0,0]],"o":[[0,0],[13.334,0],[0,0],[0,0]],"v":[[-8.851,42.164],[18.109,42.255],[42.255,18.11],[42.083,-11.453]],"c":false}]},{"i":{"x":0.833,"y":0.833},"o":{"x":0.167,"y":0.167},"t":53,"s":[{"i":[[0,0],[0,0],[0,13.334],[0,0]],"o":[[0,0],[13.334,0],[0,0],[0,0]],"v":[[-25.095,42.11],[18.109,42.255],[42.255,18.11],[42.271,-26.137]],"c":false}]},{"i":{"x":0.833,"y":0.833},"o":{"x":0.167,"y":0.167},"t":54.261,"s":[{"i":[[0,0],[0,0],[0,13.334],[0,0]],"o":[[0,0],[13.334,0],[0,0],[0,0]],"v":[[-28.702,42.013],[18.109,42.255],[42.255,18.11],[42.287,-29.653]],"c":false}]},{"i":{"x":0.833,"y":0.833},"o":{"x":0.167,"y":0.167},"t":56,"s":[{"i":[[0,0],[0,0],[0,13.334],[0,0]],"o":[[0,0],[13.334,0],[0,0],[0,0]],"v":[[-34.433,42.04],[18.109,42.255],[42.255,18.11],[42.375,-34.978]],"c":false}]},{"t":65,"s":[{"i":[[0,0],[0,0],[0,13.334],[0,0]],"o":[[0,0],[13.334,0],[0,0],[0,0]],"v":[[-42.255,42.255],[18.109,42.255],[42.255,18.11],[42.255,-42.255]],"c":false}]}],"ix":2},"nm":"Trazado 1","mn":"ADBE Vector Shape - Group","hd":false},{"ty":"st","c":{"a":0,"k":[0.019608000213,0.16470600203,0.458824008119,1],"ix":3},"o":{"a":0,"k":100,"ix":4},"w":{"a":0,"k":16,"ix":5},"lc":1,"lj":1,"ml":10,"bm":0,"nm":"Trazo 1","mn":"ADBE Vector Graphic - Stroke","hd":true},{"ty":"tr","p":{"a":0,"k":[82.255,82.255],"ix":2},"a":{"a":0,"k":[0,0],"ix":1},"s":{"a":0,"k":[100,100],"ix":3},"r":{"a":0,"k":0,"ix":6},"o":{"a":0,"k":100,"ix":7},"sk":{"a":0,"k":0,"ix":4},"sa":{"a":0,"k":0,"ix":5},"nm":"Transformar"}],"nm":"Grupo 1","np":2,"cix":2,"bm":0,"ix":1,"mn":"ADBE Vector Group","hd":false},{"ty":"fl","c":{"a":0,"k":[0.83137254902,0.862745098039,0.980392156863,1],"ix":4},"o":{"a":0,"k":100,"ix":5},"r":1,"bm":0,"nm":"Relleno 1","mn":"ADBE Vector Graphic - Fill","hd":false}],"ip":0,"op":81,"st":0,"bm":0},{"ddd":0,"ind":9,"ty":4,"nm":"Mask Paper 2 Color ","parent":1,"td":1,"sr":1,"ks":{"o":{"a":0,"k":100,"ix":11},"r":{"a":0,"k":0,"ix":10},"p":{"a":0,"k":[49.782,50,0],"ix":2,"l":2},"a":{"a":0,"k":[172.8,221.09,0],"ix":1,"l":2},"s":{"a":0,"k":[100,100,100],"ix":6,"l":2}},"ao":0,"shapes":[{"ty":"gr","it":[{"ind":0,"ty":"sh","ix":1,"ks":{"a":1,"k":[{"i":{"x":0.2,"y":1},"o":{"x":0.6,"y":0},"t":9,"s":[{"i":[[0,0],[0,0],[0,0],[-13.335,0],[0,0],[0,15.791],[0,0],[13.335,0]],"o":[[0,0],[0,0],[0,13.335],[0,0],[15.791,0],[0,0],[0,-13.335],[0,0]],"v":[[-60.567,-181.235],[-132.987,-102.331],[-132.8,156.946],[-108.655,181.09],[104.207,181.09],[132.799,152.498],[132.8,-156.945],[108.654,-181.09]],"c":true}]},{"i":{"x":0.2,"y":1},"o":{"x":0.167,"y":0},"t":31.619,"s":[{"i":[[74.787,-0.308],[0.209,-14.169],[0,0],[-13.335,0],[0,0],[0,15.791],[0,0],[13.335,0]],"o":[[-14.59,0.06],[-0.291,109.831],[0,13.335],[0,0],[15.791,0],[0,0],[0,-13.335],[0,0]],"v":[[-108.692,-180.935],[-132.991,-156.831],[-132.8,156.946],[-108.655,181.091],[104.207,181.091],[132.799,152.499],[132.8,-156.945],[108.654,-181.09]],"c":true}]},{"i":{"x":0.2,"y":1},"o":{"x":0.167,"y":0},"t":46.044,"s":[{"i":[[74.787,-0.308],[0.209,-14.169],[0,0],[-13.335,0],[0,0],[0,15.791],[0,0],[13.335,0]],"o":[[-14.59,0.06],[-0.291,109.831],[0,13.335],[0,0],[15.791,0],[0,0],[0,-13.335],[0,0]],"v":[[-108.692,-180.935],[-132.991,-156.831],[-132.8,156.946],[-108.655,181.091],[104.207,181.091],[132.799,152.499],[132.8,-156.945],[108.654,-181.09]],"c":true}]},{"t":64.826171875,"s":[{"i":[[0,0],[0,0],[0,0],[-13.335,0],[0,0],[0,15.791],[0,0],[13.335,0]],"o":[[0,0],[0,0],[0,13.335],[0,0],[15.791,0],[0,0],[0,-13.335],[0,0]],"v":[[-60.567,-181.235],[-132.987,-102.331],[-132.8,156.946],[-108.655,181.09],[104.207,181.09],[132.799,152.499],[132.8,-156.945],[108.654,-181.09]],"c":true}]}],"ix":2},"nm":"Trazado 1","mn":"ADBE Vector Shape - Group","hd":false},{"ty":"fl","c":{"a":0,"k":[1,1,1,1],"ix":4},"o":{"a":0,"k":100,"ix":5},"r":1,"bm":0,"nm":"Relleno 1","mn":"ADBE Vector Graphic - Fill","hd":false},{"ty":"st","c":{"a":0,"k":[0.019608000213,0.16470600203,0.458824008119,1],"ix":3},"o":{"a":0,"k":100,"ix":4},"w":{"a":0,"k":16,"ix":5},"lc":2,"lj":2,"bm":0,"nm":"Trazo 1","mn":"ADBE Vector Graphic - Stroke","hd":true},{"ty":"tr","p":{"a":0,"k":[172.8,221.09],"ix":2},"a":{"a":0,"k":[0,0],"ix":1},"s":{"a":0,"k":[100,100],"ix":3},"r":{"a":0,"k":0,"ix":6},"o":{"a":0,"k":100,"ix":7},"sk":{"a":0,"k":0,"ix":4},"sa":{"a":0,"k":0,"ix":5},"nm":"Transformar"}],"nm":"Grupo 1","np":3,"cix":2,"bm":0,"ix":1,"mn":"ADBE Vector Group","hd":false}],"ip":0,"op":81,"st":0,"bm":0},{"ddd":0,"ind":10,"ty":4,"nm":"Shadow","tt":1,"sr":1,"ks":{"o":{"a":0,"k":100,"ix":11},"r":{"a":0,"k":0,"ix":10},"p":{"a":0,"k":[251.276,269.169,0],"ix":2,"l":2},"a":{"a":0,"k":[133.135,161.684,0],"ix":1,"l":2},"s":{"a":0,"k":[100,100,100],"ix":6,"l":2}},"ao":0,"shapes":[{"ty":"gr","it":[{"ind":0,"ty":"sh","ix":1,"ks":{"a":0,"k":{"i":[[1.248,119.5],[-1.877,11.464],[0,0],[0,0],[-13.344,0],[0,0],[-4.531,4.536],[0,6.409],[0,0],[6.511,0]],"o":[[-0.459,-43.955],[0,0],[0,0],[0,13.343],[0,0],[6.408,0],[4.531,-4.53],[0,0],[-6.365,0.563],[-119.507,0]],"v":[[-102.817,-126.214],[-95.448,-209.434],[-145.385,-224.497],[-132.885,137.273],[-108.724,161.434],[108.724,161.434],[125.808,154.355],[132.885,137.273],[132.885,89.306],[113.57,90.173]],"c":true},"ix":2},"nm":"Trazado 1","mn":"ADBE Vector Shape - Group","hd":false},{"ty":"fl","c":{"a":0,"k":[0.823529471603,0.862745157878,0.992156922583,1],"ix":4},"o":{"a":0,"k":100,"ix":5},"r":1,"bm":0,"nm":"Relleno 1","mn":"ADBE Vector Graphic - Fill","hd":false},{"ty":"tr","p":{"a":0,"k":[133.135,161.684],"ix":2},"a":{"a":0,"k":[0,0],"ix":1},"s":{"a":0,"k":[100,100],"ix":3},"r":{"a":0,"k":0,"ix":6},"o":{"a":0,"k":100,"ix":7},"sk":{"a":0,"k":0,"ix":4},"sa":{"a":0,"k":0,"ix":5},"nm":"Transformar"}],"nm":"Grupo 1","np":2,"cix":2,"bm":0,"ix":1,"mn":"ADBE Vector Group","hd":false}],"ip":0,"op":635,"st":0,"bm":0},{"ddd":0,"ind":11,"ty":4,"nm":"Paper 2 Color","parent":1,"sr":1,"ks":{"o":{"a":0,"k":100,"ix":11},"r":{"a":0,"k":0,"ix":10},"p":{"a":0,"k":[49.782,50,0],"ix":2,"l":2},"a":{"a":0,"k":[172.8,221.09,0],"ix":1,"l":2},"s":{"a":0,"k":[100,100,100],"ix":6,"l":2}},"ao":0,"shapes":[{"ty":"gr","it":[{"ind":0,"ty":"sh","ix":1,"ks":{"a":1,"k":[{"i":{"x":0.2,"y":1},"o":{"x":0.6,"y":0},"t":9,"s":[{"i":[[0,0],[0,0],[0,0],[-13.335,0],[0,0],[0,15.791],[0,0],[13.335,0]],"o":[[0,0],[0,0],[0,13.335],[0,0],[15.791,0],[0,0],[0,-13.335],[0,0]],"v":[[-60.567,-181.235],[-132.987,-102.331],[-132.8,156.946],[-108.655,181.09],[104.207,181.09],[132.799,152.498],[132.8,-156.945],[108.654,-181.09]],"c":true}]},{"i":{"x":0.2,"y":1},"o":{"x":0.167,"y":0},"t":31.619,"s":[{"i":[[74.787,-0.308],[0.209,-14.169],[0,0],[-13.335,0],[0,0],[0,15.791],[0,0],[13.335,0]],"o":[[-14.59,0.06],[-0.291,109.831],[0,13.335],[0,0],[15.791,0],[0,0],[0,-13.335],[0,0]],"v":[[-108.692,-180.935],[-132.991,-156.831],[-132.8,156.946],[-108.655,181.091],[104.207,181.091],[132.799,152.499],[132.8,-156.945],[108.654,-181.09]],"c":true}]},{"i":{"x":0.2,"y":1},"o":{"x":0.167,"y":0},"t":46.044,"s":[{"i":[[74.787,-0.308],[0.209,-14.169],[0,0],[-13.335,0],[0,0],[0,15.791],[0,0],[13.335,0]],"o":[[-14.59,0.06],[-0.291,109.831],[0,13.335],[0,0],[15.791,0],[0,0],[0,-13.335],[0,0]],"v":[[-108.692,-180.935],[-132.991,-156.831],[-132.8,156.946],[-108.655,181.091],[104.207,181.091],[132.799,152.499],[132.8,-156.945],[108.654,-181.09]],"c":true}]},{"t":64.826171875,"s":[{"i":[[0,0],[0,0],[0,0],[-13.335,0],[0,0],[0,15.791],[0,0],[13.335,0]],"o":[[0,0],[0,0],[0,13.335],[0,0],[15.791,0],[0,0],[0,-13.335],[0,0]],"v":[[-60.567,-181.235],[-132.987,-102.331],[-132.8,156.946],[-108.655,181.09],[104.207,181.09],[132.799,152.499],[132.8,-156.945],[108.654,-181.09]],"c":true}]}],"ix":2},"nm":"Trazado 1","mn":"ADBE Vector Shape - Group","hd":false},{"ty":"fl","c":{"a":0,"k":[1,1,1,1],"ix":4},"o":{"a":0,"k":100,"ix":5},"r":1,"bm":0,"nm":"Relleno 1","mn":"ADBE Vector Graphic - Fill","hd":false},{"ty":"st","c":{"a":0,"k":[0.019608000213,0.16470600203,0.458824008119,1],"ix":3},"o":{"a":0,"k":100,"ix":4},"w":{"a":0,"k":16,"ix":5},"lc":2,"lj":2,"bm":0,"nm":"Trazo 1","mn":"ADBE Vector Graphic - Stroke","hd":true},{"ty":"tr","p":{"a":0,"k":[172.8,221.09],"ix":2},"a":{"a":0,"k":[0,0],"ix":1},"s":{"a":0,"k":[100,100],"ix":3},"r":{"a":0,"k":0,"ix":6},"o":{"a":0,"k":100,"ix":7},"sk":{"a":0,"k":0,"ix":4},"sa":{"a":0,"k":0,"ix":5},"nm":"Transformar"}],"nm":"Grupo 1","np":3,"cix":2,"bm":0,"ix":1,"mn":"ADBE Vector Group","hd":false}],"ip":0,"op":81,"st":0,"bm":0},{"ddd":0,"ind":12,"ty":3,"nm":"Zero | troke width - Color Ctrl","hd":true,"sr":1,"ks":{"o":{"a":0,"k":0,"ix":11},"r":{"a":0,"k":0,"ix":10},"p":{"a":0,"k":[250,250,0],"ix":2,"l":2},"a":{"a":0,"k":[0,0,0],"ix":1,"l":2},"s":{"a":0,"k":[100,100,100],"ix":6,"l":2}},"ao":0,"ip":0,"op":75,"st":0,"bm":0}],"markers":[]}