{"v":"5.7.4","fr":24,"ip":0,"op":49,"w":500,"h":500,"nm":"48-Wallet security","ddd":0,"assets":[],"layers":[{"ddd":0,"ind":1,"ty":3,"nm":"Main Stroke width - Color Ctrl","sr":1,"ks":{"o":{"a":0,"k":100,"ix":11},"r":{"a":0,"k":0,"ix":10},"p":{"a":0,"k":[250,250,0],"ix":2,"l":2},"a":{"a":0,"k":[250,250,0],"ix":1,"l":2},"s":{"a":0,"k":[100,100,100],"ix":6,"l":2}},"ao":0,"ef":[{"ty":5,"nm":"Stroke width","np":3,"mn":"ADBE Slider Control","ix":1,"en":1,"ef":[{"ty":0,"nm":"Slider","mn":"ADBE Slider Control-0001","ix":1,"v":{"a":0,"k":16,"ix":1}}]},{"ty":5,"nm":"Base Color","np":3,"mn":"ADBE Color Control","ix":2,"en":1,"ef":[{"ty":2,"nm":"Color","mn":"ADBE Color Control-0001","ix":1,"v":{"a":0,"k":[0,0,0,1],"ix":1,"x":"var $bm_rt;\n$bm_rt = effect('Base Color')('Color');"}}]},{"ty":5,"nm":"Highlight","np":3,"mn":"ADBE Color Control","ix":3,"en":1,"ef":[{"ty":2,"nm":"Color","mn":"ADBE Color Control-0001","ix":1,"v":{"a":0,"k":[0.20000000298,0.800000011921,0.800000011921,1],"ix":1,"x":"var $bm_rt;\n$bm_rt = effect('Highlight')('Color');"}}]}],"ip":0,"op":49,"st":0,"bm":0},{"ddd":0,"ind":2,"ty":4,"nm":"48-Wallet security","sr":1,"ks":{"o":{"a":0,"k":100,"ix":11},"r":{"a":0,"k":0,"ix":10},"p":{"a":0,"k":[249.997,250,0],"ix":2,"l":2},"a":{"a":0,"k":[249.997,250,0],"ix":1,"l":2},"s":{"a":0,"k":[100,100,100],"ix":6,"l":2}},"ao":0,"shapes":[{"ty":"gr","it":[{"ind":0,"ty":"sh","ix":1,"ks":{"a":1,"k":[{"i":{"x":0.5,"y":1},"o":{"x":0.5,"y":0},"t":0,"s":[{"i":[[0,0],[0,0],[0,0]],"o":[[0,0],[0,0],[0,0]],"v":[[-26.622,0.771],[-9.389,18.005],[26.622,-18.005]],"c":false}]},{"i":{"x":0.5,"y":1},"o":{"x":0.5,"y":0},"t":15,"s":[{"i":[[0,0],[0,0],[0,0]],"o":[[0,0],[0,0],[0,0]],"v":[[-32.77,-41.781],[-10.785,-19.795],[35.154,-65.734]],"c":false}]},{"i":{"x":0.5,"y":1},"o":{"x":0.5,"y":0},"t":30,"s":[{"i":[[0,0],[0,0],[0,0]],"o":[[0,0],[0,0],[0,0]],"v":[[-32.77,-41.781],[-10.785,-19.795],[35.154,-65.734]],"c":false}]},{"t":46,"s":[{"i":[[0,0],[0,0],[0,0]],"o":[[0,0],[0,0],[0,0]],"v":[[-26.622,0.771],[-9.389,18.005],[26.622,-18.005]],"c":false}]}],"ix":2},"nm":"Path 1","mn":"ADBE Vector Shape - Group","hd":false},{"ind":1,"ty":"sh","ix":2,"ks":{"a":1,"k":[{"i":{"x":0.5,"y":1},"o":{"x":0.5,"y":0},"t":0,"s":[{"i":[[0,0],[0,23.501],[0,0],[0,0],[0,0],[0,0],[18.709,-14.117],[0,0],[0,0]],"o":[[-18.728,-14.118],[0,0],[0,0],[0,0],[0,0],[0,23.484],[0,0],[0,0],[0,0]],"v":[[-63.337,65.427],[-88.494,5.224],[-88.494,-62.815],[-4.324,-100.769],[79.847,-62.803],[79.847,5.247],[54.718,65.422],[-4.284,109.943],[-63.337,65.427]],"c":false}]},{"i":{"x":0.5,"y":1},"o":{"x":0.5,"y":0},"t":15,"s":[{"i":[[0,0],[0,29.98],[0,0],[0,0],[0,0],[0,0],[23.867,-18.009],[0,0],[0,0]],"o":[[-23.891,-18.01],[0,0],[0,0],[0,0],[0,0],[0,29.959],[0,0],[0,0],[0,0]],"v":[[-79.608,40.701],[-111.701,-36.101],[-111.701,-122.898],[-4.324,-171.316],[103.053,-122.883],[103.053,-36.071],[70.997,40.695],[-4.273,97.491],[-79.608,40.701]],"c":false}]},{"i":{"x":0.5,"y":1},"o":{"x":0.5,"y":0},"t":30,"s":[{"i":[[0,0],[0,29.98],[0,0],[0,0],[0,0],[0,0],[23.867,-18.009],[0,0],[0,0]],"o":[[-23.891,-18.01],[0,0],[0,0],[0,0],[0,0],[0,29.959],[0,0],[0,0],[0,0]],"v":[[-79.608,40.701],[-111.701,-36.101],[-111.701,-122.898],[-4.324,-171.316],[103.053,-122.883],[103.053,-36.071],[70.997,40.695],[-4.273,97.491],[-79.608,40.701]],"c":false}]},{"t":46,"s":[{"i":[[0,0],[0,23.501],[0,0],[0,0],[0,0],[0,0],[18.709,-14.117],[0,0],[0,0]],"o":[[-18.728,-14.118],[0,0],[0,0],[0,0],[0,0],[0,23.484],[0,0],[0,0],[0,0]],"v":[[-63.337,65.427],[-88.494,5.224],[-88.494,-62.815],[-4.324,-100.769],[79.847,-62.803],[79.847,5.247],[54.718,65.422],[-4.284,109.943],[-63.337,65.427]],"c":false}]}],"ix":2},"nm":"Path 2","mn":"ADBE Vector Shape - Group","hd":false},{"ty":"st","c":{"a":0,"k":[0.20000000298,0.800000011921,0.800000011921,1],"ix":3,"x":"var $bm_rt;\n$bm_rt = thisComp.layer('Main Stroke width - Color Ctrl').effect('Highlight')('Color');"},"o":{"a":0,"k":100,"ix":4},"w":{"a":0,"k":22,"ix":5,"x":"var $bm_rt;\n$bm_rt = thisComp.layer('Main Stroke width - Color Ctrl').effect('Stroke width')('Slider');"},"lc":2,"lj":2,"bm":0,"nm":"Stroke 1","mn":"ADBE Vector Graphic - Stroke","hd":false},{"ty":"tr","p":{"a":0,"k":[255.864,333.816],"ix":2},"a":{"a":0,"k":[0,0],"ix":1},"s":{"a":0,"k":[100,100],"ix":3},"r":{"a":0,"k":0,"ix":6},"o":{"a":0,"k":100,"ix":7},"sk":{"a":0,"k":0,"ix":4},"sa":{"a":0,"k":0,"ix":5},"nm":"Transform"}],"nm":"Shield","np":3,"cix":2,"bm":0,"ix":1,"mn":"ADBE Vector Group","hd":false},{"ty":"gr","it":[{"ind":0,"ty":"sh","ix":1,"ks":{"a":0,"k":{"i":[[0,0],[0,-25.622],[-27.565,-0.118]],"o":[[-27.566,0.116],[0,25.621],[0,0]],"v":[[25.04,-46.714],[-25.04,0],[25.037,46.714]],"c":false},"ix":2},"nm":"Path 1","mn":"ADBE Vector Shape - Group","hd":false},{"ind":1,"ty":"sh","ix":2,"ks":{"a":1,"k":[{"i":{"x":0.5,"y":1},"o":{"x":0.5,"y":0},"t":0,"s":[{"i":[[0,0],[0,0],[0,0]],"o":[[0,0],[0,0],[0,0]],"v":[[-338.878,-136.054],[-15.859,-209.5],[-15.859,-136.051]],"c":false}]},{"i":{"x":0.5,"y":1},"o":{"x":0.5,"y":0},"t":15,"s":[{"i":[[0,0],[0,0],[0,0]],"o":[[0,0],[0,0],[0,0]],"v":[[-338.878,-136.054],[21.151,-142.275],[21.141,-135.826]],"c":false}]},{"i":{"x":0.5,"y":1},"o":{"x":0.5,"y":0},"t":30,"s":[{"i":[[0,0],[0,0],[0,0]],"o":[[0,0],[0,0],[0,0]],"v":[[-338.878,-136.054],[21.151,-142.275],[21.141,-135.826]],"c":false}]},{"t":46,"s":[{"i":[[0,0],[0,0],[0,0]],"o":[[0,0],[0,0],[0,0]],"v":[[-338.878,-136.054],[-15.859,-209.5],[-15.859,-136.051]],"c":false}]}],"ix":2},"nm":"Path 2","mn":"ADBE Vector Shape - Group","hd":false},{"ind":2,"ty":"sh","ix":3,"ks":{"a":1,"k":[{"i":{"x":0.5,"y":1},"o":{"x":0.5,"y":0},"t":0,"s":[{"i":[[0,0],[0,0],[0,0],[0,0],[0,0],[0,0]],"o":[[0,0],[0,0],[0,0],[0,0],[0,0],[0,0]],"v":[[-99.506,135.892],[25.04,135.892],[25.04,-136.05],[-338.873,-136.05],[-338.873,135.892],[-211.219,135.892]],"c":false}]},{"i":{"x":0.5,"y":1},"o":{"x":0.5,"y":0},"t":15,"s":[{"i":[[0,0],[0,0],[0,0],[0,0],[0,0],[0,0]],"o":[[0,0],[0,0],[0,0],[0,0],[0,0],[0,0]],"v":[[-116.103,135.825],[25.04,135.892],[25.04,-136.05],[-338.873,-136.05],[-338.873,135.892],[-194.616,134.825]],"c":false}]},{"i":{"x":0.5,"y":1},"o":{"x":0.5,"y":0},"t":30,"s":[{"i":[[0,0],[0,0],[0,0],[0,0],[0,0],[0,0]],"o":[[0,0],[0,0],[0,0],[0,0],[0,0],[0,0]],"v":[[-116.103,135.825],[25.04,135.892],[25.04,-136.05],[-338.873,-136.05],[-338.873,135.892],[-194.616,134.825]],"c":false}]},{"t":46,"s":[{"i":[[0,0],[0,0],[0,0],[0,0],[0,0],[0,0]],"o":[[0,0],[0,0],[0,0],[0,0],[0,0],[0,0]],"v":[[-99.506,135.892],[25.04,135.892],[25.04,-136.05],[-338.873,-136.05],[-338.873,135.892],[-211.219,135.892]],"c":false}]}],"ix":2},"nm":"Path 3","mn":"ADBE Vector Shape - Group","hd":false},{"ty":"st","c":{"a":0,"k":[0,0,0,1],"ix":3,"x":"var $bm_rt;\n$bm_rt = thisComp.layer('Main Stroke width - Color Ctrl').effect('Base Color')('Color');"},"o":{"a":0,"k":100,"ix":4},"w":{"a":0,"k":22,"ix":5,"x":"var $bm_rt;\n$bm_rt = thisComp.layer('Main Stroke width - Color Ctrl').effect('Stroke width')('Slider');"},"lc":1,"lj":2,"bm":0,"nm":"Stroke 1","mn":"ADBE Vector Graphic - Stroke","hd":false},{"ty":"tr","p":{"a":0,"k":[406.916,265.741],"ix":2},"a":{"a":0,"k":[0,0],"ix":1},"s":{"a":0,"k":[100,100],"ix":3},"r":{"a":0,"k":0,"ix":6},"o":{"a":0,"k":100,"ix":7},"sk":{"a":0,"k":0,"ix":4},"sa":{"a":0,"k":0,"ix":5},"nm":"Transform"}],"nm":"Wallet","np":4,"cix":2,"bm":0,"ix":2,"mn":"ADBE Vector Group","hd":false}],"ip":0,"op":49,"st":0,"bm":0}],"markers":[]}